Time Step,Time,SWE_mm
0,2018-10-01 00:00:00,0.000000000
1,2018-10-01 01:00:00,0.000000000
2,2018-10-01 02:00:00,0.000000000
3,2018-10-01 03:00:00,0.000000000
4,2018-10-01 04:00:00,0.000000000
5,2018-10-01 05:00:00,0.000000000
6,2018-10-01 06:00:00,0.000000000
7,2018-10-01 07:00:00,0.000000000
8,2018-10-01 08:00:00,0.000000000
9,2018-10-01 09:00:00,0.000000000
10,2018-10-01 10:00:00,0.000000000
11,2018-10-01 11:00:00,0.000000000
12,2018-10-01 12:00:00,0.000000000
13,2018-10-01 13:00:00,0.000000000
14,2018-10-01 14:00:00,0.000000000
15,2018-10-01 15:00:00,0.000000000
16,2018-10-01 16:00:00,0.000000000
17,2018-10-01 17:00:00,0.000000000
18,2018-10-01 18:00:00,0.000000000
19,2018-10-01 19:00:00,0.000000000
20,2018-10-01 20:00:00,0.000000000
21,2018-10-01 21:00:00,0.000000000
22,2018-10-01 22:00:00,0.000000000
23,2018-10-01 23:00:00,0.000000000
24,2018-10-02 00:00:00,0.000000000
25,2018-10-02 01:00:00,0.000000000
26,2018-10-02 02:00:00,0.000000000
27,2018-10-02 03:00:00,0.000000000
28,2018-10-02 04:00:00,0.000000000
29,2018-10-02 05:00:00,0.000000000
30,2018-10-02 06:00:00,0.000000000
31,2018-10-02 07:00:00,0.000000000
32,2018-10-02 08:00:00,0.000000000
33,2018-10-02 09:00:00,0.000000000
34,2018-10-02 10:00:00,0.000000000
35,2018-10-02 11:00:00,0.000000000
36,2018-10-02 12:00:00,0.000000000
37,2018-10-02 13:00:00,0.000000000
38,2018-10-02 14:00:00,0.000000000
39,2018-10-02 15:00:00,0.000000000
40,2018-10-02 16:00:00,0.000000000
41,2018-10-02 17:00:00,0.000000000
42,2018-10-02 18:00:00,0.000000000
43,2018-10-02 19:00:00,0.000000000
44,2018-10-02 20:00:00,0.000000000
45,2018-10-02 21:00:00,0.000000000
46,2018-10-02 22:00:00,0.000000000
47,2018-10-02 23:00:00,0.000000000
48,2018-10-03 00:00:00,0.000000000
49,2018-10-03 01:00:00,0.000000000
50,2018-10-03 02:00:00,0.000000000
51,2018-10-03 03:00:00,0.000000000
52,2018-10-03 04:00:00,0.000000000
53,2018-10-03 05:00:00,0.000000000
54,2018-10-03 06:00:00,0.000000000
55,2018-10-03 07:00:00,0.000000000
56,2018-10-03 08:00:00,0.000000000
57,2018-10-03 09:00:00,0.000000000
58,2018-10-03 10:00:00,0.000000000
59,2018-10-03 11:00:00,0.000000000
60,2018-10-03 12:00:00,0.000000000
61,2018-10-03 13:00:00,0.000000000
62,2018-10-03 14:00:00,0.000000000
63,2018-10-03 15:00:00,0.000000000
64,2018-10-03 16:00:00,0.000000000
65,2018-10-03 17:00:00,0.000000000
66,2018-10-03 18:00:00,0.000000000
67,2018-10-03 19:00:00,0.000000000
68,2018-10-03 20:00:00,0.000000000
69,2018-10-03 21:00:00,0.000000000
70,2018-10-03 22:00:00,0.000000000
71,2018-10-03 23:00:00,0.000000000
72,2018-10-04 00:00:00,0.000000000
73,2018-10-04 01:00:00,0.000000000
74,2018-10-04 02:00:00,0.000000000
75,2018-10-04 03:00:00,0.000000000
76,2018-10-04 04:00:00,0.000000000
77,2018-10-04 05:00:00,0.000000000
78,2018-10-04 06:00:00,0.000000000
79,2018-10-04 07:00:00,0.000000000
80,2018-10-04 08:00:00,0.000000000
81,2018-10-04 09:00:00,0.000000000
82,2018-10-04 10:00:00,0.000000000
83,2018-10-04 11:00:00,0.000000000
84,2018-10-04 12:00:00,0.000000000
85,2018-10-04 13:00:00,0.000000000
86,2018-10-04 14:00:00,0.000000000
87,2018-10-04 15:00:00,0.000000000
88,2018-10-04 16:00:00,0.000000000
89,2018-10-04 17:00:00,0.000000000
90,2018-10-04 18:00:00,0.000000000
91,2018-10-04 19:00:00,0.000000000
92,2018-10-04 20:00:00,0.000000000
93,2018-10-04 21:00:00,0.000000000
94,2018-10-04 22:00:00,0.000000000
95,2018-10-04 23:00:00,0.000000000
96,2018-10-05 00:00:00,0.000000000
97,2018-10-05 01:00:00,0.000000000
98,2018-10-05 02:00:00,0.000000000
99,2018-10-05 03:00:00,0.000000000
100,2018-10-05 04:00:00,0.000000000
101,2018-10-05 05:00:00,0.000000000
102,2018-10-05 06:00:00,0.000000000
103,2018-10-05 07:00:00,0.000000000
104,2018-10-05 08:00:00,0.000000000
105,2018-10-05 09:00:00,0.000000000
106,2018-10-05 10:00:00,0.000000000
107,2018-10-05 11:00:00,0.000000000
108,2018-10-05 12:00:00,0.000000000
109,2018-10-05 13:00:00,0.000000000
110,2018-10-05 14:00:00,0.000000000
111,2018-10-05 15:00:00,0.000000000
112,2018-10-05 16:00:00,0.000000000
113,2018-10-05 17:00:00,0.000000000
114,2018-10-05 18:00:00,0.000000000
115,2018-10-05 19:00:00,0.000000000
116,2018-10-05 20:00:00,0.000000000
117,2018-10-05 21:00:00,0.000000000
118,2018-10-05 22:00:00,0.009386120
119,2018-10-05 23:00:00,0.011965400
120,2018-10-06 00:00:00,0.001495231
121,2018-10-06 01:00:00,0.000909986
122,2018-10-06 02:00:00,0.000666774
123,2018-10-06 03:00:00,0.000549960
124,2018-10-06 04:00:00,0.000435014
125,2018-10-06 05:00:00,0.000473255
126,2018-10-06 06:00:00,0.000574243
127,2018-10-06 07:00:00,0.000527874
128,2018-10-06 08:00:00,0.000477877
129,2018-10-06 09:00:00,0.000475134
130,2018-10-06 10:00:00,0.000822676
131,2018-10-06 11:00:00,0.000328279
132,2018-10-06 12:00:00,0.004412773
133,2018-10-06 13:00:00,0.011678245
134,2018-10-06 14:00:00,0.017474186
135,2018-10-06 15:00:00,0.015410914
136,2018-10-06 16:00:00,0.001064217
137,2018-10-06 17:00:00,0.001503832
138,2018-10-06 18:00:00,0.111463659
139,2018-10-06 19:00:00,0.025285069
140,2018-10-06 20:00:00,0.019700678
141,2018-10-06 21:00:00,0.013618215
142,2018-10-06 22:00:00,0.007155975
143,2018-10-06 23:00:00,0.004724220
144,2018-10-07 00:00:00,0.001348668
145,2018-10-07 01:00:00,0.001139083
146,2018-10-07 02:00:00,0.000702319
147,2018-10-07 03:00:00,0.000376122
148,2018-10-07 04:00:00,0.000384195
149,2018-10-07 05:00:00,0.000277528
150,2018-10-07 06:00:00,0.000203732
151,2018-10-07 07:00:00,0.000182912
152,2018-10-07 08:00:00,0.000141103
153,2018-10-07 09:00:00,0.000111144
154,2018-10-07 10:00:00,0.000104888
155,2018-10-07 11:00:00,0.147283792
156,2018-10-07 12:00:00,1.018121958
157,2018-10-07 13:00:00,1.363857388
158,2018-10-07 14:00:00,1.891208529
159,2018-10-07 15:00:00,3.014621019
160,2018-10-07 16:00:00,3.752521753
161,2018-10-07 17:00:00,4.291999817
162,2018-10-07 18:00:00,4.652181625
163,2018-10-07 19:00:00,4.887486458
164,2018-10-07 20:00:00,5.313125610
165,2018-10-07 21:00:00,5.454989910
166,2018-10-07 22:00:00,5.704994202
167,2018-10-07 23:00:00,6.161395073
168,2018-10-08 00:00:00,6.986786842
169,2018-10-08 01:00:00,7.714070320
170,2018-10-08 02:00:00,8.229963303
171,2018-10-08 03:00:00,8.745129585
172,2018-10-08 04:00:00,8.983278275
173,2018-10-08 05:00:00,9.140462875
174,2018-10-08 06:00:00,9.278723717
175,2018-10-08 07:00:00,9.343370438
176,2018-10-08 08:00:00,9.452429771
177,2018-10-08 09:00:00,9.599913597
178,2018-10-08 10:00:00,9.648683548
179,2018-10-08 11:00:00,9.931428909
180,2018-10-08 12:00:00,11.128513336
181,2018-10-08 13:00:00,11.362743378
182,2018-10-08 14:00:00,11.836046219
183,2018-10-08 15:00:00,12.285785675
184,2018-10-08 16:00:00,13.406194687
185,2018-10-08 17:00:00,15.043983459
186,2018-10-08 18:00:00,15.770021439
187,2018-10-08 19:00:00,16.724275589
188,2018-10-08 20:00:00,18.117450714
189,2018-10-08 21:00:00,18.601982117
190,2018-10-08 22:00:00,18.941082001
191,2018-10-08 23:00:00,19.210441589
192,2018-10-09 00:00:00,19.288784027
193,2018-10-09 01:00:00,19.465662003
194,2018-10-09 02:00:00,19.528450012
195,2018-10-09 03:00:00,19.560255051
196,2018-10-09 04:00:00,19.608484268
197,2018-10-09 05:00:00,19.637540817
198,2018-10-09 06:00:00,19.649635315
199,2018-10-09 07:00:00,19.676307678
200,2018-10-09 08:00:00,19.735340118
201,2018-10-09 09:00:00,19.786590576
202,2018-10-09 10:00:00,19.812524796
203,2018-10-09 11:00:00,19.868616104
204,2018-10-09 12:00:00,19.923664093
205,2018-10-09 13:00:00,19.984691620
206,2018-10-09 14:00:00,20.029472351
207,2018-10-09 15:00:00,20.079071045
208,2018-10-09 16:00:00,20.118618011
209,2018-10-09 17:00:00,20.141315460
210,2018-10-09 18:00:00,20.851188660
211,2018-10-09 19:00:00,21.601421356
212,2018-10-09 20:00:00,21.953805923
213,2018-10-09 21:00:00,22.055278778
214,2018-10-09 22:00:00,21.954517365
215,2018-10-09 23:00:00,21.947572708
216,2018-10-10 00:00:00,21.951393127
217,2018-10-10 01:00:00,22.098274231
218,2018-10-10 02:00:00,22.284667969
219,2018-10-10 03:00:00,22.210165024
220,2018-10-10 04:00:00,22.153774261
221,2018-10-10 05:00:00,22.129417419
222,2018-10-10 06:00:00,22.069160461
223,2018-10-10 07:00:00,22.001976013
224,2018-10-10 08:00:00,22.044878006
225,2018-10-10 09:00:00,22.012084961
226,2018-10-10 10:00:00,21.991331100
227,2018-10-10 11:00:00,21.959064484
228,2018-10-10 12:00:00,22.046062469
229,2018-10-10 13:00:00,23.830307007
230,2018-10-10 14:00:00,25.647199631
231,2018-10-10 15:00:00,28.442932129
232,2018-10-10 16:00:00,31.044519424
233,2018-10-10 17:00:00,33.112716675
234,2018-10-10 18:00:00,33.077537537
235,2018-10-10 19:00:00,35.161434174
236,2018-10-10 20:00:00,35.321144104
237,2018-10-10 21:00:00,35.156860352
238,2018-10-10 22:00:00,34.877067566
239,2018-10-10 23:00:00,34.785079956
240,2018-10-11 00:00:00,34.691993713
241,2018-10-11 01:00:00,34.587211609
242,2018-10-11 02:00:00,34.475082397
243,2018-10-11 03:00:00,34.358264923
244,2018-10-11 04:00:00,34.238037109
245,2018-10-11 05:00:00,34.117610931
246,2018-10-11 06:00:00,33.994144440
247,2018-10-11 07:00:00,33.873523712
248,2018-10-11 08:00:00,33.756946564
249,2018-10-11 09:00:00,33.694091797
250,2018-10-11 10:00:00,33.589988708
251,2018-10-11 11:00:00,33.491519928
252,2018-10-11 12:00:00,33.386260986
253,2018-10-11 13:00:00,33.290252686
254,2018-10-11 14:00:00,33.288196564
255,2018-10-11 15:00:00,33.292667389
256,2018-10-11 16:00:00,33.338844299
257,2018-10-11 17:00:00,33.927917480
258,2018-10-11 18:00:00,34.922840118
259,2018-10-11 19:00:00,35.505237579
260,2018-10-11 20:00:00,38.404846191
261,2018-10-11 21:00:00,39.136676788
262,2018-10-11 22:00:00,38.575714111
263,2018-10-11 23:00:00,38.720165253
264,2018-10-12 00:00:00,39.100776672
265,2018-10-12 01:00:00,38.788784027
266,2018-10-12 02:00:00,38.644302368
267,2018-10-12 03:00:00,38.479095459
268,2018-10-12 04:00:00,38.338439941
269,2018-10-12 05:00:00,38.132968903
270,2018-10-12 06:00:00,37.939231873
271,2018-10-12 07:00:00,37.753700256
272,2018-10-12 08:00:00,37.587585449
273,2018-10-12 09:00:00,37.451519012
274,2018-10-12 10:00:00,37.316368103
275,2018-10-12 11:00:00,37.190689087
276,2018-10-12 12:00:00,37.076618195
277,2018-10-12 13:00:00,36.967166901
278,2018-10-12 14:00:00,36.858673096
279,2018-10-12 15:00:00,36.748672485
280,2018-10-12 16:00:00,36.631183624
281,2018-10-12 17:00:00,36.496704102
282,2018-10-12 18:00:00,36.318431854
283,2018-10-12 19:00:00,36.082023621
284,2018-10-12 20:00:00,35.399028778
285,2018-10-12 21:00:00,34.632698059
286,2018-10-12 22:00:00,33.629917145
287,2018-10-12 23:00:00,32.957767487
288,2018-10-13 00:00:00,32.391693115
289,2018-10-13 01:00:00,31.906509399
290,2018-10-13 02:00:00,31.485015869
291,2018-10-13 03:00:00,31.120439529
292,2018-10-13 04:00:00,30.805664062
293,2018-10-13 05:00:00,30.533014297
294,2018-10-13 06:00:00,30.295194626
295,2018-10-13 07:00:00,30.090633392
296,2018-10-13 08:00:00,29.915691376
297,2018-10-13 09:00:00,29.766506195
298,2018-10-13 10:00:00,29.641109467
299,2018-10-13 11:00:00,29.532356262
300,2018-10-13 12:00:00,29.441364288
301,2018-10-13 13:00:00,29.365369797
302,2018-10-13 14:00:00,29.302709579
303,2018-10-13 15:00:00,29.249662399
304,2018-10-13 16:00:00,29.195653915
305,2018-10-13 17:00:00,29.124160767
306,2018-10-13 18:00:00,29.006788254
307,2018-10-13 19:00:00,28.825256348
308,2018-10-13 20:00:00,28.565046310
309,2018-10-13 21:00:00,27.970001221
310,2018-10-13 22:00:00,27.097141266
311,2018-10-13 23:00:00,26.502901077
312,2018-10-14 00:00:00,26.006721497
313,2018-10-14 01:00:00,25.591196060
314,2018-10-14 02:00:00,25.234914780
315,2018-10-14 03:00:00,24.925632477
316,2018-10-14 04:00:00,24.656192780
317,2018-10-14 05:00:00,24.421043396
318,2018-10-14 06:00:00,24.218748093
319,2018-10-14 07:00:00,24.045246124
320,2018-10-14 08:00:00,23.899810791
321,2018-10-14 09:00:00,23.785684586
322,2018-10-14 10:00:00,23.694196701
323,2018-10-14 11:00:00,23.618291855
324,2018-10-14 12:00:00,23.553241730
325,2018-10-14 13:00:00,23.495634079
326,2018-10-14 14:00:00,23.447757721
327,2018-10-14 15:00:00,23.408010483
328,2018-10-14 16:00:00,23.352035522
329,2018-10-14 17:00:00,23.272066116
330,2018-10-14 18:00:00,23.157846451
331,2018-10-14 19:00:00,23.000595093
332,2018-10-14 20:00:00,22.773546219
333,2018-10-14 21:00:00,22.337902069
334,2018-10-14 22:00:00,21.759916306
335,2018-10-14 23:00:00,21.363214493
336,2018-10-15 00:00:00,21.029056549
337,2018-10-15 01:00:00,20.749259949
338,2018-10-15 02:00:00,20.509111404
339,2018-10-15 03:00:00,20.313241959
340,2018-10-15 04:00:00,20.140205383
341,2018-10-15 05:00:00,19.989257812
342,2018-10-15 06:00:00,19.863431931
343,2018-10-15 07:00:00,19.760925293
344,2018-10-15 08:00:00,19.677513123
345,2018-10-15 09:00:00,19.611507416
346,2018-10-15 10:00:00,19.561590195
347,2018-10-15 11:00:00,19.527227402
348,2018-10-15 12:00:00,19.503782272
349,2018-10-15 13:00:00,19.489194870
350,2018-10-15 14:00:00,19.482391357
351,2018-10-15 15:00:00,19.479730606
352,2018-10-15 16:00:00,19.470325470
353,2018-10-15 17:00:00,19.434488297
354,2018-10-15 18:00:00,19.344966888
355,2018-10-15 19:00:00,19.183195114
356,2018-10-15 20:00:00,19.615123749
357,2018-10-15 21:00:00,20.123106003
358,2018-10-15 22:00:00,20.592571259
359,2018-10-15 23:00:00,20.578489304
360,2018-10-16 00:00:00,20.425987244
361,2018-10-16 01:00:00,20.278923035
362,2018-10-16 02:00:00,20.138952255
363,2018-10-16 03:00:00,20.034229279
364,2018-10-16 04:00:00,19.967342377
365,2018-10-16 05:00:00,19.932533264
366,2018-10-16 06:00:00,19.897798538
367,2018-10-16 07:00:00,19.863067627
368,2018-10-16 08:00:00,19.841297150
369,2018-10-16 09:00:00,19.821304321
370,2018-10-16 10:00:00,19.798950195
371,2018-10-16 11:00:00,19.770484924
372,2018-10-16 12:00:00,19.741876602
373,2018-10-16 13:00:00,19.722398758
374,2018-10-16 14:00:00,19.710102081
375,2018-10-16 15:00:00,19.692615509
376,2018-10-16 16:00:00,19.667303085
377,2018-10-16 17:00:00,19.613264084
378,2018-10-16 18:00:00,19.515378952
379,2018-10-16 19:00:00,19.391807556
380,2018-10-16 20:00:00,19.201482773
381,2018-10-16 21:00:00,18.738937378
382,2018-10-16 22:00:00,17.740839005
383,2018-10-16 23:00:00,17.077419281
384,2018-10-17 00:00:00,16.648366928
385,2018-10-17 01:00:00,16.276538849
386,2018-10-17 02:00:00,15.906974792
387,2018-10-17 03:00:00,15.537298203
388,2018-10-17 04:00:00,15.224060059
389,2018-10-17 05:00:00,14.949318886
390,2018-10-17 06:00:00,14.699808121
391,2018-10-17 07:00:00,14.543720245
392,2018-10-17 08:00:00,14.411496162
393,2018-10-17 09:00:00,14.239908218
394,2018-10-17 10:00:00,14.074681282
395,2018-10-17 11:00:00,13.921875000
396,2018-10-17 12:00:00,13.783875465
397,2018-10-17 13:00:00,13.655184746
398,2018-10-17 14:00:00,13.589717865
399,2018-10-17 15:00:00,13.486520767
400,2018-10-17 16:00:00,13.384325027
401,2018-10-17 17:00:00,13.277972221
402,2018-10-17 18:00:00,13.149249077
403,2018-10-17 19:00:00,13.033163071
404,2018-10-17 20:00:00,12.776105881
405,2018-10-17 21:00:00,11.557003021
406,2018-10-17 22:00:00,8.782127380
407,2018-10-17 23:00:00,8.669645309
408,2018-10-18 00:00:00,8.602396011
409,2018-10-18 01:00:00,8.513832092
410,2018-10-18 02:00:00,8.470159531
411,2018-10-18 03:00:00,8.477260590
412,2018-10-18 04:00:00,8.596169472
413,2018-10-18 05:00:00,8.620183945
414,2018-10-18 06:00:00,8.668762207
415,2018-10-18 07:00:00,8.781181335
416,2018-10-18 08:00:00,9.307281494
417,2018-10-18 09:00:00,9.909687996
418,2018-10-18 10:00:00,10.220789909
419,2018-10-18 11:00:00,10.511550903
420,2018-10-18 12:00:00,10.830966949
421,2018-10-18 13:00:00,11.011033058
422,2018-10-18 14:00:00,11.118100166
423,2018-10-18 15:00:00,11.224021912
424,2018-10-18 16:00:00,11.262228012
425,2018-10-18 17:00:00,11.258660316
426,2018-10-18 18:00:00,11.253761292
427,2018-10-18 19:00:00,11.178443909
428,2018-10-18 20:00:00,10.863169670
429,2018-10-18 21:00:00,6.509794235
430,2018-10-18 22:00:00,2.170825243
431,2018-10-18 23:00:00,2.183129311
432,2018-10-19 00:00:00,2.199402809
433,2018-10-19 01:00:00,2.230105400
434,2018-10-19 02:00:00,2.258356571
435,2018-10-19 03:00:00,2.285121679
436,2018-10-19 04:00:00,2.309755802
437,2018-10-19 05:00:00,2.331808567
438,2018-10-19 06:00:00,2.352945089
439,2018-10-19 07:00:00,2.372397900
440,2018-10-19 08:00:00,2.392484903
441,2018-10-19 09:00:00,2.411301613
442,2018-10-19 10:00:00,2.429766655
443,2018-10-19 11:00:00,2.445538759
444,2018-10-19 12:00:00,2.459178448
445,2018-10-19 13:00:00,2.466433048
446,2018-10-19 14:00:00,2.470603228
447,2018-10-19 15:00:00,2.469216108
448,2018-10-19 16:00:00,2.454321861
449,2018-10-19 17:00:00,2.406086683
450,2018-10-19 18:00:00,2.306338549
451,2018-10-19 19:00:00,2.140577316
452,2018-10-19 20:00:00,1.975928545
453,2018-10-19 21:00:00,0.000914947
454,2018-10-19 22:00:00,0.000492640
455,2018-10-19 23:00:00,0.000172278
456,2018-10-20 00:00:00,0.000046638
457,2018-10-20 01:00:00,0.000066016
458,2018-10-20 02:00:00,0.000060708
459,2018-10-20 03:00:00,0.000050425
460,2018-10-20 04:00:00,0.000038164
461,2018-10-20 05:00:00,0.000028140
462,2018-10-20 06:00:00,0.000021892
463,2018-10-20 07:00:00,0.000016185
464,2018-10-20 08:00:00,0.000011156
465,2018-10-20 09:00:00,0.000002752
466,2018-10-20 10:00:00,0.000013168
467,2018-10-20 11:00:00,0.000006766
468,2018-10-20 12:00:00,0.000014551
469,2018-10-20 13:00:00,0.000016239
470,2018-10-20 14:00:00,0.000026323
471,2018-10-20 15:00:00,0.000020129
472,2018-10-20 16:00:00,0.000015280
473,2018-10-20 17:00:00,0.000018468
474,2018-10-20 18:00:00,0.000026876
475,2018-10-20 19:00:00,0.000031696
476,2018-10-20 20:00:00,0.000031774
477,2018-10-20 21:00:00,0.000026839
478,2018-10-20 22:00:00,0.000016447
479,2018-10-20 23:00:00,0.000009745
480,2018-10-21 00:00:00,0.000001951
481,2018-10-21 01:00:00,0.000001604
482,2018-10-21 02:00:00,0.000001789
483,2018-10-21 03:00:00,0.000001067
484,2018-10-21 04:00:00,0.000000000
485,2018-10-21 05:00:00,0.000003212
486,2018-10-21 06:00:00,0.002874546
487,2018-10-21 07:00:00,0.000005624
488,2018-10-21 08:00:00,0.000010407
489,2018-10-21 09:00:00,0.000336442
490,2018-10-21 10:00:00,0.000007883
491,2018-10-21 11:00:00,0.000006872
492,2018-10-21 12:00:00,0.000007646
493,2018-10-21 13:00:00,0.000011644
494,2018-10-21 14:00:00,0.000023274
495,2018-10-21 15:00:00,0.000020021
496,2018-10-21 16:00:00,0.000017343
497,2018-10-21 17:00:00,0.000017957
498,2018-10-21 18:00:00,0.000056892
499,2018-10-21 19:00:00,0.000070155
500,2018-10-21 20:00:00,0.000059076
501,2018-10-21 21:00:00,0.000052040
502,2018-10-21 22:00:00,0.000030732
503,2018-10-21 23:00:00,0.000017718
504,2018-10-22 00:00:00,0.000004002
505,2018-10-22 01:00:00,0.000002647
506,2018-10-22 02:00:00,0.000001652
507,2018-10-22 03:00:00,0.000000000
508,2018-10-22 04:00:00,0.000001660
509,2018-10-22 05:00:00,0.000001996
510,2018-10-22 06:00:00,0.000002796
511,2018-10-22 07:00:00,0.006559905
512,2018-10-22 08:00:00,0.015463684
513,2018-10-22 09:00:00,0.010902985
514,2018-10-22 10:00:00,0.014408375
515,2018-10-22 11:00:00,0.015631162
516,2018-10-22 12:00:00,0.011257224
517,2018-10-22 13:00:00,0.009690122
518,2018-10-22 14:00:00,0.006786370
519,2018-10-22 15:00:00,0.000022154
520,2018-10-22 16:00:00,0.000021505
521,2018-10-22 17:00:00,0.000051699
522,2018-10-22 18:00:00,0.000087260
523,2018-10-22 19:00:00,0.000082904
524,2018-10-22 20:00:00,0.000075426
525,2018-10-22 21:00:00,0.000055698
526,2018-10-22 22:00:00,0.000032770
527,2018-10-22 23:00:00,0.000016958
528,2018-10-23 00:00:00,0.000003831
529,2018-10-23 01:00:00,0.000002612
530,2018-10-23 02:00:00,0.363424808
531,2018-10-23 03:00:00,0.822972298
532,2018-10-23 04:00:00,0.683128893
533,2018-10-23 05:00:00,0.360554397
534,2018-10-23 06:00:00,0.691243768
535,2018-10-23 07:00:00,1.149092793
536,2018-10-23 08:00:00,1.738017321
537,2018-10-23 09:00:00,2.275494099
538,2018-10-23 10:00:00,2.659038544
539,2018-10-23 11:00:00,3.108280659
540,2018-10-23 12:00:00,3.749328852
541,2018-10-23 13:00:00,4.378181934
542,2018-10-23 14:00:00,4.792194366
543,2018-10-23 15:00:00,5.095060349
544,2018-10-23 16:00:00,5.410852909
545,2018-10-23 17:00:00,5.571115494
546,2018-10-23 18:00:00,6.369798660
547,2018-10-23 19:00:00,7.102588177
548,2018-10-23 20:00:00,6.283353806
549,2018-10-23 21:00:00,1.384314179
550,2018-10-23 22:00:00,1.642771244
551,2018-10-23 23:00:00,0.238480181
552,2018-10-24 00:00:00,0.481244355
553,2018-10-24 01:00:00,0.367803156
554,2018-10-24 02:00:00,0.352431715
555,2018-10-24 03:00:00,0.444865674
556,2018-10-24 04:00:00,0.588155210
557,2018-10-24 05:00:00,0.657589018
558,2018-10-24 06:00:00,0.649913251
559,2018-10-24 07:00:00,0.766124427
560,2018-10-24 08:00:00,0.945721388
561,2018-10-24 09:00:00,1.075521231
562,2018-10-24 10:00:00,1.056789756
563,2018-10-24 11:00:00,1.148560643
564,2018-10-24 12:00:00,1.306619406
565,2018-10-24 13:00:00,1.381527781
566,2018-10-24 14:00:00,1.481485605
567,2018-10-24 15:00:00,1.585219622
568,2018-10-24 16:00:00,1.546643138
569,2018-10-24 17:00:00,1.217108369
570,2018-10-24 18:00:00,0.482924551
571,2018-10-24 19:00:00,0.096292153
572,2018-10-24 20:00:00,0.073944181
573,2018-10-24 21:00:00,0.054724537
574,2018-10-24 22:00:00,0.040837158
575,2018-10-24 23:00:00,0.024233755
576,2018-10-25 00:00:00,0.006318422
577,2018-10-25 01:00:00,0.005149194
578,2018-10-25 02:00:00,0.004590057
579,2018-10-25 03:00:00,0.004877438
580,2018-10-25 04:00:00,0.004908464
581,2018-10-25 05:00:00,0.004524980
582,2018-10-25 06:00:00,0.004551243
583,2018-10-25 07:00:00,0.005533457
584,2018-10-25 08:00:00,0.005108339
585,2018-10-25 09:00:00,0.004269300
586,2018-10-25 10:00:00,0.004205590
587,2018-10-25 11:00:00,0.003988439
588,2018-10-25 12:00:00,0.003462592
589,2018-10-25 13:00:00,0.003277409
590,2018-10-25 14:00:00,0.003185117
591,2018-10-25 15:00:00,0.002872197
592,2018-10-25 16:00:00,0.001983330
593,2018-10-25 17:00:00,0.001758875
594,2018-10-25 18:00:00,0.002185697
595,2018-10-25 19:00:00,0.002568142
596,2018-10-25 20:00:00,0.027591994
597,2018-10-25 21:00:00,0.024708537
598,2018-10-25 22:00:00,0.009322515
599,2018-10-25 23:00:00,0.014487007
600,2018-10-26 00:00:00,0.002097944
601,2018-10-26 01:00:00,0.001943557
602,2018-10-26 02:00:00,0.001281222
603,2018-10-26 03:00:00,0.001125386
604,2018-10-26 04:00:00,0.001233607
605,2018-10-26 05:00:00,0.001378527
606,2018-10-26 06:00:00,0.001299903
607,2018-10-26 07:00:00,0.001217123
608,2018-10-26 08:00:00,0.000933064
609,2018-10-26 09:00:00,0.000700439
610,2018-10-26 10:00:00,0.000679754
611,2018-10-26 11:00:00,0.000978036
612,2018-10-26 12:00:00,0.001141980
613,2018-10-26 13:00:00,0.000990122
614,2018-10-26 14:00:00,0.001041066
615,2018-10-26 15:00:00,0.000880234
616,2018-10-26 16:00:00,0.000667795
617,2018-10-26 17:00:00,0.000523343
618,2018-10-26 18:00:00,0.000435275
619,2018-10-26 19:00:00,0.000388915
620,2018-10-26 20:00:00,0.000299943
621,2018-10-26 21:00:00,0.000208872
622,2018-10-26 22:00:00,0.000118320
623,2018-10-26 23:00:00,0.000063064
624,2018-10-27 00:00:00,0.000013267
625,2018-10-27 01:00:00,0.000007940
626,2018-10-27 02:00:00,0.000006077
627,2018-10-27 03:00:00,0.000004123
628,2018-10-27 04:00:00,0.000004272
629,2018-10-27 05:00:00,0.000003553
630,2018-10-27 06:00:00,0.000002809
631,2018-10-27 07:00:00,0.000002433
632,2018-10-27 08:00:00,0.000001898
633,2018-10-27 09:00:00,0.000001390
634,2018-10-27 10:00:00,0.000000000
635,2018-10-27 11:00:00,0.000000000
636,2018-10-27 12:00:00,0.000000000
637,2018-10-27 13:00:00,0.000000000
638,2018-10-27 14:00:00,0.000000000
639,2018-10-27 15:00:00,0.000000000
640,2018-10-27 16:00:00,0.000000000
641,2018-10-27 17:00:00,0.000000000
642,2018-10-27 18:00:00,0.000000000
643,2018-10-27 19:00:00,0.000000000
644,2018-10-27 20:00:00,0.000000000
645,2018-10-27 21:00:00,0.000000000
646,2018-10-27 22:00:00,0.000000000
647,2018-10-27 23:00:00,0.000000000
648,2018-10-28 00:00:00,0.000000000
649,2018-10-28 01:00:00,0.000000000
650,2018-10-28 02:00:00,0.000000000
651,2018-10-28 03:00:00,0.000000000
652,2018-10-28 04:00:00,0.000000000
653,2018-10-28 05:00:00,0.000000000
654,2018-10-28 06:00:00,0.000000000
655,2018-10-28 07:00:00,0.000000000
656,2018-10-28 08:00:00,0.000000000
657,2018-10-28 09:00:00,0.000000000
658,2018-10-28 10:00:00,0.000000000
659,2018-10-28 11:00:00,0.000000000
660,2018-10-28 12:00:00,0.000000000
661,2018-10-28 13:00:00,0.000000000
662,2018-10-28 14:00:00,0.000000000
663,2018-10-28 15:00:00,0.000000000
664,2018-10-28 16:00:00,0.000000000
665,2018-10-28 17:00:00,0.000000000
666,2018-10-28 18:00:00,0.000000000
667,2018-10-28 19:00:00,0.000000000
668,2018-10-28 20:00:00,0.000000000
669,2018-10-28 21:00:00,0.000000000
670,2018-10-28 22:00:00,0.000000000
671,2018-10-28 23:00:00,0.000000000
672,2018-10-29 00:00:00,0.000000000
673,2018-10-29 01:00:00,0.000000000
674,2018-10-29 02:00:00,0.000000000
675,2018-10-29 03:00:00,0.000000000
676,2018-10-29 04:00:00,0.000000000
677,2018-10-29 05:00:00,0.000000000
678,2018-10-29 06:00:00,0.000000000
679,2018-10-29 07:00:00,0.000000000
680,2018-10-29 08:00:00,0.000000000
681,2018-10-29 09:00:00,0.000000000
682,2018-10-29 10:00:00,0.000000000
683,2018-10-29 11:00:00,0.000000000
684,2018-10-29 12:00:00,0.000000000
685,2018-10-29 13:00:00,0.000000000
686,2018-10-29 14:00:00,0.000000000
687,2018-10-29 15:00:00,0.000000000
688,2018-10-29 16:00:00,0.000000000
689,2018-10-29 17:00:00,0.000000000
690,2018-10-29 18:00:00,0.000000000
691,2018-10-29 19:00:00,0.000000000
692,2018-10-29 20:00:00,0.000000000
693,2018-10-29 21:00:00,0.000000000
694,2018-10-29 22:00:00,0.000000000
695,2018-10-29 23:00:00,0.000000000
696,2018-10-30 00:00:00,0.000000000
697,2018-10-30 01:00:00,0.000000000
698,2018-10-30 02:00:00,0.000000000
699,2018-10-30 03:00:00,0.000000000
700,2018-10-30 04:00:00,0.000000000
701,2018-10-30 05:00:00,0.000000000
702,2018-10-30 06:00:00,0.000000000
703,2018-10-30 07:00:00,0.000000000
704,2018-10-30 08:00:00,0.000000000
705,2018-10-30 09:00:00,0.000000000
706,2018-10-30 10:00:00,0.000000000
707,2018-10-30 11:00:00,0.000000000
708,2018-10-30 12:00:00,0.000000000
709,2018-10-30 13:00:00,0.000000000
710,2018-10-30 14:00:00,0.000000000
711,2018-10-30 15:00:00,0.000000000
712,2018-10-30 16:00:00,0.000000000
713,2018-10-30 17:00:00,0.000000000
714,2018-10-30 18:00:00,0.000000000
715,2018-10-30 19:00:00,0.000000000
716,2018-10-30 20:00:00,0.000000000
717,2018-10-30 21:00:00,0.000000000
718,2018-10-30 22:00:00,0.000000000
719,2018-10-30 23:00:00,0.000000000
720,2018-10-31 00:00:00,0.037726488
721,2018-10-31 01:00:00,0.002502717
722,2018-10-31 02:00:00,0.490047961
723,2018-10-31 03:00:00,0.527138829
724,2018-10-31 04:00:00,0.548229992
725,2018-10-31 05:00:00,0.562864900
726,2018-10-31 06:00:00,0.966794848
727,2018-10-31 07:00:00,0.997598827
728,2018-10-31 08:00:00,1.414514542
729,2018-10-31 09:00:00,1.474987507
730,2018-10-31 10:00:00,1.686118603
731,2018-10-31 11:00:00,1.772963643
732,2018-10-31 12:00:00,2.762928009
733,2018-10-31 13:00:00,3.096757650
734,2018-10-31 14:00:00,3.260258436
735,2018-10-31 15:00:00,3.429931402
736,2018-10-31 16:00:00,3.708070517
737,2018-10-31 17:00:00,4.054408073
738,2018-10-31 18:00:00,4.326992035
739,2018-10-31 19:00:00,4.432014465
740,2018-10-31 20:00:00,3.947584152
741,2018-10-31 21:00:00,1.297515869
742,2018-10-31 22:00:00,1.441493988
743,2018-10-31 23:00:00,1.516441226
744,2018-11-01 00:00:00,1.529627323
745,2018-11-01 01:00:00,1.549620152
746,2018-11-01 02:00:00,1.567937016
747,2018-11-01 03:00:00,1.580538273
748,2018-11-01 04:00:00,1.591080785
749,2018-11-01 05:00:00,1.597147465
750,2018-11-01 06:00:00,1.602002382
751,2018-11-01 07:00:00,1.615343571
752,2018-11-01 08:00:00,1.620083690
753,2018-11-01 09:00:00,1.623608589
754,2018-11-01 10:00:00,1.624073505
755,2018-11-01 11:00:00,1.627536297
756,2018-11-01 12:00:00,1.634653687
757,2018-11-01 13:00:00,1.643061519
758,2018-11-01 14:00:00,1.655055523
759,2018-11-01 15:00:00,1.663010240
760,2018-11-01 16:00:00,1.664889336
761,2018-11-01 17:00:00,1.650800586
762,2018-11-01 18:00:00,1.619962811
763,2018-11-01 19:00:00,1.577123404
764,2018-11-01 20:00:00,1.510457993
765,2018-11-01 21:00:00,1.427517533
766,2018-11-01 22:00:00,1.348759532
767,2018-11-01 23:00:00,1.326542020
768,2018-11-02 00:00:00,1.310161233
769,2018-11-02 01:00:00,1.297216892
770,2018-11-02 02:00:00,1.287966490
771,2018-11-02 03:00:00,1.278841138
772,2018-11-02 04:00:00,1.270221949
773,2018-11-02 05:00:00,1.259898901
774,2018-11-02 06:00:00,1.242461443
775,2018-11-02 07:00:00,1.227914810
776,2018-11-02 08:00:00,1.208432555
777,2018-11-02 09:00:00,1.190955400
778,2018-11-02 10:00:00,1.176553607
779,2018-11-02 11:00:00,1.162443519
780,2018-11-02 12:00:00,1.148866177
781,2018-11-02 13:00:00,1.140860796
782,2018-11-02 14:00:00,1.135806203
783,2018-11-02 15:00:00,1.127466798
784,2018-11-02 16:00:00,1.106989503
785,2018-11-02 17:00:00,1.057664275
786,2018-11-02 18:00:00,0.974196374
787,2018-11-02 19:00:00,0.859535515
788,2018-11-02 20:00:00,0.704297185
789,2018-11-02 21:00:00,1.385137081
790,2018-11-02 22:00:00,1.615018845
791,2018-11-02 23:00:00,1.030653358
792,2018-11-03 00:00:00,1.011393785
793,2018-11-03 01:00:00,1.004271746
794,2018-11-03 02:00:00,0.990687072
795,2018-11-03 03:00:00,0.988425195
796,2018-11-03 04:00:00,0.993066669
797,2018-11-03 05:00:00,1.002074718
798,2018-11-03 06:00:00,1.861326933
799,2018-11-03 07:00:00,1.979781508
800,2018-11-03 08:00:00,2.087704420
801,2018-11-03 09:00:00,2.187252522
802,2018-11-03 10:00:00,2.256606817
803,2018-11-03 11:00:00,3.464576244
804,2018-11-03 12:00:00,3.610503912
805,2018-11-03 13:00:00,3.789360523
806,2018-11-03 14:00:00,3.910170078
807,2018-11-03 15:00:00,4.004474163
808,2018-11-03 16:00:00,4.204291344
809,2018-11-03 17:00:00,4.243346691
810,2018-11-03 18:00:00,4.262900352
811,2018-11-03 19:00:00,4.271235943
812,2018-11-03 20:00:00,4.235933304
813,2018-11-03 21:00:00,4.166248322
814,2018-11-03 22:00:00,4.014030457
815,2018-11-03 23:00:00,4.000742435
816,2018-11-04 00:00:00,3.975750923
817,2018-11-04 01:00:00,3.983235836
818,2018-11-04 02:00:00,3.991251469
819,2018-11-04 03:00:00,4.004854679
820,2018-11-04 04:00:00,4.020250797
821,2018-11-04 05:00:00,4.037358284
822,2018-11-04 06:00:00,4.053593159
823,2018-11-04 07:00:00,4.068674564
824,2018-11-04 08:00:00,4.078375816
825,2018-11-04 09:00:00,4.086580276
826,2018-11-04 10:00:00,4.089846611
827,2018-11-04 11:00:00,4.091728687
828,2018-11-04 12:00:00,4.089860439
829,2018-11-04 13:00:00,4.090811729
830,2018-11-04 14:00:00,4.086551189
831,2018-11-04 15:00:00,4.072308540
832,2018-11-04 16:00:00,4.046560287
833,2018-11-04 17:00:00,3.999330044
834,2018-11-04 18:00:00,3.912862539
835,2018-11-04 19:00:00,3.798332691
836,2018-11-04 20:00:00,5.736543179
837,2018-11-04 21:00:00,5.847663879
838,2018-11-04 22:00:00,2.699565411
839,2018-11-04 23:00:00,2.881774902
840,2018-11-05 00:00:00,2.864050627
841,2018-11-05 01:00:00,2.862055302
842,2018-11-05 02:00:00,2.871853352
843,2018-11-05 03:00:00,2.887942791
844,2018-11-05 04:00:00,2.901773214
845,2018-11-05 05:00:00,2.907941818
846,2018-11-05 06:00:00,2.908251047
847,2018-11-05 07:00:00,5.019314289
848,2018-11-05 08:00:00,5.327164650
849,2018-11-05 09:00:00,5.560243607
850,2018-11-05 10:00:00,5.753606796
851,2018-11-05 11:00:00,5.902626991
852,2018-11-05 12:00:00,6.037289143
853,2018-11-05 13:00:00,6.149951935
854,2018-11-05 14:00:00,6.240088940
855,2018-11-05 15:00:00,6.319585800
856,2018-11-05 16:00:00,6.362759590
857,2018-11-05 17:00:00,6.373025894
858,2018-11-05 18:00:00,6.342416286
859,2018-11-05 19:00:00,6.300294876
860,2018-11-05 20:00:00,6.201273918
861,2018-11-05 21:00:00,6.081413269
862,2018-11-05 22:00:00,5.936196327
863,2018-11-05 23:00:00,5.912785053
864,2018-11-06 00:00:00,5.891258240
865,2018-11-06 01:00:00,5.872908592
866,2018-11-06 02:00:00,5.869296074
867,2018-11-06 03:00:00,5.861862183
868,2018-11-06 04:00:00,5.852436543
869,2018-11-06 05:00:00,5.841260910
870,2018-11-06 06:00:00,5.829746246
871,2018-11-06 07:00:00,5.817129612
872,2018-11-06 08:00:00,5.802927017
873,2018-11-06 09:00:00,5.786923885
874,2018-11-06 10:00:00,5.770576000
875,2018-11-06 11:00:00,5.758324623
876,2018-11-06 12:00:00,5.747891903
877,2018-11-06 13:00:00,5.739883900
878,2018-11-06 14:00:00,5.735095501
879,2018-11-06 15:00:00,5.729387760
880,2018-11-06 16:00:00,5.716066837
881,2018-11-06 17:00:00,5.686378479
882,2018-11-06 18:00:00,5.615742683
883,2018-11-06 19:00:00,5.506156445
884,2018-11-06 20:00:00,5.371168137
885,2018-11-06 21:00:00,5.225730419
886,2018-11-06 22:00:00,5.033252239
887,2018-11-06 23:00:00,4.980495453
888,2018-11-07 00:00:00,4.962701797
889,2018-11-07 01:00:00,4.950242996
890,2018-11-07 02:00:00,4.940491676
891,2018-11-07 03:00:00,4.950206280
892,2018-11-07 04:00:00,4.956637383
893,2018-11-07 05:00:00,4.961009026
894,2018-11-07 06:00:00,4.968148232
895,2018-11-07 07:00:00,4.974623203
896,2018-11-07 08:00:00,4.981693268
897,2018-11-07 09:00:00,4.988535404
898,2018-11-07 10:00:00,4.995046139
899,2018-11-07 11:00:00,5.001059532
900,2018-11-07 12:00:00,5.007636547
901,2018-11-07 13:00:00,5.013848782
902,2018-11-07 14:00:00,5.018956184
903,2018-11-07 15:00:00,5.021107197
904,2018-11-07 16:00:00,5.015115738
905,2018-11-07 17:00:00,4.986372471
906,2018-11-07 18:00:00,4.914010525
907,2018-11-07 19:00:00,4.806774616
908,2018-11-07 20:00:00,4.663416386
909,2018-11-07 21:00:00,4.492440701
910,2018-11-07 22:00:00,4.312156677
911,2018-11-07 23:00:00,4.261219501
912,2018-11-08 00:00:00,4.241807461
913,2018-11-08 01:00:00,4.251202106
914,2018-11-08 02:00:00,4.257498264
915,2018-11-08 03:00:00,4.266174316
916,2018-11-08 04:00:00,4.275909901
917,2018-11-08 05:00:00,4.285164833
918,2018-11-08 06:00:00,4.294683456
919,2018-11-08 07:00:00,4.304543972
920,2018-11-08 08:00:00,4.312963963
921,2018-11-08 09:00:00,4.322402000
922,2018-11-08 10:00:00,4.330705643
923,2018-11-08 11:00:00,4.339629650
924,2018-11-08 12:00:00,4.348978043
925,2018-11-08 13:00:00,4.358959675
926,2018-11-08 14:00:00,4.367266655
927,2018-11-08 15:00:00,4.371942043
928,2018-11-08 16:00:00,4.367028236
929,2018-11-08 17:00:00,4.339961529
930,2018-11-08 18:00:00,4.272373676
931,2018-11-08 19:00:00,4.173916817
932,2018-11-08 20:00:00,4.047057629
933,2018-11-08 21:00:00,3.914294004
934,2018-11-08 22:00:00,3.783493280
935,2018-11-08 23:00:00,3.742370844
936,2018-11-09 00:00:00,3.698748827
937,2018-11-09 01:00:00,3.653151989
938,2018-11-09 02:00:00,3.607009888
939,2018-11-09 03:00:00,3.558058739
940,2018-11-09 04:00:00,3.510366917
941,2018-11-09 05:00:00,3.463726759
942,2018-11-09 06:00:00,3.415768147
943,2018-11-09 07:00:00,3.378588915
944,2018-11-09 08:00:00,3.334325790
945,2018-11-09 09:00:00,3.288506508
946,2018-11-09 10:00:00,3.244449377
947,2018-11-09 11:00:00,3.206636906
948,2018-11-09 12:00:00,3.178834677
949,2018-11-09 13:00:00,3.152711391
950,2018-11-09 14:00:00,3.120118856
951,2018-11-09 15:00:00,3.099207401
952,2018-11-09 16:00:00,3.062967777
953,2018-11-09 17:00:00,3.008255482
954,2018-11-09 18:00:00,2.903046846
955,2018-11-09 19:00:00,2.731681585
956,2018-11-09 20:00:00,2.495666981
957,2018-11-09 21:00:00,2.256005049
958,2018-11-09 22:00:00,2.024638176
959,2018-11-09 23:00:00,2.033459663
960,2018-11-10 00:00:00,2.031453848
961,2018-11-10 01:00:00,2.043370962
962,2018-11-10 02:00:00,2.053965807
963,2018-11-10 03:00:00,2.064702511
964,2018-11-10 04:00:00,2.073622465
965,2018-11-10 05:00:00,2.081138849
966,2018-11-10 06:00:00,2.088011503
967,2018-11-10 07:00:00,2.094772816
968,2018-11-10 08:00:00,2.100256205
969,2018-11-10 09:00:00,2.104532003
970,2018-11-10 10:00:00,2.108775854
971,2018-11-10 11:00:00,2.112782001
972,2018-11-10 12:00:00,2.116313934
973,2018-11-10 13:00:00,2.120240688
974,2018-11-10 14:00:00,2.123976231
975,2018-11-10 15:00:00,2.125223398
976,2018-11-10 16:00:00,2.120408773
977,2018-11-10 17:00:00,2.097488642
978,2018-11-10 18:00:00,2.032427549
979,2018-11-10 19:00:00,1.937297702
980,2018-11-10 20:00:00,1.802675724
981,2018-11-10 21:00:00,1.638459921
982,2018-11-10 22:00:00,1.475468516
983,2018-11-10 23:00:00,1.436913252
984,2018-11-11 00:00:00,1.409744978
985,2018-11-11 01:00:00,1.422915697
986,2018-11-11 02:00:00,1.433811545
987,2018-11-11 03:00:00,1.436350703
988,2018-11-11 04:00:00,1.438827395
989,2018-11-11 05:00:00,1.441597819
990,2018-11-11 06:00:00,1.450952768
991,2018-11-11 07:00:00,1.459710002
992,2018-11-11 08:00:00,0.668580115
993,2018-11-11 09:00:00,0.640496850
994,2018-11-11 10:00:00,0.620145619
995,2018-11-11 11:00:00,0.602504373
996,2018-11-11 12:00:00,0.586059153
997,2018-11-11 13:00:00,0.570114255
998,2018-11-11 14:00:00,0.554354429
999,2018-11-11 15:00:00,0.536053896
1000,2018-11-11 16:00:00,0.505592048
1001,2018-11-11 17:00:00,0.456470996
1002,2018-11-11 18:00:00,0.392702579
1003,2018-11-11 19:00:00,0.312034905
1004,2018-11-11 20:00:00,0.227131158
1005,2018-11-11 21:00:00,0.150221437
1006,2018-11-11 22:00:00,0.070915461
1007,2018-11-11 23:00:00,0.044804446
1008,2018-11-12 00:00:00,0.025135558
1009,2018-11-12 01:00:00,0.011392741
1010,2018-11-12 02:00:00,0.004472231
1011,2018-11-12 03:00:00,0.001601118
1012,2018-11-12 04:00:00,0.000323604
1013,2018-11-12 05:00:00,0.000000000
1014,2018-11-12 06:00:00,0.000000000
1015,2018-11-12 07:00:00,0.000000000
1016,2018-11-12 08:00:00,0.000000000
1017,2018-11-12 09:00:00,0.000000000
1018,2018-11-12 10:00:00,0.000000000
1019,2018-11-12 11:00:00,0.000000000
1020,2018-11-12 12:00:00,0.000000000
1021,2018-11-12 13:00:00,0.000000000
1022,2018-11-12 14:00:00,0.000000000
1023,2018-11-12 15:00:00,0.000000000
1024,2018-11-12 16:00:00,0.000000000
1025,2018-11-12 17:00:00,0.000000000
1026,2018-11-12 18:00:00,0.000000000
1027,2018-11-12 19:00:00,0.000000000
1028,2018-11-12 20:00:00,0.000000000
1029,2018-11-12 21:00:00,0.000000000
1030,2018-11-12 22:00:00,0.000000000
1031,2018-11-12 23:00:00,0.000000000
1032,2018-11-13 00:00:00,0.000000000
1033,2018-11-13 01:00:00,0.000000000
1034,2018-11-13 02:00:00,0.000000000
1035,2018-11-13 03:00:00,0.000000000
1036,2018-11-13 04:00:00,0.000000000
1037,2018-11-13 05:00:00,0.000000000
1038,2018-11-13 06:00:00,0.000000000
1039,2018-11-13 07:00:00,0.000000000
1040,2018-11-13 08:00:00,0.000000000
1041,2018-11-13 09:00:00,0.000000000
1042,2018-11-13 10:00:00,0.000000000
1043,2018-11-13 11:00:00,0.000000000
1044,2018-11-13 12:00:00,0.000000000
1045,2018-11-13 13:00:00,0.000000000
1046,2018-11-13 14:00:00,0.000000000
1047,2018-11-13 15:00:00,0.000000000
1048,2018-11-13 16:00:00,0.000000000
1049,2018-11-13 17:00:00,0.000000000
1050,2018-11-13 18:00:00,0.000000000
1051,2018-11-13 19:00:00,0.000000000
1052,2018-11-13 20:00:00,0.000000000
1053,2018-11-13 21:00:00,0.000000000
1054,2018-11-13 22:00:00,0.000000000
1055,2018-11-13 23:00:00,0.000000000
1056,2018-11-14 00:00:00,0.000000000
1057,2018-11-14 01:00:00,0.000000000
1058,2018-11-14 02:00:00,0.000000000
1059,2018-11-14 03:00:00,0.000000000
1060,2018-11-14 04:00:00,0.000000000
1061,2018-11-14 05:00:00,0.000000000
1062,2018-11-14 06:00:00,0.000000000
1063,2018-11-14 07:00:00,0.000000000
1064,2018-11-14 08:00:00,0.000000000
1065,2018-11-14 09:00:00,0.000000000
1066,2018-11-14 10:00:00,0.000000000
1067,2018-11-14 11:00:00,0.000000000
1068,2018-11-14 12:00:00,0.000000000
1069,2018-11-14 13:00:00,0.000000000
1070,2018-11-14 14:00:00,0.000000000
1071,2018-11-14 15:00:00,0.000000000
1072,2018-11-14 16:00:00,0.000000000
1073,2018-11-14 17:00:00,0.000000000
1074,2018-11-14 18:00:00,0.000000000
1075,2018-11-14 19:00:00,0.000000000
1076,2018-11-14 20:00:00,0.000000000
1077,2018-11-14 21:00:00,0.000000000
1078,2018-11-14 22:00:00,0.000000000
1079,2018-11-14 23:00:00,0.000000000
1080,2018-11-15 00:00:00,0.000000000
1081,2018-11-15 01:00:00,0.000000000
1082,2018-11-15 02:00:00,0.000000000
1083,2018-11-15 03:00:00,0.000000000
1084,2018-11-15 04:00:00,0.000000000
1085,2018-11-15 05:00:00,0.000000000
1086,2018-11-15 06:00:00,0.000000000
1087,2018-11-15 07:00:00,0.000000000
1088,2018-11-15 08:00:00,0.000000000
1089,2018-11-15 09:00:00,0.000000000
1090,2018-11-15 10:00:00,0.000000000
1091,2018-11-15 11:00:00,0.000000000
1092,2018-11-15 12:00:00,0.000000000
1093,2018-11-15 13:00:00,0.000000000
1094,2018-11-15 14:00:00,0.000000000
1095,2018-11-15 15:00:00,0.000000000
1096,2018-11-15 16:00:00,0.000000000
1097,2018-11-15 17:00:00,0.000000000
1098,2018-11-15 18:00:00,0.000000000
1099,2018-11-15 19:00:00,0.000000000
1100,2018-11-15 20:00:00,0.000000000
1101,2018-11-15 21:00:00,0.000000000
1102,2018-11-15 22:00:00,0.000000000
1103,2018-11-15 23:00:00,0.000000000
1104,2018-11-16 00:00:00,0.000000000
1105,2018-11-16 01:00:00,0.000000000
1106,2018-11-16 02:00:00,0.000000000
1107,2018-11-16 03:00:00,0.000000000
1108,2018-11-16 04:00:00,0.000000000
1109,2018-11-16 05:00:00,0.000000000
1110,2018-11-16 06:00:00,0.000000000
1111,2018-11-16 07:00:00,0.000000000
1112,2018-11-16 08:00:00,0.000000000
1113,2018-11-16 09:00:00,0.000000000
1114,2018-11-16 10:00:00,0.000000000
1115,2018-11-16 11:00:00,0.000000000
1116,2018-11-16 12:00:00,0.000000000
1117,2018-11-16 13:00:00,0.000000000
1118,2018-11-16 14:00:00,0.000000000
1119,2018-11-16 15:00:00,0.000000000
1120,2018-11-16 16:00:00,0.000000000
1121,2018-11-16 17:00:00,0.000000000
1122,2018-11-16 18:00:00,0.000000000
1123,2018-11-16 19:00:00,0.000000000
1124,2018-11-16 20:00:00,0.000000000
1125,2018-11-16 21:00:00,0.000000000
1126,2018-11-16 22:00:00,0.000000000
1127,2018-11-16 23:00:00,0.000000000
1128,2018-11-17 00:00:00,0.000000000
1129,2018-11-17 01:00:00,0.000000000
1130,2018-11-17 02:00:00,0.000000000
1131,2018-11-17 03:00:00,0.000000000
1132,2018-11-17 04:00:00,0.000000000
1133,2018-11-17 05:00:00,0.000000000
1134,2018-11-17 06:00:00,0.000000000
1135,2018-11-17 07:00:00,0.000000000
1136,2018-11-17 08:00:00,0.000000000
1137,2018-11-17 09:00:00,0.000000000
1138,2018-11-17 10:00:00,0.000000000
1139,2018-11-17 11:00:00,0.000000000
1140,2018-11-17 12:00:00,0.000000000
1141,2018-11-17 13:00:00,0.000000000
1142,2018-11-17 14:00:00,0.000000000
1143,2018-11-17 15:00:00,0.000000000
1144,2018-11-17 16:00:00,0.000000000
1145,2018-11-17 17:00:00,0.000000000
1146,2018-11-17 18:00:00,0.000000000
1147,2018-11-17 19:00:00,0.000000000
1148,2018-11-17 20:00:00,0.000000000
1149,2018-11-17 21:00:00,0.000000000
1150,2018-11-17 22:00:00,0.000000000
1151,2018-11-17 23:00:00,0.000000000
1152,2018-11-18 00:00:00,0.000000000
1153,2018-11-18 01:00:00,0.000000000
1154,2018-11-18 02:00:00,0.000000000
1155,2018-11-18 03:00:00,0.000000000
1156,2018-11-18 04:00:00,0.000000000
1157,2018-11-18 05:00:00,0.000000000
1158,2018-11-18 06:00:00,0.000000000
1159,2018-11-18 07:00:00,0.000000000
1160,2018-11-18 08:00:00,0.000000000
1161,2018-11-18 09:00:00,0.000000000
1162,2018-11-18 10:00:00,0.000000000
1163,2018-11-18 11:00:00,0.000000000
1164,2018-11-18 12:00:00,0.000000000
1165,2018-11-18 13:00:00,0.000000000
1166,2018-11-18 14:00:00,0.000000000
1167,2018-11-18 15:00:00,0.000000000
1168,2018-11-18 16:00:00,0.000000000
1169,2018-11-18 17:00:00,0.000000000
1170,2018-11-18 18:00:00,0.000000000
1171,2018-11-18 19:00:00,0.000000000
1172,2018-11-18 20:00:00,0.000000000
1173,2018-11-18 21:00:00,0.000000000
1174,2018-11-18 22:00:00,0.000000000
1175,2018-11-18 23:00:00,0.000000000
1176,2018-11-19 00:00:00,0.000000000
1177,2018-11-19 01:00:00,0.000000000
1178,2018-11-19 02:00:00,0.000000000
1179,2018-11-19 03:00:00,0.000000000
1180,2018-11-19 04:00:00,0.000000000
1181,2018-11-19 05:00:00,0.000000000
1182,2018-11-19 06:00:00,0.000000000
1183,2018-11-19 07:00:00,0.000000000
1184,2018-11-19 08:00:00,0.000000000
1185,2018-11-19 09:00:00,0.000000000
1186,2018-11-19 10:00:00,0.000000000
1187,2018-11-19 11:00:00,0.000000000
1188,2018-11-19 12:00:00,0.000000000
1189,2018-11-19 13:00:00,0.000000000
1190,2018-11-19 14:00:00,0.000000000
1191,2018-11-19 15:00:00,0.000000000
1192,2018-11-19 16:00:00,0.000000000
1193,2018-11-19 17:00:00,0.000000000
1194,2018-11-19 18:00:00,0.000000000
1195,2018-11-19 19:00:00,0.000000000
1196,2018-11-19 20:00:00,0.000000000
1197,2018-11-19 21:00:00,0.000000000
1198,2018-11-19 22:00:00,0.000000000
1199,2018-11-19 23:00:00,0.000000000
1200,2018-11-20 00:00:00,0.000000000
1201,2018-11-20 01:00:00,0.000000000
1202,2018-11-20 02:00:00,0.000000000
1203,2018-11-20 03:00:00,0.000000000
1204,2018-11-20 04:00:00,0.000000000
1205,2018-11-20 05:00:00,0.000000000
1206,2018-11-20 06:00:00,0.000000000
1207,2018-11-20 07:00:00,0.000000000
1208,2018-11-20 08:00:00,0.000000000
1209,2018-11-20 09:00:00,0.000000000
1210,2018-11-20 10:00:00,0.000000000
1211,2018-11-20 11:00:00,0.000000000
1212,2018-11-20 12:00:00,0.000000000
1213,2018-11-20 13:00:00,0.000000000
1214,2018-11-20 14:00:00,0.000000000
1215,2018-11-20 15:00:00,0.000000000
1216,2018-11-20 16:00:00,0.000000000
1217,2018-11-20 17:00:00,0.000000000
1218,2018-11-20 18:00:00,0.000000000
1219,2018-11-20 19:00:00,0.000000000
1220,2018-11-20 20:00:00,0.000000000
1221,2018-11-20 21:00:00,0.000000000
1222,2018-11-20 22:00:00,0.000000000
1223,2018-11-20 23:00:00,0.000000000
1224,2018-11-21 00:00:00,0.000000000
1225,2018-11-21 01:00:00,0.000000000
1226,2018-11-21 02:00:00,0.000000000
1227,2018-11-21 03:00:00,0.000000000
1228,2018-11-21 04:00:00,0.000000000
1229,2018-11-21 05:00:00,0.000000000
1230,2018-11-21 06:00:00,0.000000000
1231,2018-11-21 07:00:00,0.000000000
1232,2018-11-21 08:00:00,0.000000000
1233,2018-11-21 09:00:00,0.000000000
1234,2018-11-21 10:00:00,0.000000000
1235,2018-11-21 11:00:00,0.000000000
1236,2018-11-21 12:00:00,0.000000000
1237,2018-11-21 13:00:00,0.000000000
1238,2018-11-21 14:00:00,0.000000000
1239,2018-11-21 15:00:00,0.000000000
1240,2018-11-21 16:00:00,0.000000000
1241,2018-11-21 17:00:00,0.000000000
1242,2018-11-21 18:00:00,0.000000000
1243,2018-11-21 19:00:00,0.000000000
1244,2018-11-21 20:00:00,0.000000000
1245,2018-11-21 21:00:00,0.000000000
1246,2018-11-21 22:00:00,0.000000000
1247,2018-11-21 23:00:00,0.000000000
1248,2018-11-22 00:00:00,0.000000000
1249,2018-11-22 01:00:00,0.000000000
1250,2018-11-22 02:00:00,0.000000000
1251,2018-11-22 03:00:00,0.000000000
1252,2018-11-22 04:00:00,0.000000000
1253,2018-11-22 05:00:00,0.000000000
1254,2018-11-22 06:00:00,0.000000000
1255,2018-11-22 07:00:00,0.000000000
1256,2018-11-22 08:00:00,0.000000000
1257,2018-11-22 09:00:00,0.000000000
1258,2018-11-22 10:00:00,0.000000000
1259,2018-11-22 11:00:00,0.000000000
1260,2018-11-22 12:00:00,0.000000000
1261,2018-11-22 13:00:00,0.000000000
1262,2018-11-22 14:00:00,0.000000000
1263,2018-11-22 15:00:00,0.000000000
1264,2018-11-22 16:00:00,0.000000000
1265,2018-11-22 17:00:00,0.000000000
1266,2018-11-22 18:00:00,0.000000000
1267,2018-11-22 19:00:00,0.000000000
1268,2018-11-22 20:00:00,0.000000000
1269,2018-11-22 21:00:00,0.000000000
1270,2018-11-22 22:00:00,0.000000000
1271,2018-11-22 23:00:00,0.000000000
1272,2018-11-23 00:00:00,0.000000000
1273,2018-11-23 01:00:00,1.502676129
1274,2018-11-23 02:00:00,1.536260366
1275,2018-11-23 03:00:00,1.586611390
1276,2018-11-23 04:00:00,1.652308226
1277,2018-11-23 05:00:00,1.692264557
1278,2018-11-23 06:00:00,1.773485065
1279,2018-11-23 07:00:00,1.854165673
1280,2018-11-23 08:00:00,1.924035192
1281,2018-11-23 09:00:00,1.982287049
1282,2018-11-23 10:00:00,2.834284544
1283,2018-11-23 11:00:00,2.944950819
1284,2018-11-23 12:00:00,3.835693359
1285,2018-11-23 13:00:00,4.009222984
1286,2018-11-23 14:00:00,4.159784794
1287,2018-11-23 15:00:00,4.289776802
1288,2018-11-23 16:00:00,5.593031406
1289,2018-11-23 17:00:00,6.569490433
1290,2018-11-23 18:00:00,7.863927841
1291,2018-11-23 19:00:00,8.252157211
1292,2018-11-23 20:00:00,8.565320969
1293,2018-11-23 21:00:00,8.855968475
1294,2018-11-23 22:00:00,9.081207275
1295,2018-11-23 23:00:00,9.305953026
1296,2018-11-24 00:00:00,9.339025497
1297,2018-11-24 01:00:00,9.346293449
1298,2018-11-24 02:00:00,9.354911804
1299,2018-11-24 03:00:00,9.361454964
1300,2018-11-24 04:00:00,9.371276855
1301,2018-11-24 05:00:00,9.376500130
1302,2018-11-24 06:00:00,9.378451347
1303,2018-11-24 07:00:00,9.378117561
1304,2018-11-24 08:00:00,9.398393631
1305,2018-11-24 09:00:00,9.431180954
1306,2018-11-24 10:00:00,9.441135406
1307,2018-11-24 11:00:00,9.452321053
1308,2018-11-24 12:00:00,9.454230309
1309,2018-11-24 13:00:00,9.469699860
1310,2018-11-24 14:00:00,9.469929695
1311,2018-11-24 15:00:00,9.491425514
1312,2018-11-24 16:00:00,9.534235001
1313,2018-11-24 17:00:00,9.576535225
1314,2018-11-24 18:00:00,9.601321220
1315,2018-11-24 19:00:00,9.855504036
1316,2018-11-24 20:00:00,9.963478088
1317,2018-11-24 21:00:00,10.019694328
1318,2018-11-24 22:00:00,10.000309944
1319,2018-11-24 23:00:00,10.012614250
1320,2018-11-25 00:00:00,10.000947952
1321,2018-11-25 01:00:00,9.990839958
1322,2018-11-25 02:00:00,9.979331017
1323,2018-11-25 03:00:00,9.973788261
1324,2018-11-25 04:00:00,9.970661163
1325,2018-11-25 05:00:00,9.969495773
1326,2018-11-25 06:00:00,9.968458176
1327,2018-11-25 07:00:00,9.967351913
1328,2018-11-25 08:00:00,9.967226028
1329,2018-11-25 09:00:00,9.967929840
1330,2018-11-25 10:00:00,9.967859268
1331,2018-11-25 11:00:00,9.962804794
1332,2018-11-25 12:00:00,9.954341888
1333,2018-11-25 13:00:00,9.943544388
1334,2018-11-25 14:00:00,9.936656952
1335,2018-11-25 15:00:00,9.928062439
1336,2018-11-25 16:00:00,9.914112091
1337,2018-11-25 17:00:00,9.892206192
1338,2018-11-25 18:00:00,9.856534958
1339,2018-11-25 19:00:00,9.809686661
1340,2018-11-25 20:00:00,9.743933678
1341,2018-11-25 21:00:00,9.664298058
1342,2018-11-25 22:00:00,9.583877563
1343,2018-11-25 23:00:00,9.559383392
1344,2018-11-26 00:00:00,9.544955254
1345,2018-11-26 01:00:00,9.542981148
1346,2018-11-26 02:00:00,9.548357964
1347,2018-11-26 03:00:00,9.546226501
1348,2018-11-26 04:00:00,9.539861679
1349,2018-11-26 05:00:00,9.533103943
1350,2018-11-26 06:00:00,9.524473190
1351,2018-11-26 07:00:00,9.522699356
1352,2018-11-26 08:00:00,9.517409325
1353,2018-11-26 09:00:00,9.502141953
1354,2018-11-26 10:00:00,9.482144356
1355,2018-11-26 11:00:00,9.464355469
1356,2018-11-26 12:00:00,9.440022469
1357,2018-11-26 13:00:00,9.415258408
1358,2018-11-26 14:00:00,9.390609741
1359,2018-11-26 15:00:00,9.362710953
1360,2018-11-26 16:00:00,9.330898285
1361,2018-11-26 17:00:00,9.288857460
1362,2018-11-26 18:00:00,9.237421036
1363,2018-11-26 19:00:00,9.169585228
1364,2018-11-26 20:00:00,9.078953743
1365,2018-11-26 21:00:00,8.976438522
1366,2018-11-26 22:00:00,8.938654900
1367,2018-11-26 23:00:00,8.910695076
1368,2018-11-27 00:00:00,8.889911652
1369,2018-11-27 01:00:00,8.874342918
1370,2018-11-27 02:00:00,8.857767105
1371,2018-11-27 03:00:00,8.845195770
1372,2018-11-27 04:00:00,8.829668999
1373,2018-11-27 05:00:00,8.811243057
1374,2018-11-27 06:00:00,8.791552544
1375,2018-11-27 07:00:00,8.775476456
1376,2018-11-27 08:00:00,8.752173424
1377,2018-11-27 09:00:00,8.730895996
1378,2018-11-27 10:00:00,8.711111069
1379,2018-11-27 11:00:00,8.688339233
1380,2018-11-27 12:00:00,8.663870811
1381,2018-11-27 13:00:00,8.640338898
1382,2018-11-27 14:00:00,8.614435196
1383,2018-11-27 15:00:00,8.583563805
1384,2018-11-27 16:00:00,8.550706863
1385,2018-11-27 17:00:00,8.505208969
1386,2018-11-27 18:00:00,8.427548409
1387,2018-11-27 19:00:00,8.306911469
1388,2018-11-27 20:00:00,7.006045341
1389,2018-11-27 21:00:00,2.509124756
1390,2018-11-27 22:00:00,2.439959288
1391,2018-11-27 23:00:00,2.405456543
1392,2018-11-28 00:00:00,2.389621973
1393,2018-11-28 01:00:00,2.373923302
1394,2018-11-28 02:00:00,2.357635260
1395,2018-11-28 03:00:00,2.337032557
1396,2018-11-28 04:00:00,2.320086002
1397,2018-11-28 05:00:00,2.314447641
1398,2018-11-28 06:00:00,2.316942215
1399,2018-11-28 07:00:00,2.315027714
1400,2018-11-28 08:00:00,2.322849035
1401,2018-11-28 09:00:00,2.324556351
1402,2018-11-28 10:00:00,2.327595711
1403,2018-11-28 11:00:00,2.332268238
1404,2018-11-28 12:00:00,2.341502666
1405,2018-11-28 13:00:00,2.349820375
1406,2018-11-28 14:00:00,2.357088566
1407,2018-11-28 15:00:00,2.361126900
1408,2018-11-28 16:00:00,2.414177895
1409,2018-11-28 17:00:00,2.444861889
1410,2018-11-28 18:00:00,2.432080030
1411,2018-11-28 19:00:00,2.460811615
1412,2018-11-28 20:00:00,2.566485882
1413,2018-11-28 21:00:00,2.610793114
1414,2018-11-28 22:00:00,2.665154457
1415,2018-11-28 23:00:00,2.652328730
1416,2018-11-29 00:00:00,2.642997265
1417,2018-11-29 01:00:00,2.635008335
1418,2018-11-29 02:00:00,2.637175322
1419,2018-11-29 03:00:00,2.645047426
1420,2018-11-29 04:00:00,2.652314186
1421,2018-11-29 05:00:00,2.717171431
1422,2018-11-29 06:00:00,2.842208862
1423,2018-11-29 07:00:00,3.042015791
1424,2018-11-29 08:00:00,3.075603962
1425,2018-11-29 09:00:00,3.110577345
1426,2018-11-29 10:00:00,3.141796112
1427,2018-11-29 11:00:00,3.225883484
1428,2018-11-29 12:00:00,3.365008593
1429,2018-11-29 13:00:00,3.384558439
1430,2018-11-29 14:00:00,3.400823116
1431,2018-11-29 15:00:00,3.416548252
1432,2018-11-29 16:00:00,3.440164328
1433,2018-11-29 17:00:00,3.449489594
1434,2018-11-29 18:00:00,3.445181608
1435,2018-11-29 19:00:00,3.412077904
1436,2018-11-29 20:00:00,3.406894207
1437,2018-11-29 21:00:00,3.365658998
1438,2018-11-29 22:00:00,3.392417908
1439,2018-11-29 23:00:00,3.386727095
1440,2018-11-30 00:00:00,3.386821985
1441,2018-11-30 01:00:00,3.388774633
1442,2018-11-30 02:00:00,3.392215967
1443,2018-11-30 03:00:00,3.391872406
1444,2018-11-30 04:00:00,3.391139746
1445,2018-11-30 05:00:00,3.391341925
1446,2018-11-30 06:00:00,3.394256115
1447,2018-11-30 07:00:00,3.398017406
1448,2018-11-30 08:00:00,3.405095339
1449,2018-11-30 09:00:00,3.410383463
1450,2018-11-30 10:00:00,3.417472601
1451,2018-11-30 11:00:00,3.422061682
1452,2018-11-30 12:00:00,3.433842182
1453,2018-11-30 13:00:00,3.446543455
1454,2018-11-30 14:00:00,3.559387684
1455,2018-11-30 15:00:00,3.576521873
1456,2018-11-30 16:00:00,3.752537012
1457,2018-11-30 17:00:00,3.865348577
1458,2018-11-30 18:00:00,3.963171959
1459,2018-11-30 19:00:00,4.037684441
1460,2018-11-30 20:00:00,4.048355579
1461,2018-11-30 21:00:00,4.061919689
1462,2018-11-30 22:00:00,4.113109589
1463,2018-11-30 23:00:00,4.461297989
1464,2018-12-01 00:00:00,4.727407455
1465,2018-12-01 01:00:00,4.800677299
1466,2018-12-01 02:00:00,4.863512039
1467,2018-12-01 03:00:00,4.912955284
1468,2018-12-01 04:00:00,4.959249496
1469,2018-12-01 05:00:00,4.988960743
1470,2018-12-01 06:00:00,5.018692017
1471,2018-12-01 07:00:00,5.044874191
1472,2018-12-01 08:00:00,5.068483353
1473,2018-12-01 09:00:00,5.307334900
1474,2018-12-01 10:00:00,6.784505844
1475,2018-12-01 11:00:00,7.393201351
1476,2018-12-01 12:00:00,7.579501152
1477,2018-12-01 13:00:00,7.819756508
1478,2018-12-01 14:00:00,7.943885326
1479,2018-12-01 15:00:00,8.185144424
1480,2018-12-01 16:00:00,8.293910980
1481,2018-12-01 17:00:00,8.416064262
1482,2018-12-01 18:00:00,8.521398544
1483,2018-12-01 19:00:00,8.595140457
1484,2018-12-01 20:00:00,8.674460411
1485,2018-12-01 21:00:00,8.755631447
1486,2018-12-01 22:00:00,8.835857391
1487,2018-12-01 23:00:00,8.855983734
1488,2018-12-02 00:00:00,8.871944427
1489,2018-12-02 01:00:00,8.888278008
1490,2018-12-02 02:00:00,8.906136513
1491,2018-12-02 03:00:00,8.921391487
1492,2018-12-02 04:00:00,8.933495522
1493,2018-12-02 05:00:00,8.947441101
1494,2018-12-02 06:00:00,8.959241867
1495,2018-12-02 07:00:00,8.966354370
1496,2018-12-02 08:00:00,8.974666595
1497,2018-12-02 09:00:00,8.982913971
1498,2018-12-02 10:00:00,8.988439560
1499,2018-12-02 11:00:00,8.996522903
1500,2018-12-02 12:00:00,9.006375313
1501,2018-12-02 13:00:00,9.015291214
1502,2018-12-02 14:00:00,9.023397446
1503,2018-12-02 15:00:00,9.032272339
1504,2018-12-02 16:00:00,9.043022156
1505,2018-12-02 17:00:00,9.039232254
1506,2018-12-02 18:00:00,9.016765594
1507,2018-12-02 19:00:00,8.977676392
1508,2018-12-02 20:00:00,8.949987411
1509,2018-12-02 21:00:00,8.922189713
1510,2018-12-02 22:00:00,9.474908829
1511,2018-12-02 23:00:00,9.520966530
1512,2018-12-03 00:00:00,9.551847458
1513,2018-12-03 01:00:00,9.564033508
1514,2018-12-03 02:00:00,9.583979607
1515,2018-12-03 03:00:00,9.599308968
1516,2018-12-03 04:00:00,9.616512299
1517,2018-12-03 05:00:00,9.631563187
1518,2018-12-03 06:00:00,9.660980225
1519,2018-12-03 07:00:00,9.681274414
1520,2018-12-03 08:00:00,9.703187943
1521,2018-12-03 09:00:00,9.724610329
1522,2018-12-03 10:00:00,9.741685867
1523,2018-12-03 11:00:00,9.756001472
1524,2018-12-03 12:00:00,9.770092010
1525,2018-12-03 13:00:00,9.785240173
1526,2018-12-03 14:00:00,9.799273491
1527,2018-12-03 15:00:00,9.810796738
1528,2018-12-03 16:00:00,9.822010994
1529,2018-12-03 17:00:00,9.831722260
1530,2018-12-03 18:00:00,9.820346832
1531,2018-12-03 19:00:00,9.785427094
1532,2018-12-03 20:00:00,9.764512062
1533,2018-12-03 21:00:00,9.755366325
1534,2018-12-03 22:00:00,9.782121658
1535,2018-12-03 23:00:00,9.797047615
1536,2018-12-04 00:00:00,9.810370445
1537,2018-12-04 01:00:00,9.822885513
1538,2018-12-04 02:00:00,9.833330154
1539,2018-12-04 03:00:00,9.845760345
1540,2018-12-04 04:00:00,9.854690552
1541,2018-12-04 05:00:00,9.862756729
1542,2018-12-04 06:00:00,9.869310379
1543,2018-12-04 07:00:00,9.876986504
1544,2018-12-04 08:00:00,9.885179520
1545,2018-12-04 09:00:00,9.892061234
1546,2018-12-04 10:00:00,9.897920609
1547,2018-12-04 11:00:00,9.902118683
1548,2018-12-04 12:00:00,9.905988693
1549,2018-12-04 13:00:00,9.912454605
1550,2018-12-04 14:00:00,9.918239594
1551,2018-12-04 15:00:00,9.922301292
1552,2018-12-04 16:00:00,9.921707153
1553,2018-12-04 17:00:00,9.913978577
1554,2018-12-04 18:00:00,9.893795013
1555,2018-12-04 19:00:00,9.857465744
1556,2018-12-04 20:00:00,9.787706375
1557,2018-12-04 21:00:00,9.711661339
1558,2018-12-04 22:00:00,9.695287704
1559,2018-12-04 23:00:00,9.675542831
1560,2018-12-05 00:00:00,9.658622742
1561,2018-12-05 01:00:00,9.645136833
1562,2018-12-05 02:00:00,9.636949539
1563,2018-12-05 03:00:00,9.637203217
1564,2018-12-05 04:00:00,9.637771606
1565,2018-12-05 05:00:00,9.640893936
1566,2018-12-05 06:00:00,9.643220901
1567,2018-12-05 07:00:00,9.646321297
1568,2018-12-05 08:00:00,9.649532318
1569,2018-12-05 09:00:00,9.652921677
1570,2018-12-05 10:00:00,9.657184601
1571,2018-12-05 11:00:00,9.662124634
1572,2018-12-05 12:00:00,9.666305542
1573,2018-12-05 13:00:00,9.670479774
1574,2018-12-05 14:00:00,9.674400330
1575,2018-12-05 15:00:00,9.678070068
1576,2018-12-05 16:00:00,9.675977707
1577,2018-12-05 17:00:00,9.658487320
1578,2018-12-05 18:00:00,9.595945358
1579,2018-12-05 19:00:00,9.506359100
1580,2018-12-05 20:00:00,9.404138565
1581,2018-12-05 21:00:00,9.302802086
1582,2018-12-05 22:00:00,9.283617973
1583,2018-12-05 23:00:00,9.265021324
1584,2018-12-06 00:00:00,9.259665489
1585,2018-12-06 01:00:00,9.262570381
1586,2018-12-06 02:00:00,9.259559631
1587,2018-12-06 03:00:00,9.261579514
1588,2018-12-06 04:00:00,9.264503479
1589,2018-12-06 05:00:00,9.268213272
1590,2018-12-06 06:00:00,10.486801147
1591,2018-12-06 07:00:00,10.525415421
1592,2018-12-06 08:00:00,10.557874680
1593,2018-12-06 09:00:00,10.592602730
1594,2018-12-06 10:00:00,10.623353958
1595,2018-12-06 11:00:00,10.650346756
1596,2018-12-06 12:00:00,11.882925034
1597,2018-12-06 13:00:00,11.929183960
1598,2018-12-06 14:00:00,11.981561661
1599,2018-12-06 15:00:00,12.021877289
1600,2018-12-06 16:00:00,12.090646744
1601,2018-12-06 17:00:00,12.205642700
1602,2018-12-06 18:00:00,12.320576668
1603,2018-12-06 19:00:00,12.492933273
1604,2018-12-06 20:00:00,12.691368103
1605,2018-12-06 21:00:00,12.935444832
1606,2018-12-06 22:00:00,13.210469246
1607,2018-12-06 23:00:00,13.289444923
1608,2018-12-07 00:00:00,13.326379776
1609,2018-12-07 01:00:00,13.361961365
1610,2018-12-07 02:00:00,13.391107559
1611,2018-12-07 03:00:00,13.415677071
1612,2018-12-07 04:00:00,13.427618027
1613,2018-12-07 05:00:00,13.447859764
1614,2018-12-07 06:00:00,13.463722229
1615,2018-12-07 07:00:00,13.480133057
1616,2018-12-07 08:00:00,13.493803024
1617,2018-12-07 09:00:00,13.514934540
1618,2018-12-07 10:00:00,13.528970718
1619,2018-12-07 11:00:00,13.553911209
1620,2018-12-07 12:00:00,13.598470688
1621,2018-12-07 13:00:00,13.649839401
1622,2018-12-07 14:00:00,13.696599960
1623,2018-12-07 15:00:00,13.736232758
1624,2018-12-07 16:00:00,13.769066811
1625,2018-12-07 17:00:00,13.779094696
1626,2018-12-07 18:00:00,13.736028671
1627,2018-12-07 19:00:00,13.691661835
1628,2018-12-07 20:00:00,13.652418137
1629,2018-12-07 21:00:00,13.435739517
1630,2018-12-07 22:00:00,13.353297234
1631,2018-12-07 23:00:00,13.254882812
1632,2018-12-08 00:00:00,13.177300453
1633,2018-12-08 01:00:00,13.112979889
1634,2018-12-08 02:00:00,13.062575340
1635,2018-12-08 03:00:00,13.028142929
1636,2018-12-08 04:00:00,13.003623962
1637,2018-12-08 05:00:00,12.987092018
1638,2018-12-08 06:00:00,12.980790138
1639,2018-12-08 07:00:00,12.980345726
1640,2018-12-08 08:00:00,12.982461929
1641,2018-12-08 09:00:00,12.989696503
1642,2018-12-08 10:00:00,13.002637863
1643,2018-12-08 11:00:00,13.017820358
1644,2018-12-08 12:00:00,13.031727791
1645,2018-12-08 13:00:00,13.044758797
1646,2018-12-08 14:00:00,13.055640221
1647,2018-12-08 15:00:00,13.065512657
1648,2018-12-08 16:00:00,13.068106651
1649,2018-12-08 17:00:00,13.062151909
1650,2018-12-08 18:00:00,13.040654182
1651,2018-12-08 19:00:00,12.995851517
1652,2018-12-08 20:00:00,12.922246933
1653,2018-12-08 21:00:00,12.841095924
1654,2018-12-08 22:00:00,12.827230453
1655,2018-12-08 23:00:00,12.815193176
1656,2018-12-09 00:00:00,12.805148125
1657,2018-12-09 01:00:00,12.799427032
1658,2018-12-09 02:00:00,12.793785095
1659,2018-12-09 03:00:00,12.788784027
1660,2018-12-09 04:00:00,12.782122612
1661,2018-12-09 05:00:00,12.774233818
1662,2018-12-09 06:00:00,12.762137413
1663,2018-12-09 07:00:00,12.755706787
1664,2018-12-09 08:00:00,12.745602608
1665,2018-12-09 09:00:00,12.734400749
1666,2018-12-09 10:00:00,12.726294518
1667,2018-12-09 11:00:00,12.717832565
1668,2018-12-09 12:00:00,12.709646225
1669,2018-12-09 13:00:00,12.701468468
1670,2018-12-09 14:00:00,12.691428185
1671,2018-12-09 15:00:00,12.678367615
1672,2018-12-09 16:00:00,12.665889740
1673,2018-12-09 17:00:00,12.648915291
1674,2018-12-09 18:00:00,12.617341042
1675,2018-12-09 19:00:00,12.565168381
1676,2018-12-09 20:00:00,12.493620872
1677,2018-12-09 21:00:00,12.410500526
1678,2018-12-09 22:00:00,12.377058983
1679,2018-12-09 23:00:00,12.347997665
1680,2018-12-10 00:00:00,12.318968773
1681,2018-12-10 01:00:00,12.292199135
1682,2018-12-10 02:00:00,12.263530731
1683,2018-12-10 03:00:00,12.231407166
1684,2018-12-10 04:00:00,12.211045265
1685,2018-12-10 05:00:00,12.183047295
1686,2018-12-10 06:00:00,12.154124260
1687,2018-12-10 07:00:00,12.124823570
1688,2018-12-10 08:00:00,12.095190048
1689,2018-12-10 09:00:00,12.066500664
1690,2018-12-10 10:00:00,12.032079697
1691,2018-12-10 11:00:00,11.998744965
1692,2018-12-10 12:00:00,11.969283104
1693,2018-12-10 13:00:00,11.939642906
1694,2018-12-10 14:00:00,11.920040131
1695,2018-12-10 15:00:00,11.908610344
1696,2018-12-10 16:00:00,11.895659447
1697,2018-12-10 17:00:00,11.866968155
1698,2018-12-10 18:00:00,11.783361435
1699,2018-12-10 19:00:00,11.650948524
1700,2018-12-10 20:00:00,11.281187057
1701,2018-12-10 21:00:00,9.438655853
1702,2018-12-10 22:00:00,9.178092957
1703,2018-12-10 23:00:00,8.963355064
1704,2018-12-11 00:00:00,8.791498184
1705,2018-12-11 01:00:00,8.655014038
1706,2018-12-11 02:00:00,8.548756599
1707,2018-12-11 03:00:00,8.464315414
1708,2018-12-11 04:00:00,8.400635719
1709,2018-12-11 05:00:00,8.360811234
1710,2018-12-11 06:00:00,8.340103149
1711,2018-12-11 07:00:00,8.336616516
1712,2018-12-11 08:00:00,8.337980270
1713,2018-12-11 09:00:00,8.339130402
1714,2018-12-11 10:00:00,8.340375900
1715,2018-12-11 11:00:00,8.343012810
1716,2018-12-11 12:00:00,8.346582413
1717,2018-12-11 13:00:00,8.353887558
1718,2018-12-11 14:00:00,8.363962173
1719,2018-12-11 15:00:00,8.367452621
1720,2018-12-11 16:00:00,8.360199928
1721,2018-12-11 17:00:00,8.330606461
1722,2018-12-11 18:00:00,8.266273499
1723,2018-12-11 19:00:00,8.175831795
1724,2018-12-11 20:00:00,7.847438335
1725,2018-12-11 21:00:00,6.103872299
1726,2018-12-11 22:00:00,6.009765625
1727,2018-12-11 23:00:00,5.928914547
1728,2018-12-12 00:00:00,5.859600067
1729,2018-12-12 01:00:00,5.808499336
1730,2018-12-12 02:00:00,5.763529301
1731,2018-12-12 03:00:00,5.732795238
1732,2018-12-12 04:00:00,5.713029861
1733,2018-12-12 05:00:00,5.697392464
1734,2018-12-12 06:00:00,5.704472542
1735,2018-12-12 07:00:00,5.700646877
1736,2018-12-12 08:00:00,5.695351601
1737,2018-12-12 09:00:00,5.698539734
1738,2018-12-12 10:00:00,5.705971241
1739,2018-12-12 11:00:00,5.711897850
1740,2018-12-12 12:00:00,5.720357418
1741,2018-12-12 13:00:00,5.729108810
1742,2018-12-12 14:00:00,5.738086224
1743,2018-12-12 15:00:00,5.745505810
1744,2018-12-12 16:00:00,5.746049881
1745,2018-12-12 17:00:00,5.735371590
1746,2018-12-12 18:00:00,5.691211700
1747,2018-12-12 19:00:00,5.643773556
1748,2018-12-12 20:00:00,5.597826958
1749,2018-12-12 21:00:00,5.530156612
1750,2018-12-12 22:00:00,5.545982838
1751,2018-12-12 23:00:00,5.607173443
1752,2018-12-13 00:00:00,5.715380669
1753,2018-12-13 01:00:00,5.992144585
1754,2018-12-13 02:00:00,6.296812057
1755,2018-12-13 03:00:00,6.591789246
1756,2018-12-13 04:00:00,6.834359169
1757,2018-12-13 05:00:00,7.035077095
1758,2018-12-13 06:00:00,7.200937748
1759,2018-12-13 07:00:00,7.300070763
1760,2018-12-13 08:00:00,7.606866360
1761,2018-12-13 09:00:00,7.903610229
1762,2018-12-13 10:00:00,8.185638428
1763,2018-12-13 11:00:00,8.386436462
1764,2018-12-13 12:00:00,8.542823792
1765,2018-12-13 13:00:00,8.601745605
1766,2018-12-13 14:00:00,8.668832779
1767,2018-12-13 15:00:00,8.722312927
1768,2018-12-13 16:00:00,8.751737595
1769,2018-12-13 17:00:00,8.756818771
1770,2018-12-13 18:00:00,8.740009308
1771,2018-12-13 19:00:00,8.702754974
1772,2018-12-13 20:00:00,8.660685539
1773,2018-12-13 21:00:00,8.610865593
1774,2018-12-13 22:00:00,8.592201233
1775,2018-12-13 23:00:00,8.563649178
1776,2018-12-14 00:00:00,8.537524223
1777,2018-12-14 01:00:00,8.517558098
1778,2018-12-14 02:00:00,8.496593475
1779,2018-12-14 03:00:00,8.475048065
1780,2018-12-14 04:00:00,8.449825287
1781,2018-12-14 05:00:00,8.426715851
1782,2018-12-14 06:00:00,8.397115707
1783,2018-12-14 07:00:00,8.370267868
1784,2018-12-14 08:00:00,8.344439507
1785,2018-12-14 09:00:00,8.340801239
1786,2018-12-14 10:00:00,8.332644463
1787,2018-12-14 11:00:00,8.325946808
1788,2018-12-14 12:00:00,8.322671890
1789,2018-12-14 13:00:00,8.319750786
1790,2018-12-14 14:00:00,8.316589355
1791,2018-12-14 15:00:00,8.311001778
1792,2018-12-14 16:00:00,8.300260544
1793,2018-12-14 17:00:00,8.275295258
1794,2018-12-14 18:00:00,8.199770927
1795,2018-12-14 19:00:00,8.088662148
1796,2018-12-14 20:00:00,7.683048248
1797,2018-12-14 21:00:00,4.101777077
1798,2018-12-14 22:00:00,4.107580185
1799,2018-12-14 23:00:00,4.115035057
1800,2018-12-15 00:00:00,4.126925468
1801,2018-12-15 01:00:00,4.135714054
1802,2018-12-15 02:00:00,4.143314838
1803,2018-12-15 03:00:00,4.150809765
1804,2018-12-15 04:00:00,4.156916618
1805,2018-12-15 05:00:00,4.161989689
1806,2018-12-15 06:00:00,4.165382862
1807,2018-12-15 07:00:00,4.169109344
1808,2018-12-15 08:00:00,4.172355175
1809,2018-12-15 09:00:00,4.174408436
1810,2018-12-15 10:00:00,4.176670074
1811,2018-12-15 11:00:00,4.178289413
1812,2018-12-15 12:00:00,4.179740906
1813,2018-12-15 13:00:00,4.182818413
1814,2018-12-15 14:00:00,4.186390400
1815,2018-12-15 15:00:00,4.184795856
1816,2018-12-15 16:00:00,4.174098969
1817,2018-12-15 17:00:00,4.143311501
1818,2018-12-15 18:00:00,4.069703102
1819,2018-12-15 19:00:00,3.955861330
1820,2018-12-15 20:00:00,1.309651852
1821,2018-12-15 21:00:00,1.173288345
1822,2018-12-15 22:00:00,1.151558876
1823,2018-12-15 23:00:00,1.143304229
1824,2018-12-16 00:00:00,1.136206150
1825,2018-12-16 01:00:00,1.123794675
1826,2018-12-16 02:00:00,1.111094356
1827,2018-12-16 03:00:00,1.101458669
1828,2018-12-16 04:00:00,1.093344331
1829,2018-12-16 05:00:00,1.084236979
1830,2018-12-16 06:00:00,1.071153045
1831,2018-12-16 07:00:00,1.058659434
1832,2018-12-16 08:00:00,1.044953704
1833,2018-12-16 09:00:00,1.028318882
1834,2018-12-16 10:00:00,1.007444382
1835,2018-12-16 11:00:00,0.984456956
1836,2018-12-16 12:00:00,0.959414065
1837,2018-12-16 13:00:00,0.939959705
1838,2018-12-16 14:00:00,0.933588207
1839,2018-12-16 15:00:00,0.926984310
1840,2018-12-16 16:00:00,0.918484628
1841,2018-12-16 17:00:00,0.905365646
1842,2018-12-16 18:00:00,0.868835032
1843,2018-12-16 19:00:00,0.792505860
1844,2018-12-16 20:00:00,0.000000000
1845,2018-12-16 21:00:00,0.000000000
1846,2018-12-16 22:00:00,0.000000000
1847,2018-12-16 23:00:00,0.000000000
1848,2018-12-17 00:00:00,0.000000000
1849,2018-12-17 01:00:00,0.000000000
1850,2018-12-17 02:00:00,0.000000000
1851,2018-12-17 03:00:00,0.000000000
1852,2018-12-17 04:00:00,0.000000000
1853,2018-12-17 05:00:00,0.000000000
1854,2018-12-17 06:00:00,0.000000000
1855,2018-12-17 07:00:00,0.000000000
1856,2018-12-17 08:00:00,0.000000000
1857,2018-12-17 09:00:00,0.000000000
1858,2018-12-17 10:00:00,0.000000000
1859,2018-12-17 11:00:00,0.000000000
1860,2018-12-17 12:00:00,0.000000000
1861,2018-12-17 13:00:00,0.000000000
1862,2018-12-17 14:00:00,0.000000000
1863,2018-12-17 15:00:00,0.000000000
1864,2018-12-17 16:00:00,0.000000000
1865,2018-12-17 17:00:00,0.000000000
1866,2018-12-17 18:00:00,0.000000000
1867,2018-12-17 19:00:00,0.000000000
1868,2018-12-17 20:00:00,0.000000000
1869,2018-12-17 21:00:00,0.000000000
1870,2018-12-17 22:00:00,0.000000000
1871,2018-12-17 23:00:00,0.000000000
1872,2018-12-18 00:00:00,0.000000000
1873,2018-12-18 01:00:00,0.000000000
1874,2018-12-18 02:00:00,0.000000000
1875,2018-12-18 03:00:00,0.000000000
1876,2018-12-18 04:00:00,0.000000000
1877,2018-12-18 05:00:00,0.000000000
1878,2018-12-18 06:00:00,0.000000000
1879,2018-12-18 07:00:00,0.000000000
1880,2018-12-18 08:00:00,0.000000000
1881,2018-12-18 09:00:00,0.000000000
1882,2018-12-18 10:00:00,0.000000000
1883,2018-12-18 11:00:00,0.000000000
1884,2018-12-18 12:00:00,0.000000000
1885,2018-12-18 13:00:00,0.000000000
1886,2018-12-18 14:00:00,0.000000000
1887,2018-12-18 15:00:00,0.000000000
1888,2018-12-18 16:00:00,0.000000000
1889,2018-12-18 17:00:00,0.000000000
1890,2018-12-18 18:00:00,0.000000000
1891,2018-12-18 19:00:00,0.000000000
1892,2018-12-18 20:00:00,0.000000000
1893,2018-12-18 21:00:00,0.000000000
1894,2018-12-18 22:00:00,0.000000000
1895,2018-12-18 23:00:00,0.000000000
1896,2018-12-19 00:00:00,0.000000000
1897,2018-12-19 01:00:00,0.000000000
1898,2018-12-19 02:00:00,0.000000000
1899,2018-12-19 03:00:00,0.000000000
1900,2018-12-19 04:00:00,0.000000000
1901,2018-12-19 05:00:00,0.000000000
1902,2018-12-19 06:00:00,0.000000000
1903,2018-12-19 07:00:00,0.000000000
1904,2018-12-19 08:00:00,0.000000000
1905,2018-12-19 09:00:00,0.000000000
1906,2018-12-19 10:00:00,0.000000000
1907,2018-12-19 11:00:00,0.000000000
1908,2018-12-19 12:00:00,0.000000000
1909,2018-12-19 13:00:00,0.000000000
1910,2018-12-19 14:00:00,0.000000000
1911,2018-12-19 15:00:00,0.000000000
1912,2018-12-19 16:00:00,0.000000000
1913,2018-12-19 17:00:00,0.000000000
1914,2018-12-19 18:00:00,0.000000000
1915,2018-12-19 19:00:00,0.000000000
1916,2018-12-19 20:00:00,0.000000000
1917,2018-12-19 21:00:00,0.000000000
1918,2018-12-19 22:00:00,0.000000000
1919,2018-12-19 23:00:00,0.000000000
1920,2018-12-20 00:00:00,0.000000000
1921,2018-12-20 01:00:00,0.000000000
1922,2018-12-20 02:00:00,0.000000000
1923,2018-12-20 03:00:00,0.000000000
1924,2018-12-20 04:00:00,0.000000000
1925,2018-12-20 05:00:00,0.000000000
1926,2018-12-20 06:00:00,0.000000000
1927,2018-12-20 07:00:00,0.000000000
1928,2018-12-20 08:00:00,0.000000000
1929,2018-12-20 09:00:00,0.000000000
1930,2018-12-20 10:00:00,0.000000000
1931,2018-12-20 11:00:00,0.000000000
1932,2018-12-20 12:00:00,0.000000000
1933,2018-12-20 13:00:00,0.000000000
1934,2018-12-20 14:00:00,0.000000000
1935,2018-12-20 15:00:00,0.000000000
1936,2018-12-20 16:00:00,0.000000000
1937,2018-12-20 17:00:00,0.000000000
1938,2018-12-20 18:00:00,0.000000000
1939,2018-12-20 19:00:00,0.000000000
1940,2018-12-20 20:00:00,0.000000000
1941,2018-12-20 21:00:00,0.000000000
1942,2018-12-20 22:00:00,0.000000000
1943,2018-12-20 23:00:00,0.000000000
1944,2018-12-21 00:00:00,0.000000000
1945,2018-12-21 01:00:00,0.000000000
1946,2018-12-21 02:00:00,0.000000000
1947,2018-12-21 03:00:00,0.000000000
1948,2018-12-21 04:00:00,0.000000000
1949,2018-12-21 05:00:00,0.000000000
1950,2018-12-21 06:00:00,0.000000000
1951,2018-12-21 07:00:00,0.000000000
1952,2018-12-21 08:00:00,0.000000000
1953,2018-12-21 09:00:00,0.000000000
1954,2018-12-21 10:00:00,0.000000000
1955,2018-12-21 11:00:00,0.000000000
1956,2018-12-21 12:00:00,0.000000000
1957,2018-12-21 13:00:00,0.000000000
1958,2018-12-21 14:00:00,0.000000000
1959,2018-12-21 15:00:00,0.000000000
1960,2018-12-21 16:00:00,0.000000000
1961,2018-12-21 17:00:00,0.000000000
1962,2018-12-21 18:00:00,0.000000000
1963,2018-12-21 19:00:00,0.000000000
1964,2018-12-21 20:00:00,0.000000000
1965,2018-12-21 21:00:00,0.000000000
1966,2018-12-21 22:00:00,0.000000000
1967,2018-12-21 23:00:00,0.000000000
1968,2018-12-22 00:00:00,0.000000000
1969,2018-12-22 01:00:00,0.000865397
1970,2018-12-22 02:00:00,0.000029036
1971,2018-12-22 03:00:00,0.000011414
1972,2018-12-22 04:00:00,0.000007421
1973,2018-12-22 05:00:00,0.000007452
1974,2018-12-22 06:00:00,0.000002519
1975,2018-12-22 07:00:00,0.000006527
1976,2018-12-22 08:00:00,0.000008992
1977,2018-12-22 09:00:00,0.000032066
1978,2018-12-22 10:00:00,0.000027551
1979,2018-12-22 11:00:00,0.000015006
1980,2018-12-22 12:00:00,0.000039334
1981,2018-12-22 13:00:00,0.000053344
1982,2018-12-22 14:00:00,0.000064462
1983,2018-12-22 15:00:00,0.000050394
1984,2018-12-22 16:00:00,0.000059844
1985,2018-12-22 17:00:00,0.000046221
1986,2018-12-22 18:00:00,0.000038907
1987,2018-12-22 19:00:00,0.000021768
1988,2018-12-22 20:00:00,0.000010902
1989,2018-12-22 21:00:00,0.000011698
1990,2018-12-22 22:00:00,0.000008697
1991,2018-12-22 23:00:00,0.000003109
1992,2018-12-23 00:00:00,0.000001995
1993,2018-12-23 01:00:00,0.000001313
1994,2018-12-23 02:00:00,0.000000000
1995,2018-12-23 03:00:00,0.000000000
1996,2018-12-23 04:00:00,0.000000000
1997,2018-12-23 05:00:00,0.000000000
1998,2018-12-23 06:00:00,0.000000000
1999,2018-12-23 07:00:00,0.000000000
2000,2018-12-23 08:00:00,0.000000000
2001,2018-12-23 09:00:00,0.000000000
2002,2018-12-23 10:00:00,0.000000000
2003,2018-12-23 11:00:00,0.000000000
2004,2018-12-23 12:00:00,0.000000000
2005,2018-12-23 13:00:00,0.000000000
2006,2018-12-23 14:00:00,0.000000000
2007,2018-12-23 15:00:00,0.000000000
2008,2018-12-23 16:00:00,0.000000000
2009,2018-12-23 17:00:00,0.000000000
2010,2018-12-23 18:00:00,0.115789481
2011,2018-12-23 19:00:00,0.185796201
2012,2018-12-23 20:00:00,0.267308056
2013,2018-12-23 21:00:00,0.374507844
2014,2018-12-23 22:00:00,0.526209831
2015,2018-12-23 23:00:00,0.643089056
2016,2018-12-24 00:00:00,0.761893988
2017,2018-12-24 01:00:00,0.826187491
2018,2018-12-24 02:00:00,0.840253949
2019,2018-12-24 03:00:00,0.966705620
2020,2018-12-24 04:00:00,1.180766582
2021,2018-12-24 05:00:00,1.563152075
2022,2018-12-24 06:00:00,2.111708879
2023,2018-12-24 07:00:00,2.550106525
2024,2018-12-24 08:00:00,2.640110731
2025,2018-12-24 09:00:00,2.811401606
2026,2018-12-24 10:00:00,2.865467548
2027,2018-12-24 11:00:00,2.986973047
2028,2018-12-24 12:00:00,6.015945911
2029,2018-12-24 13:00:00,6.315722466
2030,2018-12-24 14:00:00,6.574754715
2031,2018-12-24 15:00:00,6.813200951
2032,2018-12-24 16:00:00,7.156689167
2033,2018-12-24 17:00:00,7.441434860
2034,2018-12-24 18:00:00,7.694501400
2035,2018-12-24 19:00:00,7.970067024
2036,2018-12-24 20:00:00,8.247100830
2037,2018-12-24 21:00:00,8.395493507
2038,2018-12-24 22:00:00,8.565458298
2039,2018-12-24 23:00:00,8.586690903
2040,2018-12-25 00:00:00,8.618188858
2041,2018-12-25 01:00:00,8.647756577
2042,2018-12-25 02:00:00,8.663545609
2043,2018-12-25 03:00:00,8.683433533
2044,2018-12-25 04:00:00,8.706493378
2045,2018-12-25 05:00:00,8.719512939
2046,2018-12-25 06:00:00,8.731619835
2047,2018-12-25 07:00:00,8.743611336
2048,2018-12-25 08:00:00,8.758589745
2049,2018-12-25 09:00:00,8.787703514
2050,2018-12-25 10:00:00,8.817766190
2051,2018-12-25 11:00:00,8.857095718
2052,2018-12-25 12:00:00,8.896210670
2053,2018-12-25 13:00:00,8.936958313
2054,2018-12-25 14:00:00,8.990470886
2055,2018-12-25 15:00:00,9.047063828
2056,2018-12-25 16:00:00,9.092302322
2057,2018-12-25 17:00:00,9.153154373
2058,2018-12-25 18:00:00,9.162340164
2059,2018-12-25 19:00:00,9.167846680
2060,2018-12-25 20:00:00,9.207599640
2061,2018-12-25 21:00:00,9.202328682
2062,2018-12-25 22:00:00,9.317723274
2063,2018-12-25 23:00:00,9.391096115
2064,2018-12-26 00:00:00,9.512700081
2065,2018-12-26 01:00:00,9.698977470
2066,2018-12-26 02:00:00,9.996968269
2067,2018-12-26 03:00:00,10.278891563
2068,2018-12-26 04:00:00,10.607272148
2069,2018-12-26 05:00:00,11.006910324
2070,2018-12-26 06:00:00,11.320565224
2071,2018-12-26 07:00:00,11.505786896
2072,2018-12-26 08:00:00,11.863086700
2073,2018-12-26 09:00:00,12.167478561
2074,2018-12-26 10:00:00,12.537340164
2075,2018-12-26 11:00:00,12.927252769
2076,2018-12-26 12:00:00,13.225740433
2077,2018-12-26 13:00:00,13.288875580
2078,2018-12-26 14:00:00,13.408207893
2079,2018-12-26 15:00:00,13.450978279
2080,2018-12-26 16:00:00,13.641754150
2081,2018-12-26 17:00:00,13.715280533
2082,2018-12-26 18:00:00,13.719839096
2083,2018-12-26 19:00:00,13.762314796
2084,2018-12-26 20:00:00,13.872535706
2085,2018-12-26 21:00:00,13.961033821
2086,2018-12-26 22:00:00,14.082268715
2087,2018-12-26 23:00:00,14.115942001
2088,2018-12-27 00:00:00,14.155202866
2089,2018-12-27 01:00:00,14.192293167
2090,2018-12-27 02:00:00,14.229342461
2091,2018-12-27 03:00:00,14.260547638
2092,2018-12-27 04:00:00,14.284776688
2093,2018-12-27 05:00:00,14.303905487
2094,2018-12-27 06:00:00,14.319922447
2095,2018-12-27 07:00:00,14.364220619
2096,2018-12-27 08:00:00,14.379523277
2097,2018-12-27 09:00:00,14.390079498
2098,2018-12-27 10:00:00,14.398988724
2099,2018-12-27 11:00:00,14.407289505
2100,2018-12-27 12:00:00,14.413099289
2101,2018-12-27 13:00:00,14.418283463
2102,2018-12-27 14:00:00,14.421698570
2103,2018-12-27 15:00:00,14.426975250
2104,2018-12-27 16:00:00,14.426259995
2105,2018-12-27 17:00:00,14.413417816
2106,2018-12-27 18:00:00,14.517795563
2107,2018-12-27 19:00:00,14.621101379
2108,2018-12-27 20:00:00,15.327419281
2109,2018-12-27 21:00:00,15.587802887
2110,2018-12-27 22:00:00,15.710016251
2111,2018-12-27 23:00:00,15.739160538
2112,2018-12-28 00:00:00,15.756076813
2113,2018-12-28 01:00:00,15.785369873
2114,2018-12-28 02:00:00,15.817182541
2115,2018-12-28 03:00:00,15.842030525
2116,2018-12-28 04:00:00,15.859937668
2117,2018-12-28 05:00:00,15.881134033
2118,2018-12-28 06:00:00,15.892405510
2119,2018-12-28 07:00:00,15.903211594
2120,2018-12-28 08:00:00,15.911651611
2121,2018-12-28 09:00:00,15.916582108
2122,2018-12-28 10:00:00,15.934995651
2123,2018-12-28 11:00:00,15.967437744
2124,2018-12-28 12:00:00,15.994520187
2125,2018-12-28 13:00:00,16.018245697
2126,2018-12-28 14:00:00,16.036344528
2127,2018-12-28 15:00:00,16.053436279
2128,2018-12-28 16:00:00,16.064928055
2129,2018-12-28 17:00:00,16.068531036
2130,2018-12-28 18:00:00,16.068550110
2131,2018-12-28 19:00:00,16.051198959
2132,2018-12-28 20:00:00,16.012134552
2133,2018-12-28 21:00:00,16.005298615
2134,2018-12-28 22:00:00,16.030908585
2135,2018-12-28 23:00:00,16.039119720
2136,2018-12-29 00:00:00,16.049263000
2137,2018-12-29 01:00:00,16.055810928
2138,2018-12-29 02:00:00,16.063018799
2139,2018-12-29 03:00:00,16.067655563
2140,2018-12-29 04:00:00,16.074256897
2141,2018-12-29 05:00:00,16.081054688
2142,2018-12-29 06:00:00,16.088165283
2143,2018-12-29 07:00:00,16.095382690
2144,2018-12-29 08:00:00,16.103048325
2145,2018-12-29 09:00:00,16.112655640
2146,2018-12-29 10:00:00,16.121200562
2147,2018-12-29 11:00:00,16.130353928
2148,2018-12-29 12:00:00,16.139221191
2149,2018-12-29 13:00:00,16.148864746
2150,2018-12-29 14:00:00,16.158226013
2151,2018-12-29 15:00:00,16.166416168
2152,2018-12-29 16:00:00,16.171697617
2153,2018-12-29 17:00:00,16.172235489
2154,2018-12-29 18:00:00,16.162565231
2155,2018-12-29 19:00:00,16.139238358
2156,2018-12-29 20:00:00,16.099237442
2157,2018-12-29 21:00:00,16.047243118
2158,2018-12-29 22:00:00,16.033258438
2159,2018-12-29 23:00:00,16.016971588
2160,2018-12-30 00:00:00,16.003231049
2161,2018-12-30 01:00:00,15.988292694
2162,2018-12-30 02:00:00,15.974773407
2163,2018-12-30 03:00:00,15.960860252
2164,2018-12-30 04:00:00,15.950493813
2165,2018-12-30 05:00:00,15.940069199
2166,2018-12-30 06:00:00,15.931108475
2167,2018-12-30 07:00:00,15.925661087
2168,2018-12-30 08:00:00,15.917359352
2169,2018-12-30 09:00:00,15.909475327
2170,2018-12-30 10:00:00,15.903673172
2171,2018-12-30 11:00:00,15.895187378
2172,2018-12-30 12:00:00,15.884756088
2173,2018-12-30 13:00:00,15.874481201
2174,2018-12-30 14:00:00,15.864717484
2175,2018-12-30 15:00:00,15.860241890
2176,2018-12-30 16:00:00,15.849588394
2177,2018-12-30 17:00:00,15.833301544
2178,2018-12-30 18:00:00,15.802018166
2179,2018-12-30 19:00:00,15.757626534
2180,2018-12-30 20:00:00,15.793727875
2181,2018-12-30 21:00:00,15.728221893
2182,2018-12-30 22:00:00,15.723847389
2183,2018-12-30 23:00:00,15.707153320
2184,2018-12-31 00:00:00,15.699650764
2185,2018-12-31 01:00:00,15.696058273
2186,2018-12-31 02:00:00,15.689043999
2187,2018-12-31 03:00:00,15.687320709
2188,2018-12-31 04:00:00,15.685483932
2189,2018-12-31 05:00:00,15.685239792
2190,2018-12-31 06:00:00,15.686767578
2191,2018-12-31 07:00:00,15.694509506
2192,2018-12-31 08:00:00,15.700855255
2193,2018-12-31 09:00:00,15.706234932
2194,2018-12-31 10:00:00,15.712024689
2195,2018-12-31 11:00:00,15.717269897
2196,2018-12-31 12:00:00,15.721581459
2197,2018-12-31 13:00:00,16.429147720
2198,2018-12-31 14:00:00,16.905462265
2199,2018-12-31 15:00:00,17.384458542
2200,2018-12-31 16:00:00,17.681598663
2201,2018-12-31 17:00:00,18.406375885
2202,2018-12-31 18:00:00,19.094890594
2203,2018-12-31 19:00:00,19.272987366
2204,2018-12-31 20:00:00,19.516281128
2205,2018-12-31 21:00:00,20.211238861
2206,2018-12-31 22:00:00,20.971876144
2207,2018-12-31 23:00:00,21.412853241
2208,2019-01-01 00:00:00,21.847961426
2209,2019-01-01 01:00:00,22.012266159
2210,2019-01-01 02:00:00,22.210008621
2211,2019-01-01 03:00:00,23.879133224
2212,2019-01-01 04:00:00,25.174140930
2213,2019-01-01 05:00:00,26.397689819
2214,2019-01-01 06:00:00,29.110372543
2215,2019-01-01 07:00:00,30.474248886
2216,2019-01-01 08:00:00,31.155553818
2217,2019-01-01 09:00:00,31.429874420
2218,2019-01-01 10:00:00,31.826471329
2219,2019-01-01 11:00:00,32.036537170
2220,2019-01-01 12:00:00,32.043807983
2221,2019-01-01 13:00:00,32.621307373
2222,2019-01-01 14:00:00,32.888286591
2223,2019-01-01 15:00:00,33.069545746
2224,2019-01-01 16:00:00,34.089126587
2225,2019-01-01 17:00:00,34.251693726
2226,2019-01-01 18:00:00,34.329116821
2227,2019-01-01 19:00:00,34.662666321
2228,2019-01-01 20:00:00,34.588127136
2229,2019-01-01 21:00:00,34.648418427
2230,2019-01-01 22:00:00,34.653320312
2231,2019-01-01 23:00:00,34.657264709
2232,2019-01-02 00:00:00,34.760345459
2233,2019-01-02 01:00:00,34.762218475
2234,2019-01-02 02:00:00,34.764144897
2235,2019-01-02 03:00:00,34.765964508
2236,2019-01-02 04:00:00,34.767890930
2237,2019-01-02 05:00:00,34.771026611
2238,2019-01-02 06:00:00,34.775852203
2239,2019-01-02 07:00:00,34.780059814
2240,2019-01-02 08:00:00,34.784297943
2241,2019-01-02 09:00:00,34.787929535
2242,2019-01-02 10:00:00,34.790477753
2243,2019-01-02 11:00:00,34.792247772
2244,2019-01-02 12:00:00,34.793643951
2245,2019-01-02 13:00:00,34.795433044
2246,2019-01-02 14:00:00,34.796966553
2247,2019-01-02 15:00:00,34.797973633
2248,2019-01-02 16:00:00,34.797195435
2249,2019-01-02 17:00:00,34.793663025
2250,2019-01-02 18:00:00,34.757049561
2251,2019-01-02 19:00:00,34.683242798
2252,2019-01-02 20:00:00,36.611289978
2253,2019-01-02 21:00:00,38.532424927
2254,2019-01-02 22:00:00,40.590690613
2255,2019-01-02 23:00:00,40.594951630
2256,2019-01-03 00:00:00,40.599090576
2257,2019-01-03 01:00:00,40.598648071
2258,2019-01-03 02:00:00,40.598320007
2259,2019-01-03 03:00:00,40.600219727
2260,2019-01-03 04:00:00,40.600906372
2261,2019-01-03 05:00:00,40.596801758
2262,2019-01-03 06:00:00,40.594093323
2263,2019-01-03 07:00:00,40.591960907
2264,2019-01-03 08:00:00,40.593383789
2265,2019-01-03 09:00:00,40.595230103
2266,2019-01-03 10:00:00,40.596946716
2267,2019-01-03 11:00:00,40.596992493
2268,2019-01-03 12:00:00,40.598251343
2269,2019-01-03 13:00:00,40.600822449
2270,2019-01-03 14:00:00,40.601928711
2271,2019-01-03 15:00:00,40.605537415
2272,2019-01-03 16:00:00,40.602481842
2273,2019-01-03 17:00:00,40.583023071
2274,2019-01-03 18:00:00,40.533683777
2275,2019-01-03 19:00:00,40.441654205
2276,2019-01-03 20:00:00,40.301666260
2277,2019-01-03 21:00:00,40.144050598
2278,2019-01-03 22:00:00,40.143516541
2279,2019-01-03 23:00:00,40.142375946
2280,2019-01-04 00:00:00,40.144512177
2281,2019-01-04 01:00:00,40.150512695
2282,2019-01-04 02:00:00,40.157096863
2283,2019-01-04 03:00:00,40.163848877
2284,2019-01-04 04:00:00,40.172039032
2285,2019-01-04 05:00:00,40.180057526
2286,2019-01-04 06:00:00,40.186683655
2287,2019-01-04 07:00:00,40.192749023
2288,2019-01-04 08:00:00,40.191757202
2289,2019-01-04 09:00:00,40.190196991
2290,2019-01-04 10:00:00,40.189125061
2291,2019-01-04 11:00:00,40.189044952
2292,2019-01-04 12:00:00,40.193466187
2293,2019-01-04 13:00:00,40.197406769
2294,2019-01-04 14:00:00,40.201469421
2295,2019-01-04 15:00:00,40.205253601
2296,2019-01-04 16:00:00,40.201549530
2297,2019-01-04 17:00:00,40.187992096
2298,2019-01-04 18:00:00,40.123565674
2299,2019-01-04 19:00:00,40.008995056
2300,2019-01-04 20:00:00,39.827087402
2301,2019-01-04 21:00:00,39.435214996
2302,2019-01-04 22:00:00,39.289119720
2303,2019-01-04 23:00:00,39.166210175
2304,2019-01-05 00:00:00,39.058616638
2305,2019-01-05 01:00:00,38.966011047
2306,2019-01-05 02:00:00,38.888393402
2307,2019-01-05 03:00:00,38.821392059
2308,2019-01-05 04:00:00,38.763206482
2309,2019-01-05 05:00:00,38.712253571
2310,2019-01-05 06:00:00,38.668346405
2311,2019-01-05 07:00:00,38.628509521
2312,2019-01-05 08:00:00,38.593482971
2313,2019-01-05 09:00:00,38.562366486
2314,2019-01-05 10:00:00,38.534229279
2315,2019-01-05 11:00:00,38.508625031
2316,2019-01-05 12:00:00,38.485755920
2317,2019-01-05 13:00:00,38.466335297
2318,2019-01-05 14:00:00,38.448616028
2319,2019-01-05 15:00:00,38.432197571
2320,2019-01-05 16:00:00,38.413536072
2321,2019-01-05 17:00:00,38.386787415
2322,2019-01-05 18:00:00,38.391506195
2323,2019-01-05 19:00:00,38.602195740
2324,2019-01-05 20:00:00,39.136116028
2325,2019-01-05 21:00:00,40.461421967
2326,2019-01-05 22:00:00,42.629245758
2327,2019-01-05 23:00:00,43.288314819
2328,2019-01-06 00:00:00,43.467529297
2329,2019-01-06 01:00:00,43.309829712
2330,2019-01-06 02:00:00,43.175647736
2331,2019-01-06 03:00:00,43.060802460
2332,2019-01-06 04:00:00,42.963676453
2333,2019-01-06 05:00:00,42.881813049
2334,2019-01-06 06:00:00,42.812454224
2335,2019-01-06 07:00:00,42.762058258
2336,2019-01-06 08:00:00,42.721813202
2337,2019-01-06 09:00:00,42.684364319
2338,2019-01-06 10:00:00,42.651954651
2339,2019-01-06 11:00:00,42.883464813
2340,2019-01-06 12:00:00,43.386135101
2341,2019-01-06 13:00:00,43.693626404
2342,2019-01-06 14:00:00,44.936317444
2343,2019-01-06 15:00:00,45.504760742
2344,2019-01-06 16:00:00,46.157821655
2345,2019-01-06 17:00:00,47.204704285
2346,2019-01-06 18:00:00,47.774230957
2347,2019-01-06 19:00:00,48.126380920
2348,2019-01-06 20:00:00,51.387142181
2349,2019-01-06 21:00:00,53.422466278
2350,2019-01-06 22:00:00,55.599449158
2351,2019-01-06 23:00:00,56.729896545
2352,2019-01-07 00:00:00,57.501777649
2353,2019-01-07 01:00:00,57.809379578
2354,2019-01-07 02:00:00,58.378330231
2355,2019-01-07 03:00:00,58.388732910
2356,2019-01-07 04:00:00,58.398292542
2357,2019-01-07 05:00:00,58.710746765
2358,2019-01-07 06:00:00,58.725303650
2359,2019-01-07 07:00:00,58.741203308
2360,2019-01-07 08:00:00,58.755012512
2361,2019-01-07 09:00:00,58.767700195
2362,2019-01-07 10:00:00,58.775794983
2363,2019-01-07 11:00:00,58.783027649
2364,2019-01-07 12:00:00,58.792602539
2365,2019-01-07 13:00:00,58.803054810
2366,2019-01-07 14:00:00,58.811645508
2367,2019-01-07 15:00:00,58.818466187
2368,2019-01-07 16:00:00,58.819122314
2369,2019-01-07 17:00:00,64.864395142
2370,2019-01-07 18:00:00,64.836425781
2371,2019-01-07 19:00:00,64.786026001
2372,2019-01-07 20:00:00,64.694702148
2373,2019-01-07 21:00:00,64.546798706
2374,2019-01-07 22:00:00,64.550033569
2375,2019-01-07 23:00:00,64.554153442
2376,2019-01-08 00:00:00,64.569755554
2377,2019-01-08 01:00:00,64.576889038
2378,2019-01-08 02:00:00,64.584655762
2379,2019-01-08 03:00:00,64.594032288
2380,2019-01-08 04:00:00,64.603240967
2381,2019-01-08 05:00:00,64.611068726
2382,2019-01-08 06:00:00,64.619087219
2383,2019-01-08 07:00:00,64.628105164
2384,2019-01-08 08:00:00,64.637603760
2385,2019-01-08 09:00:00,64.647674561
2386,2019-01-08 10:00:00,64.656387329
2387,2019-01-08 11:00:00,64.666976929
2388,2019-01-08 12:00:00,64.676483154
2389,2019-01-08 13:00:00,64.684608459
2390,2019-01-08 14:00:00,64.692497253
2391,2019-01-08 15:00:00,64.698768616
2392,2019-01-08 16:00:00,64.698883057
2393,2019-01-08 17:00:00,64.686897278
2394,2019-01-08 18:00:00,64.622406006
2395,2019-01-08 19:00:00,64.513648987
2396,2019-01-08 20:00:00,64.175941467
2397,2019-01-08 21:00:00,63.426490784
2398,2019-01-08 22:00:00,62.974239349
2399,2019-01-08 23:00:00,62.593711853
2400,2019-01-09 00:00:00,62.276882172
2401,2019-01-09 01:00:00,62.010028839
2402,2019-01-09 02:00:00,61.785346985
2403,2019-01-09 03:00:00,61.595588684
2404,2019-01-09 04:00:00,61.435867310
2405,2019-01-09 05:00:00,61.299861908
2406,2019-01-09 06:00:00,61.183673859
2407,2019-01-09 07:00:00,61.084156036
2408,2019-01-09 08:00:00,60.999240875
2409,2019-01-09 09:00:00,60.927818298
2410,2019-01-09 10:00:00,60.867229462
2411,2019-01-09 11:00:00,60.815196991
2412,2019-01-09 12:00:00,60.768367767
2413,2019-01-09 13:00:00,60.726047516
2414,2019-01-09 14:00:00,60.689128876
2415,2019-01-09 15:00:00,60.656352997
2416,2019-01-09 16:00:00,60.625568390
2417,2019-01-09 17:00:00,60.591667175
2418,2019-01-09 18:00:00,60.514328003
2419,2019-01-09 19:00:00,60.384376526
2420,2019-01-09 20:00:00,59.953739166
2421,2019-01-09 21:00:00,59.187030792
2422,2019-01-09 22:00:00,58.728553772
2423,2019-01-09 23:00:00,58.348445892
2424,2019-01-10 00:00:00,58.032463074
2425,2019-01-10 01:00:00,57.768737793
2426,2019-01-10 02:00:00,57.549392700
2427,2019-01-10 03:00:00,57.366302490
2428,2019-01-10 04:00:00,57.212871552
2429,2019-01-10 05:00:00,57.085784912
2430,2019-01-10 06:00:00,56.980155945
2431,2019-01-10 07:00:00,56.891365051
2432,2019-01-10 08:00:00,56.816600800
2433,2019-01-10 09:00:00,56.752838135
2434,2019-01-10 10:00:00,56.700168610
2435,2019-01-10 11:00:00,56.656440735
2436,2019-01-10 12:00:00,56.617980957
2437,2019-01-10 13:00:00,56.584857941
2438,2019-01-10 14:00:00,56.556957245
2439,2019-01-10 15:00:00,56.532501221
2440,2019-01-10 16:00:00,56.509883881
2441,2019-01-10 17:00:00,56.483039856
2442,2019-01-10 18:00:00,56.411582947
2443,2019-01-10 19:00:00,56.289455414
2444,2019-01-10 20:00:00,56.093860626
2445,2019-01-10 21:00:00,55.453041077
2446,2019-01-10 22:00:00,55.111232758
2447,2019-01-10 23:00:00,54.831043243
2448,2019-01-11 00:00:00,54.598468781
2449,2019-01-11 01:00:00,54.456233978
2450,2019-01-11 02:00:00,54.297004700
2451,2019-01-11 03:00:00,54.165534973
2452,2019-01-11 04:00:00,54.058448792
2453,2019-01-11 05:00:00,53.967937469
2454,2019-01-11 06:00:00,53.892799377
2455,2019-01-11 07:00:00,53.831043243
2456,2019-01-11 08:00:00,53.778995514
2457,2019-01-11 09:00:00,53.736076355
2458,2019-01-11 10:00:00,53.700626373
2459,2019-01-11 11:00:00,53.672050476
2460,2019-01-11 12:00:00,53.648880005
2461,2019-01-11 13:00:00,53.629348755
2462,2019-01-11 14:00:00,53.613754272
2463,2019-01-11 15:00:00,53.599609375
2464,2019-01-11 16:00:00,53.578205109
2465,2019-01-11 17:00:00,53.542877197
2466,2019-01-11 18:00:00,53.483009338
2467,2019-01-11 19:00:00,53.390941620
2468,2019-01-11 20:00:00,53.132522583
2469,2019-01-11 21:00:00,52.457431793
2470,2019-01-11 22:00:00,52.026340485
2471,2019-01-11 23:00:00,51.671237946
2472,2019-01-12 00:00:00,51.383563995
2473,2019-01-12 01:00:00,51.146556854
2474,2019-01-12 02:00:00,50.952625275
2475,2019-01-12 03:00:00,50.795341492
2476,2019-01-12 04:00:00,50.666637421
2477,2019-01-12 05:00:00,50.560386658
2478,2019-01-12 06:00:00,50.467929840
2479,2019-01-12 07:00:00,50.391189575
2480,2019-01-12 08:00:00,50.328208923
2481,2019-01-12 09:00:00,50.274101257
2482,2019-01-12 10:00:00,50.230567932
2483,2019-01-12 11:00:00,50.192680359
2484,2019-01-12 12:00:00,50.174095154
2485,2019-01-12 13:00:00,50.144214630
2486,2019-01-12 14:00:00,50.118633270
2487,2019-01-12 15:00:00,50.096370697
2488,2019-01-12 16:00:00,50.144969940
2489,2019-01-12 17:00:00,50.165435791
2490,2019-01-12 18:00:00,50.154186249
2491,2019-01-12 19:00:00,50.132507324
2492,2019-01-12 20:00:00,50.052822113
2493,2019-01-12 21:00:00,49.968090057
2494,2019-01-12 22:00:00,49.931983948
2495,2019-01-12 23:00:00,49.891384125
2496,2019-01-13 00:00:00,49.866222382
2497,2019-01-13 01:00:00,49.855216980
2498,2019-01-13 02:00:00,49.857868195
2499,2019-01-13 03:00:00,49.863670349
2500,2019-01-13 04:00:00,49.870651245
2501,2019-01-13 05:00:00,49.876087189
2502,2019-01-13 06:00:00,49.881477356
2503,2019-01-13 07:00:00,49.889724731
2504,2019-01-13 08:00:00,49.896812439
2505,2019-01-13 09:00:00,49.904502869
2506,2019-01-13 10:00:00,49.909511566
2507,2019-01-13 11:00:00,49.916282654
2508,2019-01-13 12:00:00,49.923603058
2509,2019-01-13 13:00:00,49.930053711
2510,2019-01-13 14:00:00,49.934604645
2511,2019-01-13 15:00:00,49.938705444
2512,2019-01-13 16:00:00,49.939983368
2513,2019-01-13 17:00:00,49.973693848
2514,2019-01-13 18:00:00,49.957870483
2515,2019-01-13 19:00:00,49.934879303
2516,2019-01-13 20:00:00,50.249271393
2517,2019-01-13 21:00:00,50.212459564
2518,2019-01-13 22:00:00,50.266170502
2519,2019-01-13 23:00:00,50.288249969
2520,2019-01-14 00:00:00,50.307819366
2521,2019-01-14 01:00:00,50.319221497
2522,2019-01-14 02:00:00,50.330848694
2523,2019-01-14 03:00:00,50.343608856
2524,2019-01-14 04:00:00,50.354614258
2525,2019-01-14 05:00:00,50.367813110
2526,2019-01-14 06:00:00,50.377765656
2527,2019-01-14 07:00:00,50.388149261
2528,2019-01-14 08:00:00,50.400192261
2529,2019-01-14 09:00:00,50.413307190
2530,2019-01-14 10:00:00,50.428829193
2531,2019-01-14 11:00:00,50.445163727
2532,2019-01-14 12:00:00,50.461124420
2533,2019-01-14 13:00:00,50.477691650
2534,2019-01-14 14:00:00,50.493156433
2535,2019-01-14 15:00:00,50.504985809
2536,2019-01-14 16:00:00,50.513702393
2537,2019-01-14 17:00:00,50.516857147
2538,2019-01-14 18:00:00,50.499095917
2539,2019-01-14 19:00:00,50.445079803
2540,2019-01-14 20:00:00,50.318782806
2541,2019-01-14 21:00:00,50.188865662
2542,2019-01-14 22:00:00,50.096168518
2543,2019-01-14 23:00:00,50.114562988
2544,2019-01-15 00:00:00,50.129020691
2545,2019-01-15 01:00:00,50.141498566
2546,2019-01-15 02:00:00,50.150993347
2547,2019-01-15 03:00:00,50.160072327
2548,2019-01-15 04:00:00,50.169242859
2549,2019-01-15 05:00:00,50.178352356
2550,2019-01-15 06:00:00,50.188087463
2551,2019-01-15 07:00:00,50.198459625
2552,2019-01-15 08:00:00,50.209430695
2553,2019-01-15 09:00:00,50.219852448
2554,2019-01-15 10:00:00,50.229053497
2555,2019-01-15 11:00:00,50.239505768
2556,2019-01-15 12:00:00,50.246818542
2557,2019-01-15 13:00:00,50.254070282
2558,2019-01-15 14:00:00,50.261737823
2559,2019-01-15 15:00:00,50.267276764
2560,2019-01-15 16:00:00,50.271812439
2561,2019-01-15 17:00:00,50.270446777
2562,2019-01-15 18:00:00,50.514610291
2563,2019-01-15 19:00:00,50.472576141
2564,2019-01-15 20:00:00,50.700958252
2565,2019-01-15 21:00:00,51.030570984
2566,2019-01-15 22:00:00,52.074642181
2567,2019-01-15 23:00:00,53.806247711
2568,2019-01-16 00:00:00,54.293312073
2569,2019-01-16 01:00:00,54.583003998
2570,2019-01-16 02:00:00,54.871482849
2571,2019-01-16 03:00:00,54.884605408
2572,2019-01-16 04:00:00,54.897411346
2573,2019-01-16 05:00:00,54.910175323
2574,2019-01-16 06:00:00,55.725906372
2575,2019-01-16 07:00:00,56.923622131
2576,2019-01-16 08:00:00,58.417427063
2577,2019-01-16 09:00:00,58.904861450
2578,2019-01-16 10:00:00,59.716049194
2579,2019-01-16 11:00:00,59.729362488
2580,2019-01-16 12:00:00,59.742462158
2581,2019-01-16 13:00:00,62.606212616
2582,2019-01-16 14:00:00,63.193847656
2583,2019-01-16 15:00:00,63.199275970
2584,2019-01-16 16:00:00,63.685428619
2585,2019-01-16 17:00:00,65.065773010
2586,2019-01-16 18:00:00,66.180549622
2587,2019-01-16 19:00:00,67.628242493
2588,2019-01-16 20:00:00,68.630958557
2589,2019-01-16 21:00:00,69.859558105
2590,2019-01-16 22:00:00,69.921600342
2591,2019-01-16 23:00:00,69.930725098
2592,2019-01-17 00:00:00,69.948684692
2593,2019-01-17 01:00:00,69.959823608
2594,2019-01-17 02:00:00,69.970741272
2595,2019-01-17 03:00:00,69.981590271
2596,2019-01-17 04:00:00,69.990158081
2597,2019-01-17 05:00:00,69.995689392
2598,2019-01-17 06:00:00,70.003059387
2599,2019-01-17 07:00:00,70.011497498
2600,2019-01-17 08:00:00,70.022392273
2601,2019-01-17 09:00:00,70.034698486
2602,2019-01-17 10:00:00,70.047271729
2603,2019-01-17 11:00:00,70.059516907
2604,2019-01-17 12:00:00,70.067497253
2605,2019-01-17 13:00:00,70.072341919
2606,2019-01-17 14:00:00,70.078346252
2607,2019-01-17 15:00:00,70.084457397
2608,2019-01-17 16:00:00,70.087928772
2609,2019-01-17 17:00:00,70.082122803
2610,2019-01-17 18:00:00,70.036857605
2611,2019-01-17 19:00:00,71.024078369
2612,2019-01-17 20:00:00,73.354141235
2613,2019-01-17 21:00:00,75.872535706
2614,2019-01-17 22:00:00,76.710037231
2615,2019-01-17 23:00:00,77.243148804
2616,2019-01-18 00:00:00,76.978042603
2617,2019-01-18 01:00:00,79.337463379
2618,2019-01-18 02:00:00,80.008750916
2619,2019-01-18 03:00:00,80.648345947
2620,2019-01-18 04:00:00,81.028686523
2621,2019-01-18 05:00:00,81.171768188
2622,2019-01-18 06:00:00,82.721450806
2623,2019-01-18 07:00:00,86.928398132
2624,2019-01-18 08:00:00,89.111671448
2625,2019-01-18 09:00:00,90.760910034
2626,2019-01-18 10:00:00,92.943481445
2627,2019-01-18 11:00:00,94.281646729
2628,2019-01-18 12:00:00,94.792480469
2629,2019-01-18 13:00:00,100.808502197
2630,2019-01-18 14:00:00,100.817771912
2631,2019-01-18 15:00:00,100.828903198
2632,2019-01-18 16:00:00,100.834159851
2633,2019-01-18 17:00:00,100.828994751
2634,2019-01-18 18:00:00,100.800682068
2635,2019-01-18 19:00:00,100.881935120
2636,2019-01-18 20:00:00,100.798484802
2637,2019-01-18 21:00:00,100.708534241
2638,2019-01-18 22:00:00,100.624877930
2639,2019-01-18 23:00:00,100.633697510
2640,2019-01-19 00:00:00,100.648468018
2641,2019-01-19 01:00:00,100.662322998
2642,2019-01-19 02:00:00,100.674163818
2643,2019-01-19 03:00:00,100.685676575
2644,2019-01-19 04:00:00,100.695968628
2645,2019-01-19 05:00:00,100.706153870
2646,2019-01-19 06:00:00,100.716583252
2647,2019-01-19 07:00:00,100.726547241
2648,2019-01-19 08:00:00,100.724304199
2649,2019-01-19 09:00:00,100.708885193
2650,2019-01-19 10:00:00,100.681900024
2651,2019-01-19 11:00:00,100.649360657
2652,2019-01-19 12:00:00,100.609870911
2653,2019-01-19 13:00:00,100.565322876
2654,2019-01-19 14:00:00,100.517730713
2655,2019-01-19 15:00:00,100.465339661
2656,2019-01-19 16:00:00,100.398185730
2657,2019-01-19 17:00:00,100.317604065
2658,2019-01-19 18:00:00,100.212982178
2659,2019-01-19 19:00:00,100.079788208
2660,2019-01-19 20:00:00,99.887611389
2661,2019-01-19 21:00:00,99.744949341
2662,2019-01-19 22:00:00,99.324096680
2663,2019-01-19 23:00:00,99.082763672
2664,2019-01-20 00:00:00,98.869949341
2665,2019-01-20 01:00:00,98.682083130
2666,2019-01-20 02:00:00,98.517051697
2667,2019-01-20 03:00:00,98.373672485
2668,2019-01-20 04:00:00,98.247413635
2669,2019-01-20 05:00:00,98.136482239
2670,2019-01-20 06:00:00,98.037475586
2671,2019-01-20 07:00:00,97.949913025
2672,2019-01-20 08:00:00,97.868858337
2673,2019-01-20 09:00:00,97.796974182
2674,2019-01-20 10:00:00,97.730743408
2675,2019-01-20 11:00:00,97.668907166
2676,2019-01-20 12:00:00,97.612129211
2677,2019-01-20 13:00:00,97.560821533
2678,2019-01-20 14:00:00,97.512428284
2679,2019-01-20 15:00:00,97.466056824
2680,2019-01-20 16:00:00,97.417915344
2681,2019-01-20 17:00:00,97.364196777
2682,2019-01-20 18:00:00,97.269584656
2683,2019-01-20 19:00:00,97.124916077
2684,2019-01-20 20:00:00,96.640769958
2685,2019-01-20 21:00:00,95.805656433
2686,2019-01-20 22:00:00,94.717445374
2687,2019-01-20 23:00:00,93.959129333
2688,2019-01-21 00:00:00,93.334877014
2689,2019-01-21 01:00:00,92.816162109
2690,2019-01-21 02:00:00,92.382202148
2691,2019-01-21 03:00:00,92.019515991
2692,2019-01-21 04:00:00,91.716552734
2693,2019-01-21 05:00:00,91.463096619
2694,2019-01-21 06:00:00,91.250251770
2695,2019-01-21 07:00:00,91.075325012
2696,2019-01-21 08:00:00,90.929122925
2697,2019-01-21 09:00:00,90.806915283
2698,2019-01-21 10:00:00,90.705917358
2699,2019-01-21 11:00:00,90.620101929
2700,2019-01-21 12:00:00,90.545661926
2701,2019-01-21 13:00:00,90.482879639
2702,2019-01-21 14:00:00,90.430480957
2703,2019-01-21 15:00:00,90.385116577
2704,2019-01-21 16:00:00,90.343811035
2705,2019-01-21 17:00:00,90.291732788
2706,2019-01-21 18:00:00,91.385818481
2707,2019-01-21 19:00:00,91.308990479
2708,2019-01-21 20:00:00,91.201858521
2709,2019-01-21 21:00:00,91.066230774
2710,2019-01-21 22:00:00,90.947845459
2711,2019-01-21 23:00:00,90.925071716
2712,2019-01-22 00:00:00,92.073455811
2713,2019-01-22 01:00:00,92.061332703
2714,2019-01-22 02:00:00,92.049163818
2715,2019-01-22 03:00:00,92.036758423
2716,2019-01-22 04:00:00,92.021614075
2717,2019-01-22 05:00:00,92.006408691
2718,2019-01-22 06:00:00,91.990379333
2719,2019-01-22 07:00:00,91.976150513
2720,2019-01-22 08:00:00,91.966003418
2721,2019-01-22 09:00:00,91.959144592
2722,2019-01-22 10:00:00,91.949928284
2723,2019-01-22 11:00:00,91.939125061
2724,2019-01-22 12:00:00,91.927139282
2725,2019-01-22 13:00:00,91.914718628
2726,2019-01-22 14:00:00,91.904251099
2727,2019-01-22 15:00:00,91.891204834
2728,2019-01-22 16:00:00,91.875511169
2729,2019-01-22 17:00:00,91.851112366
2730,2019-01-22 18:00:00,91.805862427
2731,2019-01-22 19:00:00,91.747596741
2732,2019-01-22 20:00:00,91.651268005
2733,2019-01-22 21:00:00,91.549705505
2734,2019-01-22 22:00:00,91.441902161
2735,2019-01-22 23:00:00,91.431793213
2736,2019-01-23 00:00:00,91.423057556
2737,2019-01-23 01:00:00,91.412536621
2738,2019-01-23 02:00:00,91.404212952
2739,2019-01-23 03:00:00,91.394348145
2740,2019-01-23 04:00:00,91.383682251
2741,2019-01-23 05:00:00,91.373321533
2742,2019-01-23 06:00:00,91.365798950
2743,2019-01-23 07:00:00,91.356697083
2744,2019-01-23 08:00:00,91.345252991
2745,2019-01-23 09:00:00,91.331970215
2746,2019-01-23 10:00:00,91.317390442
2747,2019-01-23 11:00:00,91.308479309
2748,2019-01-23 12:00:00,91.300765991
2749,2019-01-23 13:00:00,91.293228149
2750,2019-01-23 14:00:00,91.285667419
2751,2019-01-23 15:00:00,91.276527405
2752,2019-01-23 16:00:00,91.259712219
2753,2019-01-23 17:00:00,91.237190247
2754,2019-01-23 18:00:00,91.185607910
2755,2019-01-23 19:00:00,94.561737061
2756,2019-01-23 20:00:00,94.460411072
2757,2019-01-23 21:00:00,94.338249207
2758,2019-01-23 22:00:00,94.224510193
2759,2019-01-23 23:00:00,94.233993530
2760,2019-01-24 00:00:00,94.245117188
2761,2019-01-24 01:00:00,94.253845215
2762,2019-01-24 02:00:00,94.266517639
2763,2019-01-24 03:00:00,94.279571533
2764,2019-01-24 04:00:00,94.291473389
2765,2019-01-24 05:00:00,94.303497314
2766,2019-01-24 06:00:00,94.314666748
2767,2019-01-24 07:00:00,94.326690674
2768,2019-01-24 08:00:00,94.337074280
2769,2019-01-24 09:00:00,94.345352173
2770,2019-01-24 10:00:00,94.352577209
2771,2019-01-24 11:00:00,94.360580444
2772,2019-01-24 12:00:00,94.370086670
2773,2019-01-24 13:00:00,94.509002686
2774,2019-01-24 14:00:00,94.631805420
2775,2019-01-24 15:00:00,94.641281128
2776,2019-01-24 16:00:00,94.703399658
2777,2019-01-24 17:00:00,94.789344788
2778,2019-01-24 18:00:00,94.765457153
2779,2019-01-24 19:00:00,94.716308594
2780,2019-01-24 20:00:00,94.632904053
2781,2019-01-24 21:00:00,94.534896851
2782,2019-01-24 22:00:00,94.438690186
2783,2019-01-24 23:00:00,94.446044922
2784,2019-01-25 00:00:00,94.453872681
2785,2019-01-25 01:00:00,94.463241577
2786,2019-01-25 02:00:00,94.470428467
2787,2019-01-25 03:00:00,94.475860596
2788,2019-01-25 04:00:00,94.481506348
2789,2019-01-25 05:00:00,94.488708496
2790,2019-01-25 06:00:00,94.496368408
2791,2019-01-25 07:00:00,94.561645508
2792,2019-01-25 08:00:00,94.571128845
2793,2019-01-25 09:00:00,94.581611633
2794,2019-01-25 10:00:00,94.590919495
2795,2019-01-25 11:00:00,94.599197388
2796,2019-01-25 12:00:00,94.606605530
2797,2019-01-25 13:00:00,94.609298706
2798,2019-01-25 14:00:00,94.611892700
2799,2019-01-25 15:00:00,94.612091064
2800,2019-01-25 16:00:00,94.604301453
2801,2019-01-25 17:00:00,94.584259033
2802,2019-01-25 18:00:00,94.540435791
2803,2019-01-25 19:00:00,94.469955444
2804,2019-01-25 20:00:00,94.357139587
2805,2019-01-25 21:00:00,94.226760864
2806,2019-01-25 22:00:00,94.082717896
2807,2019-01-25 23:00:00,94.074821472
2808,2019-01-26 00:00:00,94.069664001
2809,2019-01-26 01:00:00,94.061691284
2810,2019-01-26 02:00:00,94.053833008
2811,2019-01-26 03:00:00,94.044281006
2812,2019-01-26 04:00:00,94.033538818
2813,2019-01-26 05:00:00,94.022346497
2814,2019-01-26 06:00:00,94.012512207
2815,2019-01-26 07:00:00,94.006179810
2816,2019-01-26 08:00:00,93.999130249
2817,2019-01-26 09:00:00,93.992538452
2818,2019-01-26 10:00:00,93.986885071
2819,2019-01-26 11:00:00,93.978500366
2820,2019-01-26 12:00:00,93.967536926
2821,2019-01-26 13:00:00,93.958297729
2822,2019-01-26 14:00:00,93.948173523
2823,2019-01-26 15:00:00,93.934814453
2824,2019-01-26 16:00:00,93.927017212
2825,2019-01-26 17:00:00,93.902503967
2826,2019-01-26 18:00:00,93.855117798
2827,2019-01-26 19:00:00,93.782775879
2828,2019-01-26 20:00:00,93.673812866
2829,2019-01-26 21:00:00,93.414588928
2830,2019-01-26 22:00:00,92.986396790
2831,2019-01-26 23:00:00,92.723381042
2832,2019-01-27 00:00:00,92.506057739
2833,2019-01-27 01:00:00,92.324302673
2834,2019-01-27 02:00:00,92.175575256
2835,2019-01-27 03:00:00,92.056289673
2836,2019-01-27 04:00:00,91.957855225
2837,2019-01-27 05:00:00,91.877388000
2838,2019-01-27 06:00:00,91.809165955
2839,2019-01-27 07:00:00,91.754478455
2840,2019-01-27 08:00:00,91.707611084
2841,2019-01-27 09:00:00,91.668685913
2842,2019-01-27 10:00:00,91.637001038
2843,2019-01-27 11:00:00,91.614250183
2844,2019-01-27 12:00:00,91.596435547
2845,2019-01-27 13:00:00,91.583091736
2846,2019-01-27 14:00:00,91.572578430
2847,2019-01-27 15:00:00,91.556449890
2848,2019-01-27 16:00:00,91.535209656
2849,2019-01-27 17:00:00,91.503486633
2850,2019-01-27 18:00:00,91.439086914
2851,2019-01-27 19:00:00,91.331459045
2852,2019-01-27 20:00:00,91.166931152
2853,2019-01-27 21:00:00,90.598373413
2854,2019-01-27 22:00:00,89.655731201
2855,2019-01-27 23:00:00,89.016876221
2856,2019-01-28 00:00:00,88.500610352
2857,2019-01-28 01:00:00,88.076026917
2858,2019-01-28 02:00:00,87.726547241
2859,2019-01-28 03:00:00,87.441680908
2860,2019-01-28 04:00:00,87.211700439
2861,2019-01-28 05:00:00,87.023658752
2862,2019-01-28 06:00:00,86.871780396
2863,2019-01-28 07:00:00,86.746063232
2864,2019-01-28 08:00:00,86.642311096
2865,2019-01-28 09:00:00,86.558029175
2866,2019-01-28 10:00:00,86.488754272
2867,2019-01-28 11:00:00,86.430747986
2868,2019-01-28 12:00:00,86.384513855
2869,2019-01-28 13:00:00,86.347038269
2870,2019-01-28 14:00:00,86.316406250
2871,2019-01-28 15:00:00,86.291046143
2872,2019-01-28 16:00:00,86.267959595
2873,2019-01-28 17:00:00,86.233711243
2874,2019-01-28 18:00:00,86.180526733
2875,2019-01-28 19:00:00,86.109657288
2876,2019-01-28 20:00:00,86.003471375
2877,2019-01-28 21:00:00,85.897567749
2878,2019-01-28 22:00:00,85.790534973
2879,2019-01-28 23:00:00,85.788398743
2880,2019-01-29 00:00:00,85.788238525
2881,2019-01-29 01:00:00,85.786964417
2882,2019-01-29 02:00:00,85.785881042
2883,2019-01-29 03:00:00,85.783721924
2884,2019-01-29 04:00:00,85.779441833
2885,2019-01-29 05:00:00,85.774063110
2886,2019-01-29 06:00:00,85.767799377
2887,2019-01-29 07:00:00,85.761840820
2888,2019-01-29 08:00:00,85.756668091
2889,2019-01-29 09:00:00,85.749794006
2890,2019-01-29 10:00:00,85.743026733
2891,2019-01-29 11:00:00,85.737548828
2892,2019-01-29 12:00:00,85.733016968
2893,2019-01-29 13:00:00,85.729476929
2894,2019-01-29 14:00:00,85.726394653
2895,2019-01-29 15:00:00,85.721054077
2896,2019-01-29 16:00:00,85.711471558
2897,2019-01-29 17:00:00,85.680984497
2898,2019-01-29 18:00:00,85.618080139
2899,2019-01-29 19:00:00,85.523437500
2900,2019-01-29 20:00:00,85.181587219
2901,2019-01-29 21:00:00,84.762870789
2902,2019-01-29 22:00:00,84.158843994
2903,2019-01-29 23:00:00,83.767150879
2904,2019-01-30 00:00:00,83.443374634
2905,2019-01-30 01:00:00,83.171096802
2906,2019-01-30 02:00:00,82.953979492
2907,2019-01-30 03:00:00,82.775772095
2908,2019-01-30 04:00:00,82.630691528
2909,2019-01-30 05:00:00,82.513336182
2910,2019-01-30 06:00:00,82.418426514
2911,2019-01-30 07:00:00,82.343673706
2912,2019-01-30 08:00:00,82.282569885
2913,2019-01-30 09:00:00,82.233634949
2914,2019-01-30 10:00:00,82.193542480
2915,2019-01-30 11:00:00,82.160247803
2916,2019-01-30 12:00:00,82.132980347
2917,2019-01-30 13:00:00,82.112312317
2918,2019-01-30 14:00:00,82.100128174
2919,2019-01-30 15:00:00,82.095626831
2920,2019-01-30 16:00:00,82.092056274
2921,2019-01-30 17:00:00,82.084312439
2922,2019-01-30 18:00:00,82.040893555
2923,2019-01-30 19:00:00,81.957519531
2924,2019-01-30 20:00:00,81.807846069
2925,2019-01-30 21:00:00,81.645446777
2926,2019-01-30 22:00:00,81.395439148
2927,2019-01-30 23:00:00,81.322792053
2928,2019-01-31 00:00:00,81.263626099
2929,2019-01-31 01:00:00,81.214790344
2930,2019-01-31 02:00:00,81.175323486
2931,2019-01-31 03:00:00,81.145629883
2932,2019-01-31 04:00:00,81.122123718
2933,2019-01-31 05:00:00,81.102523804
2934,2019-01-31 06:00:00,81.086669922
2935,2019-01-31 07:00:00,81.074813843
2936,2019-01-31 08:00:00,81.065933228
2937,2019-01-31 09:00:00,81.058372498
2938,2019-01-31 10:00:00,81.052268982
2939,2019-01-31 11:00:00,81.047737122
2940,2019-01-31 12:00:00,81.046424866
2941,2019-01-31 13:00:00,81.045410156
2942,2019-01-31 14:00:00,81.045211792
2943,2019-01-31 15:00:00,81.045463562
2944,2019-01-31 16:00:00,81.043502808
2945,2019-01-31 17:00:00,81.030906677
2946,2019-01-31 18:00:00,80.973800659
2947,2019-01-31 19:00:00,80.867477417
2948,2019-01-31 20:00:00,80.686286926
2949,2019-01-31 21:00:00,80.132133484
2950,2019-01-31 22:00:00,79.395797729
2951,2019-01-31 23:00:00,78.955505371
2952,2019-02-01 00:00:00,78.595741272
2953,2019-02-01 01:00:00,78.303421021
2954,2019-02-01 02:00:00,78.066307068
2955,2019-02-01 03:00:00,77.875595093
2956,2019-02-01 04:00:00,77.722259521
2957,2019-02-01 05:00:00,77.599601746
2958,2019-02-01 06:00:00,77.502235413
2959,2019-02-01 07:00:00,77.427368164
2960,2019-02-01 08:00:00,77.368141174
2961,2019-02-01 09:00:00,77.321533203
2962,2019-02-01 10:00:00,77.288902283
2963,2019-02-01 11:00:00,77.271720886
2964,2019-02-01 12:00:00,77.268592834
2965,2019-02-01 13:00:00,77.270317078
2966,2019-02-01 14:00:00,77.272048950
2967,2019-02-01 15:00:00,77.272682190
2968,2019-02-01 16:00:00,77.272720337
2969,2019-02-01 17:00:00,77.268676758
2970,2019-02-01 18:00:00,77.216575623
2971,2019-02-01 19:00:00,77.101783752
2972,2019-02-01 20:00:00,76.935806274
2973,2019-02-01 21:00:00,76.688011169
2974,2019-02-01 22:00:00,76.072814941
2975,2019-02-01 23:00:00,75.732490540
2976,2019-02-02 00:00:00,75.452667236
2977,2019-02-02 01:00:00,75.224075317
2978,2019-02-02 02:00:00,75.036102295
2979,2019-02-02 03:00:00,74.883209229
2980,2019-02-02 04:00:00,74.758811951
2981,2019-02-02 05:00:00,74.658531189
2982,2019-02-02 06:00:00,74.578338623
2983,2019-02-02 07:00:00,74.514747620
2984,2019-02-02 08:00:00,74.464324951
2985,2019-02-02 09:00:00,74.424407959
2986,2019-02-02 10:00:00,74.392921448
2987,2019-02-02 11:00:00,74.368385315
2988,2019-02-02 12:00:00,74.349830627
2989,2019-02-02 13:00:00,74.335891724
2990,2019-02-02 14:00:00,74.326202393
2991,2019-02-02 15:00:00,74.320220947
2992,2019-02-02 16:00:00,74.316787720
2993,2019-02-02 17:00:00,74.302993774
2994,2019-02-02 18:00:00,74.245773315
2995,2019-02-02 19:00:00,74.123794556
2996,2019-02-02 20:00:00,73.850730896
2997,2019-02-02 21:00:00,73.182594299
2998,2019-02-02 22:00:00,72.193603516
2999,2019-02-02 23:00:00,71.521102905
3000,2019-02-03 00:00:00,70.970695496
3001,2019-02-03 01:00:00,70.520347595
3002,2019-02-03 02:00:00,70.152862549
3003,2019-02-03 03:00:00,69.859497070
3004,2019-02-03 04:00:00,69.621757507
3005,2019-02-03 05:00:00,69.427497864
3006,2019-02-03 06:00:00,69.275848389
3007,2019-02-03 07:00:00,73.506179810
3008,2019-02-03 08:00:00,73.415237427
3009,2019-02-03 09:00:00,73.341667175
3010,2019-02-03 10:00:00,73.283294678
3011,2019-02-03 11:00:00,73.238441467
3012,2019-02-03 12:00:00,73.347831726
3013,2019-02-03 13:00:00,73.592071533
3014,2019-02-03 14:00:00,73.569038391
3015,2019-02-03 15:00:00,73.548233032
3016,2019-02-03 16:00:00,73.521659851
3017,2019-02-03 17:00:00,73.476142883
3018,2019-02-03 18:00:00,73.691108704
3019,2019-02-03 19:00:00,74.782928467
3020,2019-02-03 20:00:00,75.619850159
3021,2019-02-03 21:00:00,77.988204956
3022,2019-02-03 22:00:00,80.259895325
3023,2019-02-03 23:00:00,81.106330872
3024,2019-02-04 00:00:00,81.560043335
3025,2019-02-04 01:00:00,81.720161438
3026,2019-02-04 02:00:00,81.731750488
3027,2019-02-04 03:00:00,81.915229797
3028,2019-02-04 04:00:00,81.926895142
3029,2019-02-04 05:00:00,81.941940308
3030,2019-02-04 06:00:00,81.957138062
3031,2019-02-04 07:00:00,81.972778320
3032,2019-02-04 08:00:00,81.986434937
3033,2019-02-04 09:00:00,82.004119873
3034,2019-02-04 10:00:00,82.019859314
3035,2019-02-04 11:00:00,82.034240723
3036,2019-02-04 12:00:00,82.048545837
3037,2019-02-04 13:00:00,82.063568115
3038,2019-02-04 14:00:00,82.078742981
3039,2019-02-04 15:00:00,82.088607788
3040,2019-02-04 16:00:00,82.091247559
3041,2019-02-04 17:00:00,82.439392090
3042,2019-02-04 18:00:00,82.925918579
3043,2019-02-04 19:00:00,83.700897217
3044,2019-02-04 20:00:00,84.483253479
3045,2019-02-04 21:00:00,85.388565063
3046,2019-02-04 22:00:00,86.185798645
3047,2019-02-04 23:00:00,87.320449829
3048,2019-02-05 00:00:00,89.181961060
3049,2019-02-05 01:00:00,89.918045044
3050,2019-02-05 02:00:00,90.298240662
3051,2019-02-05 03:00:00,91.481384277
3052,2019-02-05 04:00:00,92.231262207
3053,2019-02-05 05:00:00,93.007743835
3054,2019-02-05 06:00:00,93.375961304
3055,2019-02-05 07:00:00,93.328430176
3056,2019-02-05 08:00:00,93.283638000
3057,2019-02-05 09:00:00,93.239448547
3058,2019-02-05 10:00:00,93.196014404
3059,2019-02-05 11:00:00,93.152748108
3060,2019-02-05 12:00:00,93.118141174
3061,2019-02-05 13:00:00,93.086013794
3062,2019-02-05 14:00:00,93.055038452
3063,2019-02-05 15:00:00,93.019897461
3064,2019-02-05 16:00:00,92.979614258
3065,2019-02-05 17:00:00,92.926673889
3066,2019-02-05 18:00:00,92.852432251
3067,2019-02-05 19:00:00,105.967613220
3068,2019-02-05 20:00:00,105.860443115
3069,2019-02-05 21:00:00,105.747062683
3070,2019-02-05 22:00:00,105.642807007
3071,2019-02-05 23:00:00,105.652832031
3072,2019-02-06 00:00:00,105.667449951
3073,2019-02-06 01:00:00,105.681533813
3074,2019-02-06 02:00:00,105.700706482
3075,2019-02-06 03:00:00,105.714950562
3076,2019-02-06 04:00:00,105.729171753
3077,2019-02-06 05:00:00,105.743080139
3078,2019-02-06 06:00:00,105.755561829
3079,2019-02-06 07:00:00,105.768180847
3080,2019-02-06 08:00:00,105.779937744
3081,2019-02-06 09:00:00,105.789360046
3082,2019-02-06 10:00:00,105.798751831
3083,2019-02-06 11:00:00,105.807739258
3084,2019-02-06 12:00:00,105.820999146
3085,2019-02-06 13:00:00,106.510337830
3086,2019-02-06 14:00:00,108.543624878
3087,2019-02-06 15:00:00,111.569015503
3088,2019-02-06 16:00:00,114.154075623
3089,2019-02-06 17:00:00,115.262420654
3090,2019-02-06 18:00:00,117.703819275
3091,2019-02-06 19:00:00,117.661712646
3092,2019-02-06 20:00:00,117.593345642
3093,2019-02-06 21:00:00,117.498832703
3094,2019-02-06 22:00:00,117.400268555
3095,2019-02-06 23:00:00,117.404106140
3096,2019-02-07 00:00:00,117.410964966
3097,2019-02-07 01:00:00,117.417182922
3098,2019-02-07 02:00:00,117.422531128
3099,2019-02-07 03:00:00,117.426467896
3100,2019-02-07 04:00:00,117.428375244
3101,2019-02-07 05:00:00,117.423019409
3102,2019-02-07 06:00:00,117.406242371
3103,2019-02-07 07:00:00,117.380317688
3104,2019-02-07 08:00:00,117.347000122
3105,2019-02-07 09:00:00,117.894401550
3106,2019-02-07 10:00:00,117.852546692
3107,2019-02-07 11:00:00,117.808692932
3108,2019-02-07 12:00:00,117.762573242
3109,2019-02-07 13:00:00,117.714675903
3110,2019-02-07 14:00:00,117.664932251
3111,2019-02-07 15:00:00,117.614349365
3112,2019-02-07 16:00:00,117.562957764
3113,2019-02-07 17:00:00,117.505729675
3114,2019-02-07 18:00:00,117.432151794
3115,2019-02-07 19:00:00,117.336532593
3116,2019-02-07 20:00:00,117.204223633
3117,2019-02-07 21:00:00,117.049369812
3118,2019-02-07 22:00:00,116.896148682
3119,2019-02-07 23:00:00,116.850753784
3120,2019-02-08 00:00:00,116.805648804
3121,2019-02-08 01:00:00,116.760704041
3122,2019-02-08 02:00:00,116.716415405
3123,2019-02-08 03:00:00,116.672393799
3124,2019-02-08 04:00:00,116.628860474
3125,2019-02-08 05:00:00,116.586212158
3126,2019-02-08 06:00:00,116.544166565
3127,2019-02-08 07:00:00,116.503578186
3128,2019-02-08 08:00:00,116.463294983
3129,2019-02-08 09:00:00,116.423927307
3130,2019-02-08 10:00:00,116.385528564
3131,2019-02-08 11:00:00,116.347846985
3132,2019-02-08 12:00:00,116.311058044
3133,2019-02-08 13:00:00,116.275382996
3134,2019-02-08 14:00:00,116.240478516
3135,2019-02-08 15:00:00,116.206268311
3136,2019-02-08 16:00:00,116.172943115
3137,2019-02-08 17:00:00,116.137001038
3138,2019-02-08 18:00:00,116.585075378
3139,2019-02-08 19:00:00,116.481689453
3140,2019-02-08 20:00:00,120.313194275
3141,2019-02-08 21:00:00,120.165267944
3142,2019-02-08 22:00:00,120.027679443
3143,2019-02-08 23:00:00,120.003105164
3144,2019-02-09 00:00:00,119.978401184
3145,2019-02-09 01:00:00,119.951377869
3146,2019-02-09 02:00:00,119.923950195
3147,2019-02-09 03:00:00,119.897666931
3148,2019-02-09 04:00:00,119.872833252
3149,2019-02-09 05:00:00,119.848594666
3150,2019-02-09 06:00:00,119.824554443
3151,2019-02-09 07:00:00,119.801940918
3152,2019-02-09 08:00:00,119.780281067
3153,2019-02-09 09:00:00,119.758071899
3154,2019-02-09 10:00:00,119.736038208
3155,2019-02-09 11:00:00,119.714530945
3156,2019-02-09 12:00:00,119.693916321
3157,2019-02-09 13:00:00,119.672996521
3158,2019-02-09 14:00:00,119.652954102
3159,2019-02-09 15:00:00,119.632858276
3160,2019-02-09 16:00:00,119.612236023
3161,2019-02-09 17:00:00,119.580711365
3162,2019-02-09 18:00:00,119.523216248
3163,2019-02-09 19:00:00,119.434974670
3164,2019-02-09 20:00:00,119.301864624
3165,2019-02-09 21:00:00,119.161010742
3166,2019-02-09 22:00:00,119.028259277
3167,2019-02-09 23:00:00,119.010131836
3168,2019-02-10 00:00:00,118.992660522
3169,2019-02-10 01:00:00,118.975433350
3170,2019-02-10 02:00:00,118.959388733
3171,2019-02-10 03:00:00,118.951766968
3172,2019-02-10 04:00:00,118.940460205
3173,2019-02-10 05:00:00,118.928390503
3174,2019-02-10 06:00:00,118.915245056
3175,2019-02-10 07:00:00,118.904167175
3176,2019-02-10 08:00:00,118.890533447
3177,2019-02-10 09:00:00,118.875785828
3178,2019-02-10 10:00:00,118.860054016
3179,2019-02-10 11:00:00,118.847854614
3180,2019-02-10 12:00:00,118.831031799
3181,2019-02-10 13:00:00,118.814399719
3182,2019-02-10 14:00:00,118.797836304
3183,2019-02-10 15:00:00,118.782310486
3184,2019-02-10 16:00:00,118.765975952
3185,2019-02-10 17:00:00,118.738655090
3186,2019-02-10 18:00:00,118.680389404
3187,2019-02-10 19:00:00,118.589164734
3188,2019-02-10 20:00:00,118.461502075
3189,2019-02-10 21:00:00,118.341743469
3190,2019-02-10 22:00:00,118.160774231
3191,2019-02-10 23:00:00,118.098190308
3192,2019-02-11 00:00:00,118.040802002
3193,2019-02-11 01:00:00,117.987632751
3194,2019-02-11 02:00:00,117.938194275
3195,2019-02-11 03:00:00,117.893081665
3196,2019-02-11 04:00:00,117.852592468
3197,2019-02-11 05:00:00,117.816963196
3198,2019-02-11 06:00:00,117.785377502
3199,2019-02-11 07:00:00,117.757102966
3200,2019-02-11 08:00:00,117.732749939
3201,2019-02-11 09:00:00,117.709625244
3202,2019-02-11 10:00:00,117.688987732
3203,2019-02-11 11:00:00,117.670143127
3204,2019-02-11 12:00:00,117.649909973
3205,2019-02-11 13:00:00,117.674148560
3206,2019-02-11 14:00:00,117.683113098
3207,2019-02-11 15:00:00,117.692245483
3208,2019-02-11 16:00:00,117.671264648
3209,2019-02-11 17:00:00,117.640487671
3210,2019-02-11 18:00:00,117.592590332
3211,2019-02-11 19:00:00,117.517036438
3212,2019-02-11 20:00:00,117.409889221
3213,2019-02-11 21:00:00,117.295135498
3214,2019-02-11 22:00:00,117.179656982
3215,2019-02-11 23:00:00,117.165359497
3216,2019-02-12 00:00:00,117.152244568
3217,2019-02-12 01:00:00,117.139068604
3218,2019-02-12 02:00:00,117.126838684
3219,2019-02-12 03:00:00,117.116210938
3220,2019-02-12 04:00:00,117.105545044
3221,2019-02-12 05:00:00,117.094604492
3222,2019-02-12 06:00:00,117.083290100
3223,2019-02-12 07:00:00,117.073501587
3224,2019-02-12 08:00:00,117.064598083
3225,2019-02-12 09:00:00,117.055717468
3226,2019-02-12 10:00:00,117.046470642
3227,2019-02-12 11:00:00,117.036788940
3228,2019-02-12 12:00:00,117.027153015
3229,2019-02-12 13:00:00,117.018325806
3230,2019-02-12 14:00:00,117.010040283
3231,2019-02-12 15:00:00,117.001693726
3232,2019-02-12 16:00:00,116.992370605
3233,2019-02-12 17:00:00,116.979286194
3234,2019-02-12 18:00:00,116.928222656
3235,2019-02-12 19:00:00,116.829017639
3236,2019-02-12 20:00:00,116.673767090
3237,2019-02-12 21:00:00,116.510559082
3238,2019-02-12 22:00:00,116.342658997
3239,2019-02-12 23:00:00,116.333923340
3240,2019-02-13 00:00:00,116.324829102
3241,2019-02-13 01:00:00,116.319442749
3242,2019-02-13 02:00:00,116.309417725
3243,2019-02-13 03:00:00,116.299835205
3244,2019-02-13 04:00:00,116.288780212
3245,2019-02-13 05:00:00,116.279174805
3246,2019-02-13 06:00:00,116.269638062
3247,2019-02-13 07:00:00,116.260292053
3248,2019-02-13 08:00:00,116.251686096
3249,2019-02-13 09:00:00,116.241859436
3250,2019-02-13 10:00:00,116.232528687
3251,2019-02-13 11:00:00,116.223243713
3252,2019-02-13 12:00:00,116.214523315
3253,2019-02-13 13:00:00,116.206153870
3254,2019-02-13 14:00:00,116.198562622
3255,2019-02-13 15:00:00,116.189262390
3256,2019-02-13 16:00:00,116.172744751
3257,2019-02-13 17:00:00,116.125854492
3258,2019-02-13 18:00:00,116.038055420
3259,2019-02-13 19:00:00,115.910552979
3260,2019-02-13 20:00:00,115.464530945
3261,2019-02-13 21:00:00,114.838729858
3262,2019-02-13 22:00:00,113.949081421
3263,2019-02-13 23:00:00,113.336441040
3264,2019-02-14 00:00:00,112.834373474
3265,2019-02-14 01:00:00,124.147499084
3266,2019-02-14 02:00:00,124.078781128
3267,2019-02-14 03:00:00,124.016502380
3268,2019-02-14 04:00:00,123.957267761
3269,2019-02-14 05:00:00,123.901832581
3270,2019-02-14 06:00:00,123.850372314
3271,2019-02-14 07:00:00,123.801788330
3272,2019-02-14 08:00:00,123.755630493
3273,2019-02-14 09:00:00,123.712997437
3274,2019-02-14 10:00:00,123.671623230
3275,2019-02-14 11:00:00,123.633140564
3276,2019-02-14 12:00:00,123.604759216
3277,2019-02-14 13:00:00,123.572273254
3278,2019-02-14 14:00:00,123.539672852
3279,2019-02-14 15:00:00,123.509422302
3280,2019-02-14 16:00:00,123.476676941
3281,2019-02-14 17:00:00,123.427864075
3282,2019-02-14 18:00:00,123.355010986
3283,2019-02-14 19:00:00,123.778091431
3284,2019-02-14 20:00:00,124.589279175
3285,2019-02-14 21:00:00,125.811370850
3286,2019-02-14 22:00:00,129.214691162
3287,2019-02-14 23:00:00,131.068786621
3288,2019-02-15 00:00:00,133.186950684
3289,2019-02-15 01:00:00,134.325210571
3290,2019-02-15 02:00:00,135.767715454
3291,2019-02-15 03:00:00,136.070999146
3292,2019-02-15 04:00:00,137.888122559
3293,2019-02-15 05:00:00,141.919738770
3294,2019-02-15 06:00:00,145.560379028
3295,2019-02-15 07:00:00,146.714782715
3296,2019-02-15 08:00:00,146.726409912
3297,2019-02-15 09:00:00,148.310180664
3298,2019-02-15 10:00:00,158.533508301
3299,2019-02-15 11:00:00,163.418655396
3300,2019-02-15 12:00:00,163.432373047
3301,2019-02-15 13:00:00,163.449142456
3302,2019-02-15 14:00:00,163.461181641
3303,2019-02-15 15:00:00,163.467605591
3304,2019-02-15 16:00:00,163.471984863
3305,2019-02-15 17:00:00,163.467468262
3306,2019-02-15 18:00:00,168.457824707
3307,2019-02-15 19:00:00,168.384628296
3308,2019-02-15 20:00:00,168.265930176
3309,2019-02-15 21:00:00,168.106384277
3310,2019-02-15 22:00:00,167.961334229
3311,2019-02-15 23:00:00,167.964569092
3312,2019-02-16 00:00:00,167.975036621
3313,2019-02-16 01:00:00,167.984100342
3314,2019-02-16 02:00:00,167.993011475
3315,2019-02-16 03:00:00,168.005249023
3316,2019-02-16 04:00:00,168.016525269
3317,2019-02-16 05:00:00,168.025177002
3318,2019-02-16 06:00:00,168.031967163
3319,2019-02-16 07:00:00,168.041091919
3320,2019-02-16 08:00:00,168.052169800
3321,2019-02-16 09:00:00,168.064239502
3322,2019-02-16 10:00:00,168.073516846
3323,2019-02-16 11:00:00,168.078063965
3324,2019-02-16 12:00:00,168.054000854
3325,2019-02-16 13:00:00,168.012527466
3326,2019-02-16 14:00:00,167.953811646
3327,2019-02-16 15:00:00,167.882354736
3328,2019-02-16 16:00:00,168.252624512
3329,2019-02-16 17:00:00,168.150405884
3330,2019-02-16 18:00:00,168.028076172
3331,2019-02-16 19:00:00,167.883743286
3332,2019-02-16 20:00:00,167.720245361
3333,2019-02-16 21:00:00,167.520843506
3334,2019-02-16 22:00:00,167.330307007
3335,2019-02-16 23:00:00,167.230407715
3336,2019-02-17 00:00:00,167.138626099
3337,2019-02-17 01:00:00,167.047302246
3338,2019-02-17 02:00:00,166.958999634
3339,2019-02-17 03:00:00,166.871170044
3340,2019-02-17 04:00:00,166.784652710
3341,2019-02-17 05:00:00,166.700347900
3342,2019-02-17 06:00:00,166.618225098
3343,2019-02-17 07:00:00,166.537765503
3344,2019-02-17 08:00:00,166.458786011
3345,2019-02-17 09:00:00,166.380966187
3346,2019-02-17 10:00:00,166.305389404
3347,2019-02-17 11:00:00,166.232101440
3348,2019-02-17 12:00:00,166.161010742
3349,2019-02-17 13:00:00,166.093093872
3350,2019-02-17 14:00:00,166.025802612
3351,2019-02-17 15:00:00,165.960525513
3352,2019-02-17 16:00:00,165.896636963
3353,2019-02-17 17:00:00,165.831207275
3354,2019-02-17 18:00:00,165.745407104
3355,2019-02-17 19:00:00,165.650604248
3356,2019-02-17 20:00:00,165.599624634
3357,2019-02-17 21:00:00,165.524368286
3358,2019-02-17 22:00:00,165.420455933
3359,2019-02-17 23:00:00,165.417739868
3360,2019-02-18 00:00:00,165.371276855
3361,2019-02-18 01:00:00,165.421783447
3362,2019-02-18 02:00:00,165.477874756
3363,2019-02-18 03:00:00,165.578491211
3364,2019-02-18 04:00:00,165.735946655
3365,2019-02-18 05:00:00,165.892913818
3366,2019-02-18 06:00:00,166.040435791
3367,2019-02-18 07:00:00,166.248703003
3368,2019-02-18 08:00:00,166.315460205
3369,2019-02-18 09:00:00,166.425033569
3370,2019-02-18 10:00:00,166.586975098
3371,2019-02-18 11:00:00,166.746902466
3372,2019-02-18 12:00:00,166.896728516
3373,2019-02-18 13:00:00,166.996475220
3374,2019-02-18 14:00:00,167.043884277
3375,2019-02-18 15:00:00,167.011947632
3376,2019-02-18 16:00:00,167.181701660
3377,2019-02-18 17:00:00,167.473388672
3378,2019-02-18 18:00:00,168.011810303
3379,2019-02-18 19:00:00,169.037628174
3380,2019-02-18 20:00:00,169.895050049
3381,2019-02-18 21:00:00,170.833740234
3382,2019-02-18 22:00:00,171.613937378
3383,2019-02-18 23:00:00,172.539688110
3384,2019-02-19 00:00:00,173.495880127
3385,2019-02-19 01:00:00,174.702941895
3386,2019-02-19 02:00:00,175.549957275
3387,2019-02-19 03:00:00,176.065231323
3388,2019-02-19 04:00:00,176.533035278
3389,2019-02-19 05:00:00,176.938064575
3390,2019-02-19 06:00:00,177.225616455
3391,2019-02-19 07:00:00,177.360229492
3392,2019-02-19 08:00:00,178.211349487
3393,2019-02-19 09:00:00,178.722457886
3394,2019-02-19 10:00:00,179.181747437
3395,2019-02-19 11:00:00,179.574966431
3396,2019-02-19 12:00:00,179.872909546
3397,2019-02-19 13:00:00,179.875732422
3398,2019-02-19 14:00:00,179.878402710
3399,2019-02-19 15:00:00,180.552078247
3400,2019-02-19 16:00:00,180.763931274
3401,2019-02-19 17:00:00,181.647430420
3402,2019-02-19 18:00:00,182.663619995
3403,2019-02-19 19:00:00,182.624938965
3404,2019-02-19 20:00:00,182.822265625
3405,2019-02-19 21:00:00,184.237182617
3406,2019-02-19 22:00:00,184.147796631
3407,2019-02-19 23:00:00,184.362838745
3408,2019-02-20 00:00:00,184.575637817
3409,2019-02-20 01:00:00,184.581420898
3410,2019-02-20 02:00:00,184.585418701
3411,2019-02-20 03:00:00,184.590362549
3412,2019-02-20 04:00:00,184.594619751
3413,2019-02-20 05:00:00,184.597427368
3414,2019-02-20 06:00:00,184.599807739
3415,2019-02-20 07:00:00,184.602416992
3416,2019-02-20 08:00:00,184.604904175
3417,2019-02-20 09:00:00,184.607009888
3418,2019-02-20 10:00:00,184.609481812
3419,2019-02-20 11:00:00,184.611526489
3420,2019-02-20 12:00:00,184.613159180
3421,2019-02-20 13:00:00,184.614639282
3422,2019-02-20 14:00:00,184.616333008
3423,2019-02-20 15:00:00,184.617645264
3424,2019-02-20 16:00:00,184.618789673
3425,2019-02-20 17:00:00,186.641296387
3426,2019-02-20 18:00:00,194.303222656
3427,2019-02-20 19:00:00,194.585296631
3428,2019-02-20 20:00:00,194.508605957
3429,2019-02-20 21:00:00,194.424652100
3430,2019-02-20 22:00:00,194.689010620
3431,2019-02-20 23:00:00,194.692855835
3432,2019-02-21 00:00:00,194.697647095
3433,2019-02-21 01:00:00,194.701873779
3434,2019-02-21 02:00:00,194.707534790
3435,2019-02-21 03:00:00,194.711761475
3436,2019-02-21 04:00:00,194.715896606
3437,2019-02-21 05:00:00,194.726989746
3438,2019-02-21 06:00:00,195.082427979
3439,2019-02-21 07:00:00,195.741989136
3440,2019-02-21 08:00:00,197.066925049
3441,2019-02-21 09:00:00,197.436828613
3442,2019-02-21 10:00:00,197.797775269
3443,2019-02-21 11:00:00,197.812042236
3444,2019-02-21 12:00:00,197.819702148
3445,2019-02-21 13:00:00,198.115951538
3446,2019-02-21 14:00:00,198.338088989
3447,2019-02-21 15:00:00,198.343841553
3448,2019-02-21 16:00:00,198.346649170
3449,2019-02-21 17:00:00,198.341751099
3450,2019-02-21 18:00:00,198.318267822
3451,2019-02-21 19:00:00,198.270141602
3452,2019-02-21 20:00:00,200.531600952
3453,2019-02-21 21:00:00,201.321777344
3454,2019-02-21 22:00:00,201.409027100
3455,2019-02-21 23:00:00,201.569641113
3456,2019-02-22 00:00:00,201.865753174
3457,2019-02-22 01:00:00,203.638931274
3458,2019-02-22 02:00:00,204.712509155
3459,2019-02-22 03:00:00,206.280212402
3460,2019-02-22 04:00:00,207.918624878
3461,2019-02-22 05:00:00,210.015853882
3462,2019-02-22 06:00:00,213.174880981
3463,2019-02-22 07:00:00,215.671783447
3464,2019-02-22 08:00:00,216.131851196
3465,2019-02-22 09:00:00,216.142730713
3466,2019-02-22 10:00:00,217.326522827
3467,2019-02-22 11:00:00,217.709381104
3468,2019-02-22 12:00:00,218.168060303
3469,2019-02-22 13:00:00,218.380401611
3470,2019-02-22 14:00:00,219.340362549
3471,2019-02-22 15:00:00,219.898117065
3472,2019-02-22 16:00:00,220.061538696
3473,2019-02-22 17:00:00,220.593811035
3474,2019-02-22 18:00:00,220.664199829
3475,2019-02-22 19:00:00,222.955062866
3476,2019-02-22 20:00:00,223.453460693
3477,2019-02-22 21:00:00,223.543472290
3478,2019-02-22 22:00:00,223.526672363
3479,2019-02-22 23:00:00,223.535430908
3480,2019-02-23 00:00:00,223.641906738
3481,2019-02-23 01:00:00,223.975463867
3482,2019-02-23 02:00:00,224.667892456
3483,2019-02-23 03:00:00,225.070205688
3484,2019-02-23 04:00:00,225.761245728
3485,2019-02-23 05:00:00,226.064117432
3486,2019-02-23 06:00:00,226.957672119
3487,2019-02-23 07:00:00,228.613052368
3488,2019-02-23 08:00:00,231.097030640
3489,2019-02-23 09:00:00,232.403656006
3490,2019-02-23 10:00:00,232.808288574
3491,2019-02-23 11:00:00,233.138854980
3492,2019-02-23 12:00:00,233.252273560
3493,2019-02-23 13:00:00,233.260009766
3494,2019-02-23 14:00:00,233.266754150
3495,2019-02-23 15:00:00,233.269943237
3496,2019-02-23 16:00:00,233.267257690
3497,2019-02-23 17:00:00,233.256729126
3498,2019-02-23 18:00:00,233.227676392
3499,2019-02-23 19:00:00,233.170242310
3500,2019-02-23 20:00:00,233.082427979
3501,2019-02-23 21:00:00,232.982925415
3502,2019-02-23 22:00:00,232.896911621
3503,2019-02-23 23:00:00,232.904266357
3504,2019-02-24 00:00:00,232.911239624
3505,2019-02-24 01:00:00,232.917694092
3506,2019-02-24 02:00:00,232.924041748
3507,2019-02-24 03:00:00,232.931671143
3508,2019-02-24 04:00:00,232.939086914
3509,2019-02-24 05:00:00,232.945495605
3510,2019-02-24 06:00:00,232.950241089
3511,2019-02-24 07:00:00,232.954574585
3512,2019-02-24 08:00:00,232.958755493
3513,2019-02-24 09:00:00,232.961868286
3514,2019-02-24 10:00:00,232.965148926
3515,2019-02-24 11:00:00,232.966934204
3516,2019-02-24 12:00:00,232.968338013
3517,2019-02-24 13:00:00,232.971160889
3518,2019-02-24 14:00:00,232.973831177
3519,2019-02-24 15:00:00,232.975936890
3520,2019-02-24 16:00:00,232.978485107
3521,2019-02-24 17:00:00,232.975143433
3522,2019-02-24 18:00:00,232.933914185
3523,2019-02-24 19:00:00,232.861114502
3524,2019-02-24 20:00:00,232.740020752
3525,2019-02-24 21:00:00,232.604919434
3526,2019-02-24 22:00:00,232.482940674
3527,2019-02-24 23:00:00,232.489608765
3528,2019-02-25 00:00:00,232.496704102
3529,2019-02-25 01:00:00,232.502410889
3530,2019-02-25 02:00:00,232.507446289
3531,2019-02-25 03:00:00,232.510620117
3532,2019-02-25 04:00:00,232.514587402
3533,2019-02-25 05:00:00,232.518005371
3534,2019-02-25 06:00:00,232.520568848
3535,2019-02-25 07:00:00,232.523498535
3536,2019-02-25 08:00:00,232.528411865
3537,2019-02-25 09:00:00,232.533096313
3538,2019-02-25 10:00:00,232.536758423
3539,2019-02-25 11:00:00,232.540557861
3540,2019-02-25 12:00:00,232.543640137
3541,2019-02-25 13:00:00,232.546203613
3542,2019-02-25 14:00:00,232.549392700
3543,2019-02-25 15:00:00,232.552139282
3544,2019-02-25 16:00:00,232.556320190
3545,2019-02-25 17:00:00,232.554809570
3546,2019-02-25 18:00:00,232.515548706
3547,2019-02-25 19:00:00,232.431869507
3548,2019-02-25 20:00:00,232.288925171
3549,2019-02-25 21:00:00,232.131896973
3550,2019-02-25 22:00:00,231.980056763
3551,2019-02-25 23:00:00,231.991134644
3552,2019-02-26 00:00:00,232.004119873
3553,2019-02-26 01:00:00,232.016296387
3554,2019-02-26 02:00:00,232.026824951
3555,2019-02-26 03:00:00,232.038314819
3556,2019-02-26 04:00:00,232.047882080
3557,2019-02-26 05:00:00,232.056488037
3558,2019-02-26 06:00:00,232.062835693
3559,2019-02-26 07:00:00,232.069030762
3560,2019-02-26 08:00:00,232.079132080
3561,2019-02-26 09:00:00,232.088150024
3562,2019-02-26 10:00:00,232.096374512
3563,2019-02-26 11:00:00,232.104125977
3564,2019-02-26 12:00:00,232.111434937
3565,2019-02-26 13:00:00,232.119277954
3566,2019-02-26 14:00:00,232.123901367
3567,2019-02-26 15:00:00,232.129898071
3568,2019-02-26 16:00:00,232.133728027
3569,2019-02-26 17:00:00,232.120941162
3570,2019-02-26 18:00:00,232.068878174
3571,2019-02-26 19:00:00,231.968338013
3572,2019-02-26 20:00:00,231.845458984
3573,2019-02-26 21:00:00,231.703216553
3574,2019-02-26 22:00:00,231.560379028
3575,2019-02-26 23:00:00,231.569976807
3576,2019-02-27 00:00:00,231.580673218
3577,2019-02-27 01:00:00,231.586715698
3578,2019-02-27 02:00:00,231.591278076
3579,2019-02-27 03:00:00,231.601837158
3580,2019-02-27 04:00:00,231.606887817
3581,2019-02-27 05:00:00,231.611618042
3582,2019-02-27 06:00:00,231.617645264
3583,2019-02-27 07:00:00,231.625381470
3584,2019-02-27 08:00:00,231.628265381
3585,2019-02-27 09:00:00,231.623992920
3586,2019-02-27 10:00:00,231.613708496
3587,2019-02-27 11:00:00,231.600234985
3588,2019-02-27 12:00:00,231.582580566
3589,2019-02-27 13:00:00,231.562866211
3590,2019-02-27 14:00:00,231.539627075
3591,2019-02-27 15:00:00,231.515350342
3592,2019-02-27 16:00:00,231.489639282
3593,2019-02-27 17:00:00,231.456222534
3594,2019-02-27 18:00:00,231.381622314
3595,2019-02-27 19:00:00,231.260238647
3596,2019-02-27 20:00:00,231.109161377
3597,2019-02-27 21:00:00,230.599548340
3598,2019-02-27 22:00:00,229.769104004
3599,2019-02-27 23:00:00,229.198822021
3600,2019-02-28 00:00:00,228.731018066
3601,2019-02-28 01:00:00,228.342086792
3602,2019-02-28 02:00:00,228.015319824
3603,2019-02-28 03:00:00,227.747711182
3604,2019-02-28 04:00:00,227.523330688
3605,2019-02-28 05:00:00,227.337127686
3606,2019-02-28 06:00:00,227.173934937
3607,2019-02-28 07:00:00,227.037322998
3608,2019-02-28 08:00:00,226.921051025
3609,2019-02-28 09:00:00,226.821746826
3610,2019-02-28 10:00:00,226.733566284
3611,2019-02-28 11:00:00,226.656173706
3612,2019-02-28 12:00:00,226.587783813
3613,2019-02-28 13:00:00,226.527816772
3614,2019-02-28 14:00:00,226.472427368
3615,2019-02-28 15:00:00,226.422363281
3616,2019-02-28 16:00:00,226.381469727
3617,2019-02-28 17:00:00,226.338119507
3618,2019-02-28 18:00:00,226.265472412
3619,2019-02-28 19:00:00,226.151412964
3620,2019-02-28 20:00:00,225.994659424
3621,2019-02-28 21:00:00,225.806671143
3622,2019-02-28 22:00:00,225.266342163
3623,2019-02-28 23:00:00,224.949325562
3624,2019-03-01 00:00:00,224.684997559
3625,2019-03-01 01:00:00,224.466049194
3626,2019-03-01 02:00:00,224.281265259
3627,2019-03-01 03:00:00,224.131240845
3628,2019-03-01 04:00:00,224.004272461
3629,2019-03-01 05:00:00,223.899444580
3630,2019-03-01 06:00:00,223.807601929
3631,2019-03-01 07:00:00,223.729324341
3632,2019-03-01 08:00:00,223.661453247
3633,2019-03-01 09:00:00,223.608093262
3634,2019-03-01 10:00:00,223.562072754
3635,2019-03-01 11:00:00,223.522277832
3636,2019-03-01 12:00:00,223.485961914
3637,2019-03-01 13:00:00,224.147872925
3638,2019-03-01 14:00:00,225.032302856
3639,2019-03-01 15:00:00,225.634796143
3640,2019-03-01 16:00:00,225.944107056
3641,2019-03-01 17:00:00,226.139328003
3642,2019-03-01 18:00:00,226.283065796
3643,2019-03-01 19:00:00,226.327026367
3644,2019-03-01 20:00:00,226.207778931
3645,2019-03-01 21:00:00,225.885452271
3646,2019-03-01 22:00:00,225.318313599
3647,2019-03-01 23:00:00,224.964782715
3648,2019-03-02 00:00:00,224.676635742
3649,2019-03-02 01:00:00,224.433959961
3650,2019-03-02 02:00:00,224.233703613
3651,2019-03-02 03:00:00,224.065826416
3652,2019-03-02 04:00:00,223.925567627
3653,2019-03-02 05:00:00,223.907196045
3654,2019-03-02 06:00:00,223.911560059
3655,2019-03-02 07:00:00,223.996948242
3656,2019-03-02 08:00:00,223.919494629
3657,2019-03-02 09:00:00,223.856796265
3658,2019-03-02 10:00:00,223.798812866
3659,2019-03-02 11:00:00,223.851364136
3660,2019-03-02 12:00:00,223.927642822
3661,2019-03-02 13:00:00,223.892303467
3662,2019-03-02 14:00:00,223.856521606
3663,2019-03-02 15:00:00,224.312072754
3664,2019-03-02 16:00:00,224.289978027
3665,2019-03-02 17:00:00,224.254440308
3666,2019-03-02 18:00:00,224.190170288
3667,2019-03-02 19:00:00,224.959442139
3668,2019-03-02 20:00:00,229.843887329
3669,2019-03-02 21:00:00,231.828887939
3670,2019-03-02 22:00:00,234.316116333
3671,2019-03-02 23:00:00,237.888671875
3672,2019-03-03 00:00:00,239.517868042
3673,2019-03-03 01:00:00,240.126739502
3674,2019-03-03 02:00:00,242.020401001
3675,2019-03-03 03:00:00,243.363235474
3676,2019-03-03 04:00:00,244.060729980
3677,2019-03-03 05:00:00,247.273422241
3678,2019-03-03 06:00:00,252.859481812
3679,2019-03-03 07:00:00,254.390823364
3680,2019-03-03 08:00:00,254.885894775
3681,2019-03-03 09:00:00,255.372100830
3682,2019-03-03 10:00:00,255.384155273
3683,2019-03-03 11:00:00,255.395782471
3684,2019-03-03 12:00:00,255.404602051
3685,2019-03-03 13:00:00,255.414672852
3686,2019-03-03 14:00:00,255.425735474
3687,2019-03-03 15:00:00,255.436660767
3688,2019-03-03 16:00:00,255.439758301
3689,2019-03-03 17:00:00,255.537811279
3690,2019-03-03 18:00:00,255.719085693
3691,2019-03-03 19:00:00,258.306213379
3692,2019-03-03 20:00:00,261.166076660
3693,2019-03-03 21:00:00,264.361938477
3694,2019-03-03 22:00:00,267.011169434
3695,2019-03-03 23:00:00,269.297393799
3696,2019-03-04 00:00:00,270.679107666
3697,2019-03-04 01:00:00,271.791778564
3698,2019-03-04 02:00:00,272.357055664
3699,2019-03-04 03:00:00,272.918609619
3700,2019-03-04 04:00:00,272.929687500
3701,2019-03-04 05:00:00,272.940704346
3702,2019-03-04 06:00:00,272.951232910
3703,2019-03-04 07:00:00,272.956878662
3704,2019-03-04 08:00:00,272.963775635
3705,2019-03-04 09:00:00,273.175048828
3706,2019-03-04 10:00:00,273.181518555
3707,2019-03-04 11:00:00,273.391998291
3708,2019-03-04 12:00:00,273.406951904
3709,2019-03-04 13:00:00,273.911804199
3710,2019-03-04 14:00:00,273.920684814
3711,2019-03-04 15:00:00,274.998291016
3712,2019-03-04 16:00:00,275.979370117
3713,2019-03-04 17:00:00,276.449127197
3714,2019-03-04 18:00:00,276.412261963
3715,2019-03-04 19:00:00,276.348968506
3716,2019-03-04 20:00:00,276.249725342
3717,2019-03-04 21:00:00,276.106628418
3718,2019-03-04 22:00:00,275.961669922
3719,2019-03-04 23:00:00,275.967193604
3720,2019-03-05 00:00:00,275.978698730
3721,2019-03-05 01:00:00,275.990112305
3722,2019-03-05 02:00:00,276.000488281
3723,2019-03-05 03:00:00,276.010681152
3724,2019-03-05 04:00:00,276.019531250
3725,2019-03-05 05:00:00,276.007202148
3726,2019-03-05 06:00:00,275.972076416
3727,2019-03-05 07:00:00,275.924499512
3728,2019-03-05 08:00:00,275.858886719
3729,2019-03-05 09:00:00,275.786102295
3730,2019-03-05 10:00:00,275.706939697
3731,2019-03-05 11:00:00,275.622741699
3732,2019-03-05 12:00:00,275.536010742
3733,2019-03-05 13:00:00,275.447143555
3734,2019-03-05 14:00:00,275.356933594
3735,2019-03-05 15:00:00,275.264465332
3736,2019-03-05 16:00:00,275.171630859
3737,2019-03-05 17:00:00,275.073181152
3738,2019-03-05 18:00:00,274.937255859
3739,2019-03-05 19:00:00,277.163696289
3740,2019-03-05 20:00:00,279.366394043
3741,2019-03-05 21:00:00,279.162384033
3742,2019-03-05 22:00:00,278.551666260
3743,2019-03-05 23:00:00,278.166534424
3744,2019-03-06 00:00:00,277.838073730
3745,2019-03-06 01:00:00,277.553771973
3746,2019-03-06 02:00:00,277.302459717
3747,2019-03-06 03:00:00,277.080413818
3748,2019-03-06 04:00:00,276.881896973
3749,2019-03-06 05:00:00,276.704315186
3750,2019-03-06 06:00:00,276.544433594
3751,2019-03-06 07:00:00,276.400665283
3752,2019-03-06 08:00:00,276.268737793
3753,2019-03-06 09:00:00,276.147216797
3754,2019-03-06 10:00:00,276.034423828
3755,2019-03-06 11:00:00,275.929565430
3756,2019-03-06 12:00:00,275.839477539
3757,2019-03-06 13:00:00,275.753723145
3758,2019-03-06 14:00:00,275.667205811
3759,2019-03-06 15:00:00,275.588134766
3760,2019-03-06 16:00:00,275.819732666
3761,2019-03-06 17:00:00,277.606201172
3762,2019-03-06 18:00:00,279.068389893
3763,2019-03-06 19:00:00,280.834259033
3764,2019-03-06 20:00:00,283.644653320
3765,2019-03-06 21:00:00,285.560394287
3766,2019-03-06 22:00:00,286.259674072
3767,2019-03-06 23:00:00,289.425964355
3768,2019-03-07 00:00:00,291.343719482
3769,2019-03-07 01:00:00,293.044128418
3770,2019-03-07 02:00:00,293.427490234
3771,2019-03-07 03:00:00,293.832031250
3772,2019-03-07 04:00:00,295.135925293
3773,2019-03-07 05:00:00,296.494323730
3774,2019-03-07 06:00:00,297.393096924
3775,2019-03-07 07:00:00,297.968994141
3776,2019-03-07 08:00:00,300.587524414
3777,2019-03-07 09:00:00,304.865295410
3778,2019-03-07 10:00:00,305.978698730
3779,2019-03-07 11:00:00,307.481353760
3780,2019-03-07 12:00:00,307.501342773
3781,2019-03-07 13:00:00,308.247650146
3782,2019-03-07 14:00:00,308.993865967
3783,2019-03-07 15:00:00,309.735748291
3784,2019-03-07 16:00:00,310.474090576
3785,2019-03-07 17:00:00,311.877563477
3786,2019-03-07 18:00:00,319.845916748
3787,2019-03-07 19:00:00,319.791656494
3788,2019-03-07 20:00:00,321.103851318
3789,2019-03-07 21:00:00,320.989715576
3790,2019-03-07 22:00:00,320.872650146
3791,2019-03-07 23:00:00,320.888610840
3792,2019-03-08 00:00:00,320.905151367
3793,2019-03-08 01:00:00,320.918640137
3794,2019-03-08 02:00:00,320.925109863
3795,2019-03-08 03:00:00,320.936584473
3796,2019-03-08 04:00:00,320.951477051
3797,2019-03-08 05:00:00,320.969299316
3798,2019-03-08 06:00:00,320.989013672
3799,2019-03-08 07:00:00,321.012268066
3800,2019-03-08 08:00:00,321.035949707
3801,2019-03-08 09:00:00,321.058410645
3802,2019-03-08 10:00:00,321.076660156
3803,2019-03-08 11:00:00,321.066802979
3804,2019-03-08 12:00:00,321.026580811
3805,2019-03-08 13:00:00,320.967498779
3806,2019-03-08 14:00:00,320.889678955
3807,2019-03-08 15:00:00,320.796447754
3808,2019-03-08 16:00:00,320.890502930
3809,2019-03-08 17:00:00,325.787506104
3810,2019-03-08 18:00:00,328.512664795
3811,2019-03-08 19:00:00,330.156036377
3812,2019-03-08 20:00:00,330.632141113
3813,2019-03-08 21:00:00,330.724121094
3814,2019-03-08 22:00:00,330.629943848
3815,2019-03-08 23:00:00,332.711120605
3816,2019-03-09 00:00:00,337.133789062
3817,2019-03-09 01:00:00,339.974853516
3818,2019-03-09 02:00:00,340.535797119
3819,2019-03-09 03:00:00,340.547546387
3820,2019-03-09 04:00:00,340.544250488
3821,2019-03-09 05:00:00,340.507904053
3822,2019-03-09 06:00:00,340.446197510
3823,2019-03-09 07:00:00,340.370452881
3824,2019-03-09 08:00:00,340.275756836
3825,2019-03-09 09:00:00,340.173553467
3826,2019-03-09 10:00:00,340.061035156
3827,2019-03-09 11:00:00,339.941650391
3828,2019-03-09 12:00:00,339.815765381
3829,2019-03-09 13:00:00,339.685577393
3830,2019-03-09 14:00:00,339.549346924
3831,2019-03-09 15:00:00,339.412933350
3832,2019-03-09 16:00:00,339.278137207
3833,2019-03-09 17:00:00,339.137908936
3834,2019-03-09 18:00:00,338.969848633
3835,2019-03-09 19:00:00,338.782684326
3836,2019-03-09 20:00:00,338.566192627
3837,2019-03-09 21:00:00,338.320404053
3838,2019-03-09 22:00:00,338.068420410
3839,2019-03-09 23:00:00,337.938903809
3840,2019-03-10 00:00:00,337.810668945
3841,2019-03-10 01:00:00,337.678588867
3842,2019-03-10 02:00:00,337.549285889
3843,2019-03-10 03:00:00,337.423431396
3844,2019-03-10 04:00:00,337.297882080
3845,2019-03-10 05:00:00,337.174896240
3846,2019-03-10 06:00:00,337.052154541
3847,2019-03-10 07:00:00,336.931121826
3848,2019-03-10 08:00:00,336.813537598
3849,2019-03-10 09:00:00,336.698211670
3850,2019-03-10 10:00:00,336.588745117
3851,2019-03-10 11:00:00,336.484008789
3852,2019-03-10 12:00:00,336.380340576
3853,2019-03-10 13:00:00,336.336151123
3854,2019-03-10 14:00:00,336.240203857
3855,2019-03-10 15:00:00,336.149963379
3856,2019-03-10 16:00:00,336.057434082
3857,2019-03-10 17:00:00,335.950012207
3858,2019-03-10 18:00:00,335.814392090
3859,2019-03-10 19:00:00,335.639404297
3860,2019-03-10 20:00:00,335.210357666
3861,2019-03-10 21:00:00,334.741485596
3862,2019-03-10 22:00:00,334.093109131
3863,2019-03-10 23:00:00,333.651306152
3864,2019-03-11 00:00:00,333.273498535
3865,2019-03-11 01:00:00,332.945831299
3866,2019-03-11 02:00:00,332.659515381
3867,2019-03-11 03:00:00,332.408538818
3868,2019-03-11 04:00:00,332.188201904
3869,2019-03-11 05:00:00,331.993560791
3870,2019-03-11 06:00:00,331.901214600
3871,2019-03-11 07:00:00,331.794250488
3872,2019-03-11 08:00:00,331.650390625
3873,2019-03-11 09:00:00,331.516998291
3874,2019-03-11 10:00:00,331.393280029
3875,2019-03-11 11:00:00,331.282196045
3876,2019-03-11 12:00:00,331.261230469
3877,2019-03-11 13:00:00,331.162658691
3878,2019-03-11 14:00:00,331.333770752
3879,2019-03-11 15:00:00,331.409149170
3880,2019-03-11 16:00:00,331.483734131
3881,2019-03-11 17:00:00,331.568939209
3882,2019-03-11 18:00:00,331.943084717
3883,2019-03-11 19:00:00,331.960815430
3884,2019-03-11 20:00:00,336.133239746
3885,2019-03-11 21:00:00,336.399780273
3886,2019-03-11 22:00:00,335.859191895
3887,2019-03-11 23:00:00,335.777740479
3888,2019-03-12 00:00:00,335.596038818
3889,2019-03-12 01:00:00,335.453643799
3890,2019-03-12 02:00:00,335.405456543
3891,2019-03-12 03:00:00,335.570983887
3892,2019-03-12 04:00:00,337.966888428
3893,2019-03-12 05:00:00,339.721923828
3894,2019-03-12 06:00:00,346.504608154
3895,2019-03-12 07:00:00,348.080108643
3896,2019-03-12 08:00:00,349.580810547
3897,2019-03-12 09:00:00,351.242309570
3898,2019-03-12 10:00:00,352.779113770
3899,2019-03-12 11:00:00,353.772979736
3900,2019-03-12 12:00:00,354.875854492
3901,2019-03-12 13:00:00,355.204711914
3902,2019-03-12 14:00:00,355.523803711
3903,2019-03-12 15:00:00,355.737915039
3904,2019-03-12 16:00:00,357.082031250
3905,2019-03-12 17:00:00,361.823608398
3906,2019-03-12 18:00:00,371.158691406
3907,2019-03-12 19:00:00,373.814056396
3908,2019-03-12 20:00:00,374.788208008
3909,2019-03-12 21:00:00,375.817474365
3910,2019-03-12 22:00:00,376.532226562
3911,2019-03-12 23:00:00,376.539611816
3912,2019-03-13 00:00:00,377.663665771
3913,2019-03-13 01:00:00,379.023712158
3914,2019-03-13 02:00:00,381.192108154
3915,2019-03-13 03:00:00,384.836456299
3916,2019-03-13 04:00:00,387.481353760
3917,2019-03-13 05:00:00,388.005249023
3918,2019-03-13 06:00:00,388.096099854
3919,2019-03-13 07:00:00,388.537200928
3920,2019-03-13 08:00:00,388.794036865
3921,2019-03-13 09:00:00,388.958831787
3922,2019-03-13 10:00:00,390.079895020
3923,2019-03-13 11:00:00,391.618499756
3924,2019-03-13 12:00:00,393.022766113
3925,2019-03-13 13:00:00,399.225402832
3926,2019-03-13 14:00:00,400.636260986
3927,2019-03-13 15:00:00,403.028228760
3928,2019-03-13 16:00:00,403.852050781
3929,2019-03-13 17:00:00,404.721099854
3930,2019-03-13 18:00:00,407.164703369
3931,2019-03-13 19:00:00,407.732543945
3932,2019-03-13 20:00:00,410.575714111
3933,2019-03-13 21:00:00,413.149688721
3934,2019-03-13 22:00:00,413.296264648
3935,2019-03-13 23:00:00,413.408325195
3936,2019-03-14 00:00:00,413.837585449
3937,2019-03-14 01:00:00,413.846191406
3938,2019-03-14 02:00:00,413.852691650
3939,2019-03-14 03:00:00,413.862182617
3940,2019-03-14 04:00:00,413.869689941
3941,2019-03-14 05:00:00,413.876464844
3942,2019-03-14 06:00:00,413.881744385
3943,2019-03-14 07:00:00,413.888153076
3944,2019-03-14 08:00:00,413.890655518
3945,2019-03-14 09:00:00,413.894805908
3946,2019-03-14 10:00:00,413.896362305
3947,2019-03-14 11:00:00,413.898071289
3948,2019-03-14 12:00:00,413.900482178
3949,2019-03-14 13:00:00,413.902252197
3950,2019-03-14 14:00:00,413.895019531
3951,2019-03-14 15:00:00,413.857666016
3952,2019-03-14 16:00:00,413.792297363
3953,2019-03-14 17:00:00,413.699798584
3954,2019-03-14 18:00:00,413.578521729
3955,2019-03-14 19:00:00,413.421813965
3956,2019-03-14 20:00:00,413.235992432
3957,2019-03-14 21:00:00,413.001068115
3958,2019-03-14 22:00:00,412.715728760
3959,2019-03-14 23:00:00,412.469757080
3960,2019-03-15 00:00:00,412.329071045
3961,2019-03-15 01:00:00,412.184020996
3962,2019-03-15 02:00:00,412.033599854
3963,2019-03-15 03:00:00,411.882415771
3964,2019-03-15 04:00:00,411.729614258
3965,2019-03-15 05:00:00,411.575927734
3966,2019-03-15 06:00:00,411.423217773
3967,2019-03-15 07:00:00,411.272705078
3968,2019-03-15 08:00:00,411.123107910
3969,2019-03-15 09:00:00,410.977050781
3970,2019-03-15 10:00:00,410.832885742
3971,2019-03-15 11:00:00,410.691467285
3972,2019-03-15 12:00:00,410.552917480
3973,2019-03-15 13:00:00,410.416442871
3974,2019-03-15 14:00:00,410.282348633
3975,2019-03-15 15:00:00,410.151611328
3976,2019-03-15 16:00:00,410.023559570
3977,2019-03-15 17:00:00,409.894989014
3978,2019-03-15 18:00:00,409.741363525
3979,2019-03-15 19:00:00,409.549865723
3980,2019-03-15 20:00:00,409.308105469
3981,2019-03-15 21:00:00,409.041442871
3982,2019-03-15 22:00:00,408.480651855
3983,2019-03-15 23:00:00,407.634796143
3984,2019-03-16 00:00:00,407.028808594
3985,2019-03-16 01:00:00,406.514587402
3986,2019-03-16 02:00:00,406.075683594
3987,2019-03-16 03:00:00,405.699584961
3988,2019-03-16 04:00:00,405.375701904
3989,2019-03-16 05:00:00,405.093017578
3990,2019-03-16 06:00:00,404.845550537
3991,2019-03-16 07:00:00,404.627471924
3992,2019-03-16 08:00:00,404.433227539
3993,2019-03-16 09:00:00,404.259155273
3994,2019-03-16 10:00:00,404.101867676
3995,2019-03-16 11:00:00,403.960357666
3996,2019-03-16 12:00:00,403.831085205
3997,2019-03-16 13:00:00,403.711730957
3998,2019-03-16 14:00:00,403.601013184
3999,2019-03-16 15:00:00,403.497985840
4000,2019-03-16 16:00:00,403.399291992
4001,2019-03-16 17:00:00,403.299468994
4002,2019-03-16 18:00:00,403.160827637
4003,2019-03-16 19:00:00,403.012298584
4004,2019-03-16 20:00:00,402.540191650
4005,2019-03-16 21:00:00,401.777496338
4006,2019-03-16 22:00:00,400.812011719
4007,2019-03-16 23:00:00,399.765411377
4008,2019-03-17 00:00:00,398.993225098
4009,2019-03-17 01:00:00,398.346557617
4010,2019-03-17 02:00:00,397.802307129
4011,2019-03-17 03:00:00,397.343933105
4012,2019-03-17 04:00:00,396.956054688
4013,2019-03-17 05:00:00,396.625854492
4014,2019-03-17 06:00:00,396.346435547
4015,2019-03-17 07:00:00,396.107055664
4016,2019-03-17 08:00:00,395.899658203
4017,2019-03-17 09:00:00,395.717529297
4018,2019-03-17 10:00:00,395.557373047
4019,2019-03-17 11:00:00,395.417755127
4020,2019-03-17 12:00:00,395.292633057
4021,2019-03-17 13:00:00,395.181365967
4022,2019-03-17 14:00:00,395.079711914
4023,2019-03-17 15:00:00,394.986572266
4024,2019-03-17 16:00:00,394.899383545
4025,2019-03-17 17:00:00,394.813781738
4026,2019-03-17 18:00:00,394.700897217
4027,2019-03-17 19:00:00,394.541351318
4028,2019-03-17 20:00:00,394.327514648
4029,2019-03-17 21:00:00,393.914611816
4030,2019-03-17 22:00:00,393.103027344
4031,2019-03-17 23:00:00,392.339019775
4032,2019-03-18 00:00:00,391.817840576
4033,2019-03-18 01:00:00,391.377563477
4034,2019-03-18 02:00:00,391.007049561
4035,2019-03-18 03:00:00,390.694030762
4036,2019-03-18 04:00:00,390.427520752
4037,2019-03-18 05:00:00,390.199920654
4038,2019-03-18 06:00:00,390.006561279
4039,2019-03-18 07:00:00,389.837890625
4040,2019-03-18 08:00:00,389.691131592
4041,2019-03-18 09:00:00,389.560272217
4042,2019-03-18 10:00:00,389.444702148
4043,2019-03-18 11:00:00,389.342102051
4044,2019-03-18 12:00:00,389.248870850
4045,2019-03-18 13:00:00,389.163818359
4046,2019-03-18 14:00:00,389.087860107
4047,2019-03-18 15:00:00,389.019775391
4048,2019-03-18 16:00:00,388.959838867
4049,2019-03-18 17:00:00,388.904266357
4050,2019-03-18 18:00:00,388.832397461
4051,2019-03-18 19:00:00,388.716918945
4052,2019-03-18 20:00:00,388.569702148
4053,2019-03-18 21:00:00,388.396667480
4054,2019-03-18 22:00:00,388.227325439
4055,2019-03-18 23:00:00,387.798248291
4056,2019-03-19 00:00:00,387.549163818
4057,2019-03-19 01:00:00,387.336517334
4058,2019-03-19 02:00:00,387.155090332
4059,2019-03-19 03:00:00,386.998352051
4060,2019-03-19 04:00:00,386.863037109
4061,2019-03-19 05:00:00,386.742858887
4062,2019-03-19 06:00:00,386.637664795
4063,2019-03-19 07:00:00,386.545684814
4064,2019-03-19 08:00:00,386.463439941
4065,2019-03-19 09:00:00,386.389160156
4066,2019-03-19 10:00:00,386.321380615
4067,2019-03-19 11:00:00,386.267059326
4068,2019-03-19 12:00:00,386.217224121
4069,2019-03-19 13:00:00,386.171844482
4070,2019-03-19 14:00:00,386.128234863
4071,2019-03-19 15:00:00,386.087707520
4072,2019-03-19 16:00:00,386.047302246
4073,2019-03-19 17:00:00,386.000732422
4074,2019-03-19 18:00:00,385.912658691
4075,2019-03-19 19:00:00,385.783538818
4076,2019-03-19 20:00:00,385.615417480
4077,2019-03-19 21:00:00,385.291168213
4078,2019-03-19 22:00:00,384.672149658
4079,2019-03-19 23:00:00,383.793670654
4080,2019-03-20 00:00:00,383.182952881
4081,2019-03-20 01:00:00,382.677215576
4082,2019-03-20 02:00:00,382.254608154
4083,2019-03-20 03:00:00,381.902954102
4084,2019-03-20 04:00:00,381.608947754
4085,2019-03-20 05:00:00,381.358856201
4086,2019-03-20 06:00:00,381.147674561
4087,2019-03-20 07:00:00,380.971649170
4088,2019-03-20 08:00:00,380.820739746
4089,2019-03-20 09:00:00,380.691284180
4090,2019-03-20 10:00:00,380.579681396
4091,2019-03-20 11:00:00,380.483459473
4092,2019-03-20 12:00:00,380.398559570
4093,2019-03-20 13:00:00,380.323089600
4094,2019-03-20 14:00:00,380.255584717
4095,2019-03-20 15:00:00,380.195404053
4096,2019-03-20 16:00:00,380.141265869
4097,2019-03-20 17:00:00,380.085784912
4098,2019-03-20 18:00:00,379.956024170
4099,2019-03-20 19:00:00,379.755310059
4100,2019-03-20 20:00:00,379.195953369
4101,2019-03-20 21:00:00,378.287170410
4102,2019-03-20 22:00:00,377.147521973
4103,2019-03-20 23:00:00,375.909149170
4104,2019-03-21 00:00:00,375.000335693
4105,2019-03-21 01:00:00,374.250701904
4106,2019-03-21 02:00:00,373.630737305
4107,2019-03-21 03:00:00,373.118164062
4108,2019-03-21 04:00:00,372.695587158
4109,2019-03-21 05:00:00,372.346618652
4110,2019-03-21 06:00:00,372.055847168
4111,2019-03-21 07:00:00,371.813720703
4112,2019-03-21 08:00:00,371.610717773
4113,2019-03-21 09:00:00,371.440795898
4114,2019-03-21 10:00:00,371.300415039
4115,2019-03-21 11:00:00,371.182495117
4116,2019-03-21 12:00:00,371.081481934
4117,2019-03-21 13:00:00,370.993621826
4118,2019-03-21 14:00:00,370.918914795
4119,2019-03-21 15:00:00,370.854949951
4120,2019-03-21 16:00:00,370.794677734
4121,2019-03-21 17:00:00,371.208953857
4122,2019-03-21 18:00:00,371.127380371
4123,2019-03-21 19:00:00,371.018402100
4124,2019-03-21 20:00:00,370.906982422
4125,2019-03-21 21:00:00,372.786193848
4126,2019-03-21 22:00:00,379.365570068
4127,2019-03-21 23:00:00,382.316162109
4128,2019-03-22 00:00:00,382.517913818
4129,2019-03-22 01:00:00,382.528869629
4130,2019-03-22 02:00:00,382.539581299
4131,2019-03-22 03:00:00,382.548004150
4132,2019-03-22 04:00:00,382.555664062
4133,2019-03-22 05:00:00,382.558654785
4134,2019-03-22 06:00:00,382.554748535
4135,2019-03-22 07:00:00,382.939910889
4136,2019-03-22 08:00:00,385.569915771
4137,2019-03-22 09:00:00,387.913177490
4138,2019-03-22 10:00:00,388.399261475
4139,2019-03-22 11:00:00,388.885253906
4140,2019-03-22 12:00:00,388.892944336
4141,2019-03-22 13:00:00,389.683044434
4142,2019-03-22 14:00:00,389.688110352
4143,2019-03-22 15:00:00,389.691589355
4144,2019-03-22 16:00:00,390.476531982
4145,2019-03-22 17:00:00,391.436645508
4146,2019-03-22 18:00:00,391.402191162
4147,2019-03-22 19:00:00,391.554321289
4148,2019-03-22 20:00:00,391.470367432
4149,2019-03-22 21:00:00,392.322296143
4150,2019-03-22 22:00:00,392.422576904
4151,2019-03-22 23:00:00,392.312774658
4152,2019-03-23 00:00:00,392.324554443
4153,2019-03-23 01:00:00,392.338562012
4154,2019-03-23 02:00:00,392.342468262
4155,2019-03-23 03:00:00,392.334533691
4156,2019-03-23 04:00:00,392.316986084
4157,2019-03-23 05:00:00,392.290405273
4158,2019-03-23 06:00:00,392.259765625
4159,2019-03-23 07:00:00,392.224609375
4160,2019-03-23 08:00:00,392.184936523
4161,2019-03-23 09:00:00,392.142211914
4162,2019-03-23 10:00:00,392.097534180
4163,2019-03-23 11:00:00,392.052368164
4164,2019-03-23 12:00:00,392.005096436
4165,2019-03-23 13:00:00,391.956665039
4166,2019-03-23 14:00:00,391.906433105
4167,2019-03-23 15:00:00,391.857025146
4168,2019-03-23 16:00:00,391.805480957
4169,2019-03-23 17:00:00,391.733520508
4170,2019-03-23 18:00:00,391.628417969
4171,2019-03-23 19:00:00,391.387847900
4172,2019-03-23 20:00:00,391.104614258
4173,2019-03-23 21:00:00,390.570678711
4174,2019-03-23 22:00:00,389.854949951
4175,2019-03-23 23:00:00,389.055694580
4176,2019-03-24 00:00:00,388.487762451
4177,2019-03-24 01:00:00,388.015228271
4178,2019-03-24 02:00:00,387.615875244
4179,2019-03-24 03:00:00,387.277923584
4180,2019-03-24 04:00:00,386.988708496
4181,2019-03-24 05:00:00,386.740051270
4182,2019-03-24 06:00:00,386.526672363
4183,2019-03-24 07:00:00,386.343383789
4184,2019-03-24 08:00:00,386.182769775
4185,2019-03-24 09:00:00,386.042175293
4186,2019-03-24 10:00:00,385.918579102
4187,2019-03-24 11:00:00,385.808593750
4188,2019-03-24 12:00:00,385.709808350
4189,2019-03-24 13:00:00,385.620727539
4190,2019-03-24 14:00:00,385.539428711
4191,2019-03-24 15:00:00,385.464691162
4192,2019-03-24 16:00:00,385.394622803
4193,2019-03-24 17:00:00,385.606475830
4194,2019-03-24 18:00:00,385.511260986
4195,2019-03-24 19:00:00,385.387329102
4196,2019-03-24 20:00:00,385.222900391
4197,2019-03-24 21:00:00,384.780334473
4198,2019-03-24 22:00:00,384.232635498
4199,2019-03-24 23:00:00,383.569854736
4200,2019-03-25 00:00:00,383.096282959
4201,2019-03-25 01:00:00,382.698760986
4202,2019-03-25 02:00:00,382.364532471
4203,2019-03-25 03:00:00,382.086334229
4204,2019-03-25 04:00:00,381.848663330
4205,2019-03-25 05:00:00,381.643615723
4206,2019-03-25 06:00:00,381.469787598
4207,2019-03-25 07:00:00,381.320281982
4208,2019-03-25 08:00:00,381.188903809
4209,2019-03-25 09:00:00,381.073822021
4210,2019-03-25 10:00:00,380.972503662
4211,2019-03-25 11:00:00,380.882598877
4212,2019-03-25 12:00:00,380.800903320
4213,2019-03-25 13:00:00,380.727752686
4214,2019-03-25 14:00:00,380.660614014
4215,2019-03-25 15:00:00,380.598907471
4216,2019-03-25 16:00:00,380.540863037
4217,2019-03-25 17:00:00,380.482025146
4218,2019-03-25 18:00:00,380.396423340
4219,2019-03-25 19:00:00,380.265228271
4220,2019-03-25 20:00:00,380.095123291
4221,2019-03-25 21:00:00,379.903137207
4222,2019-03-25 22:00:00,379.647705078
4223,2019-03-25 23:00:00,379.179107666
4224,2019-03-26 00:00:00,378.896514893
4225,2019-03-26 01:00:00,378.658416748
4226,2019-03-26 02:00:00,378.455780029
4227,2019-03-26 03:00:00,378.282165527
4228,2019-03-26 04:00:00,378.133300781
4229,2019-03-26 05:00:00,378.005981445
4230,2019-03-26 06:00:00,377.894317627
4231,2019-03-26 07:00:00,377.797180176
4232,2019-03-26 08:00:00,377.712524414
4233,2019-03-26 09:00:00,377.636474609
4234,2019-03-26 10:00:00,377.567657471
4235,2019-03-26 11:00:00,377.507263184
4236,2019-03-26 12:00:00,377.454162598
4237,2019-03-26 13:00:00,377.408935547
4238,2019-03-26 14:00:00,377.367309570
4239,2019-03-26 15:00:00,377.328002930
4240,2019-03-26 16:00:00,377.289337158
4241,2019-03-26 17:00:00,377.241455078
4242,2019-03-26 18:00:00,377.148101807
4243,2019-03-26 19:00:00,377.000335693
4244,2019-03-26 20:00:00,376.786621094
4245,2019-03-26 21:00:00,376.080932617
4246,2019-03-26 22:00:00,375.199157715
4247,2019-03-26 23:00:00,374.134643555
4248,2019-03-27 00:00:00,373.351715088
4249,2019-03-27 01:00:00,372.701599121
4250,2019-03-27 02:00:00,372.162597656
4251,2019-03-27 03:00:00,371.718383789
4252,2019-03-27 04:00:00,371.349182129
4253,2019-03-27 05:00:00,371.043670654
4254,2019-03-27 06:00:00,370.787994385
4255,2019-03-27 07:00:00,370.570526123
4256,2019-03-27 08:00:00,370.386566162
4257,2019-03-27 09:00:00,370.230895996
4258,2019-03-27 10:00:00,370.098236084
4259,2019-03-27 11:00:00,369.984436035
4260,2019-03-27 12:00:00,369.886138916
4261,2019-03-27 13:00:00,369.801361084
4262,2019-03-27 14:00:00,369.727233887
4263,2019-03-27 15:00:00,369.662872314
4264,2019-03-27 16:00:00,369.606018066
4265,2019-03-27 17:00:00,369.550354004
4266,2019-03-27 18:00:00,369.475860596
4267,2019-03-27 19:00:00,369.332885742
4268,2019-03-27 20:00:00,369.158081055
4269,2019-03-27 21:00:00,368.739624023
4270,2019-03-27 22:00:00,367.973327637
4271,2019-03-27 23:00:00,367.010040283
4272,2019-03-28 00:00:00,366.349273682
4273,2019-03-28 01:00:00,365.803070068
4274,2019-03-28 02:00:00,365.348602295
4275,2019-03-28 03:00:00,364.970123291
4276,2019-03-28 04:00:00,364.656707764
4277,2019-03-28 05:00:00,364.394073486
4278,2019-03-28 06:00:00,364.174407959
4279,2019-03-28 07:00:00,363.990325928
4280,2019-03-28 08:00:00,363.835418701
4281,2019-03-28 09:00:00,363.709167480
4282,2019-03-28 10:00:00,363.604187012
4283,2019-03-28 11:00:00,363.510681152
4284,2019-03-28 12:00:00,363.429199219
4285,2019-03-28 13:00:00,363.359130859
4286,2019-03-28 14:00:00,363.297515869
4287,2019-03-28 15:00:00,363.243927002
4288,2019-03-28 16:00:00,363.194915771
4289,2019-03-28 17:00:00,363.139190674
4290,2019-03-28 18:00:00,363.024780273
4291,2019-03-28 19:00:00,362.868347168
4292,2019-03-28 20:00:00,362.249053955
4293,2019-03-28 21:00:00,361.437225342
4294,2019-03-28 22:00:00,360.364288330
4295,2019-03-28 23:00:00,359.126190186
4296,2019-03-29 00:00:00,358.215515137
4297,2019-03-29 01:00:00,357.465515137
4298,2019-03-29 02:00:00,356.844635010
4299,2019-03-29 03:00:00,356.332916260
4300,2019-03-29 04:00:00,355.909790039
4301,2019-03-29 05:00:00,355.562896729
4302,2019-03-29 06:00:00,355.276550293
4303,2019-03-29 07:00:00,355.040344238
4304,2019-03-29 08:00:00,354.841400146
4305,2019-03-29 09:00:00,354.675933838
4306,2019-03-29 10:00:00,354.537841797
4307,2019-03-29 11:00:00,354.419769287
4308,2019-03-29 12:00:00,354.319152832
4309,2019-03-29 13:00:00,354.232727051
4310,2019-03-29 14:00:00,354.158142090
4311,2019-03-29 15:00:00,354.095916748
4312,2019-03-29 16:00:00,354.043426514
4313,2019-03-29 17:00:00,353.991882324
4314,2019-03-29 18:00:00,353.916839600
4315,2019-03-29 19:00:00,353.827697754
4316,2019-03-29 20:00:00,353.714538574
4317,2019-03-29 21:00:00,353.544921875
4318,2019-03-29 22:00:00,353.386260986
4319,2019-03-29 23:00:00,353.239501953
4320,2019-03-30 00:00:00,353.198303223
4321,2019-03-30 01:00:00,353.165344238
4322,2019-03-30 02:00:00,353.137176514
4323,2019-03-30 03:00:00,353.115753174
4324,2019-03-30 04:00:00,353.098144531
4325,2019-03-30 05:00:00,353.082122803
4326,2019-03-30 06:00:00,353.068176270
4327,2019-03-30 07:00:00,353.054107666
4328,2019-03-30 08:00:00,353.040771484
4329,2019-03-30 09:00:00,353.027709961
4330,2019-03-30 10:00:00,353.013916016
4331,2019-03-30 11:00:00,353.000732422
4332,2019-03-30 12:00:00,352.987762451
4333,2019-03-30 13:00:00,352.973266602
4334,2019-03-30 14:00:00,352.957427979
4335,2019-03-30 15:00:00,352.941711426
4336,2019-03-30 16:00:00,352.925537109
4337,2019-03-30 17:00:00,352.906738281
4338,2019-03-30 18:00:00,352.856140137
4339,2019-03-30 19:00:00,352.764831543
4340,2019-03-30 20:00:00,352.633026123
4341,2019-03-30 21:00:00,352.476928711
4342,2019-03-30 22:00:00,352.230865479
4343,2019-03-30 23:00:00,351.824432373
4344,2019-03-31 00:00:00,351.590545654
4345,2019-03-31 01:00:00,351.396667480
4346,2019-03-31 02:00:00,351.232635498
4347,2019-03-31 03:00:00,351.095520020
4348,2019-03-31 04:00:00,350.982635498
4349,2019-03-31 05:00:00,350.888183594
4350,2019-03-31 06:00:00,350.813354492
4351,2019-03-31 07:00:00,350.752502441
4352,2019-03-31 08:00:00,350.699523926
4353,2019-03-31 09:00:00,350.652893066
4354,2019-03-31 10:00:00,350.612609863
4355,2019-03-31 11:00:00,350.577423096
4356,2019-03-31 12:00:00,350.541809082
4357,2019-03-31 13:00:00,350.509887695
4358,2019-03-31 14:00:00,350.481658936
4359,2019-03-31 15:00:00,350.456268311
4360,2019-03-31 16:00:00,350.613403320
4361,2019-03-31 17:00:00,352.467132568
4362,2019-03-31 18:00:00,353.291015625
4363,2019-03-31 19:00:00,355.603302002
4364,2019-03-31 20:00:00,356.554290771
4365,2019-03-31 21:00:00,357.337860107
4366,2019-03-31 22:00:00,357.223419189
4367,2019-03-31 23:00:00,357.046478271
4368,2019-04-01 00:00:00,356.988403320
4369,2019-04-01 01:00:00,356.938323975
4370,2019-04-01 02:00:00,356.895172119
4371,2019-04-01 03:00:00,356.859680176
4372,2019-04-01 04:00:00,356.828491211
4373,2019-04-01 05:00:00,356.801727295
4374,2019-04-01 06:00:00,356.778564453
4375,2019-04-01 07:00:00,356.757781982
4376,2019-04-01 08:00:00,356.740173340
4377,2019-04-01 09:00:00,356.722839355
4378,2019-04-01 10:00:00,356.706542969
4379,2019-04-01 11:00:00,356.689331055
4380,2019-04-01 12:00:00,356.671936035
4381,2019-04-01 13:00:00,356.655792236
4382,2019-04-01 14:00:00,356.640594482
4383,2019-04-01 15:00:00,356.625549316
4384,2019-04-01 16:00:00,356.610473633
4385,2019-04-01 17:00:00,356.583007812
4386,2019-04-01 18:00:00,356.513275146
4387,2019-04-01 19:00:00,359.346435547
4388,2019-04-01 20:00:00,360.419677734
4389,2019-04-01 21:00:00,360.028564453
4390,2019-04-01 22:00:00,359.585845947
4391,2019-04-01 23:00:00,359.019287109
4392,2019-04-02 00:00:00,358.632202148
4393,2019-04-02 01:00:00,358.308685303
4394,2019-04-02 02:00:00,358.037445068
4395,2019-04-02 03:00:00,357.813018799
4396,2019-04-02 04:00:00,357.625640869
4397,2019-04-02 05:00:00,357.465362549
4398,2019-04-02 06:00:00,357.328155518
4399,2019-04-02 07:00:00,357.211944580
4400,2019-04-02 08:00:00,357.111572266
4401,2019-04-02 09:00:00,357.024536133
4402,2019-04-02 10:00:00,356.949523926
4403,2019-04-02 11:00:00,356.882141113
4404,2019-04-02 12:00:00,356.823028564
4405,2019-04-02 13:00:00,356.769012451
4406,2019-04-02 14:00:00,356.721130371
4407,2019-04-02 15:00:00,356.677551270
4408,2019-04-02 16:00:00,356.636779785
4409,2019-04-02 17:00:00,356.596008301
4410,2019-04-02 18:00:00,356.517944336
4411,2019-04-02 19:00:00,356.405151367
4412,2019-04-02 20:00:00,356.264129639
4413,2019-04-02 21:00:00,356.090179443
4414,2019-04-02 22:00:00,355.616302490
4415,2019-04-02 23:00:00,354.971069336
4416,2019-04-03 00:00:00,354.541320801
4417,2019-04-03 01:00:00,354.186004639
4418,2019-04-03 02:00:00,353.890838623
4419,2019-04-03 03:00:00,353.639495850
4420,2019-04-03 04:00:00,353.428527832
4421,2019-04-03 05:00:00,353.250610352
4422,2019-04-03 06:00:00,353.100982666
4423,2019-04-03 07:00:00,352.973968506
4424,2019-04-03 08:00:00,352.867370605
4425,2019-04-03 09:00:00,352.776794434
4426,2019-04-03 10:00:00,352.704345703
4427,2019-04-03 11:00:00,352.637329102
4428,2019-04-03 12:00:00,352.578552246
4429,2019-04-03 13:00:00,352.528503418
4430,2019-04-03 14:00:00,352.483306885
4431,2019-04-03 15:00:00,352.596954346
4432,2019-04-03 16:00:00,352.718414307
4433,2019-04-03 17:00:00,354.224822998
4434,2019-04-03 18:00:00,354.463958740
4435,2019-04-03 19:00:00,354.977783203
4436,2019-04-03 20:00:00,356.235839844
4437,2019-04-03 21:00:00,356.441833496
4438,2019-04-03 22:00:00,356.070220947
4439,2019-04-03 23:00:00,355.573364258
4440,2019-04-04 00:00:00,355.257263184
4441,2019-04-04 01:00:00,354.995239258
4442,2019-04-04 02:00:00,354.774749756
4443,2019-04-04 03:00:00,354.592590332
4444,2019-04-04 04:00:00,354.441009521
4445,2019-04-04 05:00:00,354.311035156
4446,2019-04-04 06:00:00,354.199462891
4447,2019-04-04 07:00:00,354.101470947
4448,2019-04-04 08:00:00,354.020477295
4449,2019-04-04 09:00:00,353.951416016
4450,2019-04-04 10:00:00,353.890991211
4451,2019-04-04 11:00:00,353.837524414
4452,2019-04-04 12:00:00,353.786254883
4453,2019-04-04 13:00:00,353.740356445
4454,2019-04-04 14:00:00,353.699066162
4455,2019-04-04 15:00:00,353.660919189
4456,2019-04-04 16:00:00,353.626007080
4457,2019-04-04 17:00:00,353.589691162
4458,2019-04-04 18:00:00,353.537780762
4459,2019-04-04 19:00:00,353.441619873
4460,2019-04-04 20:00:00,353.315734863
4461,2019-04-04 21:00:00,353.164886475
4462,2019-04-04 22:00:00,352.836090088
4463,2019-04-04 23:00:00,352.297943115
4464,2019-04-05 00:00:00,351.945861816
4465,2019-04-05 01:00:00,351.651550293
4466,2019-04-05 02:00:00,351.408630371
4467,2019-04-05 03:00:00,351.205535889
4468,2019-04-05 04:00:00,351.035278320
4469,2019-04-05 05:00:00,350.894317627
4470,2019-04-05 06:00:00,350.775939941
4471,2019-04-05 07:00:00,350.678375244
4472,2019-04-05 08:00:00,350.593750000
4473,2019-04-05 09:00:00,350.519897461
4474,2019-04-05 10:00:00,350.452484131
4475,2019-04-05 11:00:00,350.393127441
4476,2019-04-05 12:00:00,350.341278076
4477,2019-04-05 13:00:00,350.295410156
4478,2019-04-05 14:00:00,350.254302979
4479,2019-04-05 15:00:00,350.217834473
4480,2019-04-05 16:00:00,350.184143066
4481,2019-04-05 17:00:00,350.147888184
4482,2019-04-05 18:00:00,350.070373535
4483,2019-04-05 19:00:00,349.951934814
4484,2019-04-05 20:00:00,349.800323486
4485,2019-04-05 21:00:00,349.371734619
4486,2019-04-05 22:00:00,348.575012207
4487,2019-04-05 23:00:00,347.816986084
4488,2019-04-06 00:00:00,347.293395996
4489,2019-04-06 01:00:00,346.860260010
4490,2019-04-06 02:00:00,346.502685547
4491,2019-04-06 03:00:00,346.205657959
4492,2019-04-06 04:00:00,345.958587646
4493,2019-04-06 05:00:00,345.752380371
4494,2019-04-06 06:00:00,345.580017090
4495,2019-04-06 07:00:00,345.436126709
4496,2019-04-06 08:00:00,345.315216064
4497,2019-04-06 09:00:00,345.214294434
4498,2019-04-06 10:00:00,345.127136230
4499,2019-04-06 11:00:00,345.052795410
4500,2019-04-06 12:00:00,344.991455078
4501,2019-04-06 13:00:00,344.939086914
4502,2019-04-06 14:00:00,344.894744873
4503,2019-04-06 15:00:00,344.857910156
4504,2019-04-06 16:00:00,344.827331543
4505,2019-04-06 17:00:00,344.799377441
4506,2019-04-06 18:00:00,344.749786377
4507,2019-04-06 19:00:00,344.673706055
4508,2019-04-06 20:00:00,344.578247070
4509,2019-04-06 21:00:00,344.451599121
4510,2019-04-06 22:00:00,344.231567383
4511,2019-04-06 23:00:00,343.746795654
4512,2019-04-07 00:00:00,343.441101074
4513,2019-04-07 01:00:00,343.194305420
4514,2019-04-07 02:00:00,342.983428955
4515,2019-04-07 03:00:00,342.811370850
4516,2019-04-07 04:00:00,342.672821045
4517,2019-04-07 05:00:00,342.557098389
4518,2019-04-07 06:00:00,342.464294434
4519,2019-04-07 07:00:00,342.388885498
4520,2019-04-07 08:00:00,342.322937012
4521,2019-04-07 09:00:00,342.268432617
4522,2019-04-07 10:00:00,342.219238281
4523,2019-04-07 11:00:00,342.172576904
4524,2019-04-07 12:00:00,342.128936768
4525,2019-04-07 13:00:00,342.090759277
4526,2019-04-07 14:00:00,342.060821533
4527,2019-04-07 15:00:00,342.034362793
4528,2019-04-07 16:00:00,342.008575439
4529,2019-04-07 17:00:00,341.977386475
4530,2019-04-07 18:00:00,341.910339355
4531,2019-04-07 19:00:00,341.794006348
4532,2019-04-07 20:00:00,341.596618652
4533,2019-04-07 21:00:00,341.025634766
4534,2019-04-07 22:00:00,340.203430176
4535,2019-04-07 23:00:00,339.053344727
4536,2019-04-08 00:00:00,338.235595703
4537,2019-04-08 01:00:00,337.564758301
4538,2019-04-08 02:00:00,337.013854980
4539,2019-04-08 03:00:00,336.562286377
4540,2019-04-08 04:00:00,336.190338135
4541,2019-04-08 05:00:00,335.879821777
4542,2019-04-08 06:00:00,335.619995117
4543,2019-04-08 07:00:00,335.408660889
4544,2019-04-08 08:00:00,335.230010986
4545,2019-04-08 09:00:00,335.082275391
4546,2019-04-08 10:00:00,334.957916260
4547,2019-04-08 11:00:00,334.851593018
4548,2019-04-08 12:00:00,334.756347656
4549,2019-04-08 13:00:00,334.680053711
4550,2019-04-08 14:00:00,334.610229492
4551,2019-04-08 15:00:00,334.542968750
4552,2019-04-08 16:00:00,334.477172852
4553,2019-04-08 17:00:00,334.395385742
4554,2019-04-08 18:00:00,334.169372559
4555,2019-04-08 19:00:00,333.911346436
4556,2019-04-08 20:00:00,333.307250977
4557,2019-04-08 21:00:00,332.318847656
4558,2019-04-08 22:00:00,331.064086914
4559,2019-04-08 23:00:00,329.672637939
4560,2019-04-09 00:00:00,328.644714355
4561,2019-04-09 01:00:00,327.799346924
4562,2019-04-09 02:00:00,327.104156494
4563,2019-04-09 03:00:00,326.529327393
4564,2019-04-09 04:00:00,326.056182861
4565,2019-04-09 05:00:00,325.667633057
4566,2019-04-09 06:00:00,325.345825195
4567,2019-04-09 07:00:00,325.080261230
4568,2019-04-09 08:00:00,324.860595703
4569,2019-04-09 09:00:00,324.677947998
4570,2019-04-09 10:00:00,324.526367188
4571,2019-04-09 11:00:00,324.399902344
4572,2019-04-09 12:00:00,324.295013428
4573,2019-04-09 13:00:00,324.209625244
4574,2019-04-09 14:00:00,324.138366699
4575,2019-04-09 15:00:00,324.080810547
4576,2019-04-09 16:00:00,324.030609131
4577,2019-04-09 17:00:00,323.972045898
4578,2019-04-09 18:00:00,323.860137939
4579,2019-04-09 19:00:00,323.718109131
4580,2019-04-09 20:00:00,323.330902100
4581,2019-04-09 21:00:00,322.464904785
4582,2019-04-09 22:00:00,321.408569336
4583,2019-04-09 23:00:00,320.149353027
4584,2019-04-10 00:00:00,319.210906982
4585,2019-04-10 01:00:00,318.454376221
4586,2019-04-10 02:00:00,317.837799072
4587,2019-04-10 03:00:00,317.316375732
4588,2019-04-10 04:00:00,316.887756348
4589,2019-04-10 05:00:00,316.537841797
4590,2019-04-10 06:00:00,316.247619629
4591,2019-04-10 07:00:00,316.067260742
4592,2019-04-10 08:00:00,315.879333496
4593,2019-04-10 09:00:00,315.704742432
4594,2019-04-10 10:00:00,315.554412842
4595,2019-04-10 11:00:00,315.435699463
4596,2019-04-10 12:00:00,315.336761475
4597,2019-04-10 13:00:00,315.249755859
4598,2019-04-10 14:00:00,315.176391602
4599,2019-04-10 15:00:00,315.116729736
4600,2019-04-10 16:00:00,315.071014404
4601,2019-04-10 17:00:00,315.757690430
4602,2019-04-10 18:00:00,315.923950195
4603,2019-04-10 19:00:00,318.176818848
4604,2019-04-10 20:00:00,319.992645264
4605,2019-04-10 21:00:00,321.693084717
4606,2019-04-10 22:00:00,322.453826904
4607,2019-04-10 23:00:00,322.587005615
4608,2019-04-11 00:00:00,322.600280762
4609,2019-04-11 01:00:00,322.615631104
4610,2019-04-11 02:00:00,322.628356934
4611,2019-04-11 03:00:00,322.640930176
4612,2019-04-11 04:00:00,322.653076172
4613,2019-04-11 05:00:00,322.664306641
4614,2019-04-11 06:00:00,322.675262451
4615,2019-04-11 07:00:00,322.686065674
4616,2019-04-11 08:00:00,322.697357178
4617,2019-04-11 09:00:00,322.708190918
4618,2019-04-11 10:00:00,322.717987061
4619,2019-04-11 11:00:00,322.727722168
4620,2019-04-11 12:00:00,322.734375000
4621,2019-04-11 13:00:00,322.812683105
4622,2019-04-11 14:00:00,322.921112061
4623,2019-04-11 15:00:00,323.026702881
4624,2019-04-11 16:00:00,323.130798340
4625,2019-04-11 17:00:00,323.411315918
4626,2019-04-11 18:00:00,323.716125488
4627,2019-04-11 19:00:00,323.943206787
4628,2019-04-11 20:00:00,324.279113770
4629,2019-04-11 21:00:00,324.735260010
4630,2019-04-11 22:00:00,325.182373047
4631,2019-04-11 23:00:00,325.610900879
4632,2019-04-12 00:00:00,326.098205566
4633,2019-04-12 01:00:00,326.206634521
4634,2019-04-12 02:00:00,326.313323975
4635,2019-04-12 03:00:00,326.521514893
4636,2019-04-12 04:00:00,326.729309082
4637,2019-04-12 05:00:00,327.055023193
4638,2019-04-12 06:00:00,327.264923096
4639,2019-04-12 07:00:00,327.395202637
4640,2019-04-12 08:00:00,327.501831055
4641,2019-04-12 09:00:00,327.706115723
4642,2019-04-12 10:00:00,327.908294678
4643,2019-04-12 11:00:00,328.238586426
4644,2019-04-12 12:00:00,328.447631836
4645,2019-04-12 13:00:00,328.456573486
4646,2019-04-12 14:00:00,328.466003418
4647,2019-04-12 15:00:00,328.474670410
4648,2019-04-12 16:00:00,328.481567383
4649,2019-04-12 17:00:00,328.478637695
4650,2019-04-12 18:00:00,328.445678711
4651,2019-04-12 19:00:00,328.391418457
4652,2019-04-12 20:00:00,328.404876709
4653,2019-04-12 21:00:00,328.395751953
4654,2019-04-12 22:00:00,328.388763428
4655,2019-04-12 23:00:00,328.397094727
4656,2019-04-13 00:00:00,328.465911865
4657,2019-04-13 01:00:00,328.479522705
4658,2019-04-13 02:00:00,328.487854004
4659,2019-04-13 03:00:00,328.499176025
4660,2019-04-13 04:00:00,328.506164551
4661,2019-04-13 05:00:00,328.512573242
4662,2019-04-13 06:00:00,328.520141602
4663,2019-04-13 07:00:00,328.528839111
4664,2019-04-13 08:00:00,328.534088135
4665,2019-04-13 09:00:00,328.537719727
4666,2019-04-13 10:00:00,328.541442871
4667,2019-04-13 11:00:00,328.545867920
4668,2019-04-13 12:00:00,328.550262451
4669,2019-04-13 13:00:00,328.554779053
4670,2019-04-13 14:00:00,328.558990479
4671,2019-04-13 15:00:00,328.566528320
4672,2019-04-13 16:00:00,328.574371338
4673,2019-04-13 17:00:00,328.575286865
4674,2019-04-13 18:00:00,328.547119141
4675,2019-04-13 19:00:00,328.490722656
4676,2019-04-13 20:00:00,328.416046143
4677,2019-04-13 21:00:00,328.311065674
4678,2019-04-13 22:00:00,328.211059570
4679,2019-04-13 23:00:00,328.132232666
4680,2019-04-14 00:00:00,328.139984131
4681,2019-04-14 01:00:00,328.144165039
4682,2019-04-14 02:00:00,328.148132324
4683,2019-04-14 03:00:00,328.156524658
4684,2019-04-14 04:00:00,328.163024902
4685,2019-04-14 05:00:00,328.167968750
4686,2019-04-14 06:00:00,328.174011230
4687,2019-04-14 07:00:00,328.181579590
4688,2019-04-14 08:00:00,328.189117432
4689,2019-04-14 09:00:00,328.198242188
4690,2019-04-14 10:00:00,328.205902100
4691,2019-04-14 11:00:00,328.214172363
4692,2019-04-14 12:00:00,328.223358154
4693,2019-04-14 13:00:00,328.231262207
4694,2019-04-14 14:00:00,328.237701416
4695,2019-04-14 15:00:00,328.246765137
4696,2019-04-14 16:00:00,328.253845215
4697,2019-04-14 17:00:00,328.257690430
4698,2019-04-14 18:00:00,328.246002197
4699,2019-04-14 19:00:00,328.188293457
4700,2019-04-14 20:00:00,328.092834473
4701,2019-04-14 21:00:00,327.978210449
4702,2019-04-14 22:00:00,327.758697510
4703,2019-04-14 23:00:00,327.427001953
4704,2019-04-15 00:00:00,327.175842285
4705,2019-04-15 01:00:00,327.162261963
4706,2019-04-15 02:00:00,326.982116699
4707,2019-04-15 03:00:00,326.831054688
4708,2019-04-15 04:00:00,326.705200195
4709,2019-04-15 05:00:00,326.599334717
4710,2019-04-15 06:00:00,326.508422852
4711,2019-04-15 07:00:00,326.433868408
4712,2019-04-15 08:00:00,326.367706299
4713,2019-04-15 09:00:00,326.311767578
4714,2019-04-15 10:00:00,326.263122559
4715,2019-04-15 11:00:00,326.219818115
4716,2019-04-15 12:00:00,326.180023193
4717,2019-04-15 13:00:00,326.144653320
4718,2019-04-15 14:00:00,326.113861084
4719,2019-04-15 15:00:00,326.089660645
4720,2019-04-15 16:00:00,326.071472168
4721,2019-04-15 17:00:00,326.037170410
4722,2019-04-15 18:00:00,325.965179443
4723,2019-04-15 19:00:00,325.859771729
4724,2019-04-15 20:00:00,325.711364746
4725,2019-04-15 21:00:00,325.147277832
4726,2019-04-15 22:00:00,324.418731689
4727,2019-04-15 23:00:00,323.534393311
4728,2019-04-16 00:00:00,322.887847900
4729,2019-04-16 01:00:00,322.352539062
4730,2019-04-16 02:00:00,321.909423828
4731,2019-04-16 03:00:00,321.545928955
4732,2019-04-16 04:00:00,321.245849609
4733,2019-04-16 05:00:00,320.998931885
4734,2019-04-16 06:00:00,320.792602539
4735,2019-04-16 07:00:00,320.619781494
4736,2019-04-16 08:00:00,320.474975586
4737,2019-04-16 09:00:00,320.354827881
4738,2019-04-16 10:00:00,320.256072998
4739,2019-04-16 11:00:00,320.174346924
4740,2019-04-16 12:00:00,320.104705811
4741,2019-04-16 13:00:00,320.048645020
4742,2019-04-16 14:00:00,320.002105713
4743,2019-04-16 15:00:00,319.966888428
4744,2019-04-16 16:00:00,319.936401367
4745,2019-04-16 17:00:00,319.899200439
4746,2019-04-16 18:00:00,319.835052490
4747,2019-04-16 19:00:00,319.743316650
4748,2019-04-16 20:00:00,319.625854492
4749,2019-04-16 21:00:00,319.488769531
4750,2019-04-16 22:00:00,319.050048828
4751,2019-04-16 23:00:00,318.422576904
4752,2019-04-17 00:00:00,317.997100830
4753,2019-04-17 01:00:00,317.645629883
4754,2019-04-17 02:00:00,317.351562500
4755,2019-04-17 03:00:00,317.106811523
4756,2019-04-17 04:00:00,316.903747559
4757,2019-04-17 05:00:00,316.734985352
4758,2019-04-17 06:00:00,316.594512939
4759,2019-04-17 07:00:00,316.477905273
4760,2019-04-17 08:00:00,316.380981445
4761,2019-04-17 09:00:00,316.303253174
4762,2019-04-17 10:00:00,316.241638184
4763,2019-04-17 11:00:00,316.191101074
4764,2019-04-17 12:00:00,316.148895264
4765,2019-04-17 13:00:00,316.113250732
4766,2019-04-17 14:00:00,316.083618164
4767,2019-04-17 15:00:00,316.055541992
4768,2019-04-17 16:00:00,316.029174805
4769,2019-04-17 17:00:00,315.992492676
4770,2019-04-17 18:00:00,315.927459717
4771,2019-04-17 19:00:00,315.832885742
4772,2019-04-17 20:00:00,315.698150635
4773,2019-04-17 21:00:00,315.218048096
4774,2019-04-17 22:00:00,314.462982178
4775,2019-04-17 23:00:00,313.424163818
4776,2019-04-18 00:00:00,312.852447510
4777,2019-04-18 01:00:00,312.368896484
4778,2019-04-18 02:00:00,311.967926025
4779,2019-04-18 03:00:00,311.638946533
4780,2019-04-18 04:00:00,311.370819092
4781,2019-04-18 05:00:00,311.150787354
4782,2019-04-18 06:00:00,310.969512939
4783,2019-04-18 07:00:00,310.820526123
4784,2019-04-18 08:00:00,310.697448730
4785,2019-04-18 09:00:00,310.597717285
4786,2019-04-18 10:00:00,310.512390137
4787,2019-04-18 11:00:00,310.443298340
4788,2019-04-18 12:00:00,310.386657715
4789,2019-04-18 13:00:00,310.338012695
4790,2019-04-18 14:00:00,310.299407959
4791,2019-04-18 15:00:00,310.266571045
4792,2019-04-18 16:00:00,310.234924316
4793,2019-04-18 17:00:00,310.190124512
4794,2019-04-18 18:00:00,310.103240967
4795,2019-04-18 19:00:00,309.992034912
4796,2019-04-18 20:00:00,309.857238770
4797,2019-04-18 21:00:00,309.692871094
4798,2019-04-18 22:00:00,309.185913086
4799,2019-04-18 23:00:00,308.469482422
4800,2019-04-19 00:00:00,307.978820801
4801,2019-04-19 01:00:00,307.577209473
4802,2019-04-19 02:00:00,307.245361328
4803,2019-04-19 03:00:00,306.972137451
4804,2019-04-19 04:00:00,306.747253418
4805,2019-04-19 05:00:00,306.563598633
4806,2019-04-19 06:00:00,306.412139893
4807,2019-04-19 07:00:00,306.288818359
4808,2019-04-19 08:00:00,306.184875488
4809,2019-04-19 09:00:00,306.097595215
4810,2019-04-19 10:00:00,306.024017334
4811,2019-04-19 11:00:00,305.963806152
4812,2019-04-19 12:00:00,305.911499023
4813,2019-04-19 13:00:00,305.868835449
4814,2019-04-19 14:00:00,305.835662842
4815,2019-04-19 15:00:00,305.806671143
4816,2019-04-19 16:00:00,305.779266357
4817,2019-04-19 17:00:00,305.744232178
4818,2019-04-19 18:00:00,305.668426514
4819,2019-04-19 19:00:00,305.536254883
4820,2019-04-19 20:00:00,305.165496826
4821,2019-04-19 21:00:00,304.413299561
4822,2019-04-19 22:00:00,303.205871582
4823,2019-04-19 23:00:00,302.115417480
4824,2019-04-20 00:00:00,301.357330322
4825,2019-04-20 01:00:00,300.733795166
4826,2019-04-20 02:00:00,300.219482422
4827,2019-04-20 03:00:00,299.797027588
4828,2019-04-20 04:00:00,299.449005127
4829,2019-04-20 05:00:00,299.163818359
4830,2019-04-20 06:00:00,298.926116943
4831,2019-04-20 07:00:00,298.730072021
4832,2019-04-20 08:00:00,298.567932129
4833,2019-04-20 09:00:00,298.433319092
4834,2019-04-20 10:00:00,298.321258545
4835,2019-04-20 11:00:00,298.227539062
4836,2019-04-20 12:00:00,298.149719238
4837,2019-04-20 13:00:00,298.086883545
4838,2019-04-20 14:00:00,298.037445068
4839,2019-04-20 15:00:00,298.000885010
4840,2019-04-20 16:00:00,297.971862793
4841,2019-04-20 17:00:00,297.948120117
4842,2019-04-20 18:00:00,297.906402588
4843,2019-04-20 19:00:00,297.810852051
4844,2019-04-20 20:00:00,297.790466309
4845,2019-04-20 21:00:00,297.740997314
4846,2019-04-20 22:00:00,297.442321777
4847,2019-04-20 23:00:00,297.058837891
4848,2019-04-21 00:00:00,296.877227783
4849,2019-04-21 01:00:00,296.752319336
4850,2019-04-21 02:00:00,296.402038574
4851,2019-04-21 03:00:00,296.103576660
4852,2019-04-21 04:00:00,295.856079102
4853,2019-04-21 05:00:00,295.649932861
4854,2019-04-21 06:00:00,295.478668213
4855,2019-04-21 07:00:00,295.339019775
4856,2019-04-21 08:00:00,295.233551025
4857,2019-04-21 09:00:00,295.136199951
4858,2019-04-21 10:00:00,295.060699463
4859,2019-04-21 11:00:00,294.993347168
4860,2019-04-21 12:00:00,294.936157227
4861,2019-04-21 13:00:00,294.889038086
4862,2019-04-21 14:00:00,294.849365234
4863,2019-04-21 15:00:00,294.819122314
4864,2019-04-21 16:00:00,294.793365479
4865,2019-04-21 17:00:00,294.755462646
4866,2019-04-21 18:00:00,294.677886963
4867,2019-04-21 19:00:00,294.562805176
4868,2019-04-21 20:00:00,294.269348145
4869,2019-04-21 21:00:00,293.532775879
4870,2019-04-21 22:00:00,292.675964355
4871,2019-04-21 23:00:00,291.664703369
4872,2019-04-22 00:00:00,290.918029785
4873,2019-04-22 01:00:00,290.303619385
4874,2019-04-22 02:00:00,289.797058105
4875,2019-04-22 03:00:00,289.380065918
4876,2019-04-22 04:00:00,289.037017822
4877,2019-04-22 05:00:00,288.754699707
4878,2019-04-22 06:00:00,288.520172119
4879,2019-04-22 07:00:00,288.325653076
4880,2019-04-22 08:00:00,288.163726807
4881,2019-04-22 09:00:00,288.029602051
4882,2019-04-22 10:00:00,287.918151855
4883,2019-04-22 11:00:00,287.825469971
4884,2019-04-22 12:00:00,287.748077393
4885,2019-04-22 13:00:00,287.683776855
4886,2019-04-22 14:00:00,287.629974365
4887,2019-04-22 15:00:00,287.584808350
4888,2019-04-22 16:00:00,287.548736572
4889,2019-04-22 17:00:00,287.516601562
4890,2019-04-22 18:00:00,287.471343994
4891,2019-04-22 19:00:00,287.363861084
4892,2019-04-22 20:00:00,287.222625732
4893,2019-04-22 21:00:00,287.047302246
4894,2019-04-22 22:00:00,286.545349121
4895,2019-04-22 23:00:00,285.801300049
4896,2019-04-23 00:00:00,285.314544678
4897,2019-04-23 01:00:00,284.913269043
4898,2019-04-23 02:00:00,284.582733154
4899,2019-04-23 03:00:00,284.313720703
4900,2019-04-23 04:00:00,284.088439941
4901,2019-04-23 05:00:00,283.903594971
4902,2019-04-23 06:00:00,283.753662109
4903,2019-04-23 07:00:00,283.630767822
4904,2019-04-23 08:00:00,283.531524658
4905,2019-04-23 09:00:00,283.450286865
4906,2019-04-23 10:00:00,283.382995605
4907,2019-04-23 11:00:00,283.328826904
4908,2019-04-23 12:00:00,283.283813477
4909,2019-04-23 13:00:00,283.246307373
4910,2019-04-23 14:00:00,283.216827393
4911,2019-04-23 15:00:00,283.185821533
4912,2019-04-23 16:00:00,283.155303955
4913,2019-04-23 17:00:00,283.110107422
4914,2019-04-23 18:00:00,283.026123047
4915,2019-04-23 19:00:00,282.874389648
4916,2019-04-23 20:00:00,282.421386719
4917,2019-04-23 21:00:00,281.472839355
4918,2019-04-23 22:00:00,280.460968018
4919,2019-04-23 23:00:00,279.285583496
4920,2019-04-24 00:00:00,278.404266357
4921,2019-04-24 01:00:00,277.684234619
4922,2019-04-24 02:00:00,277.088104248
4923,2019-04-24 03:00:00,276.600555420
4924,2019-04-24 04:00:00,276.204895020
4925,2019-04-24 05:00:00,275.881072998
4926,2019-04-24 06:00:00,275.620147705
4927,2019-04-24 07:00:00,275.409088135
4928,2019-04-24 08:00:00,275.233917236
4929,2019-04-24 09:00:00,275.090515137
4930,2019-04-24 10:00:00,274.972351074
4931,2019-04-24 11:00:00,274.876159668
4932,2019-04-24 12:00:00,274.796600342
4933,2019-04-24 13:00:00,274.732421875
4934,2019-04-24 14:00:00,274.680328369
4935,2019-04-24 15:00:00,274.640228271
4936,2019-04-24 16:00:00,274.603454590
4937,2019-04-24 17:00:00,274.553710938
4938,2019-04-24 18:00:00,274.475097656
4939,2019-04-24 19:00:00,274.372222900
4940,2019-04-24 20:00:00,274.139129639
4941,2019-04-24 21:00:00,273.464935303
4942,2019-04-24 22:00:00,272.473266602
4943,2019-04-24 23:00:00,271.305114746
4944,2019-04-25 00:00:00,270.470245361
4945,2019-04-25 01:00:00,269.785949707
4946,2019-04-25 02:00:00,269.225494385
4947,2019-04-25 03:00:00,268.766387939
4948,2019-04-25 04:00:00,268.388793945
4949,2019-04-25 05:00:00,268.078613281
4950,2019-04-25 06:00:00,267.823822021
4951,2019-04-25 07:00:00,267.615997314
4952,2019-04-25 08:00:00,267.445465088
4953,2019-04-25 09:00:00,267.306518555
4954,2019-04-25 10:00:00,267.193664551
4955,2019-04-25 11:00:00,267.101470947
4956,2019-04-25 12:00:00,267.029754639
4957,2019-04-25 13:00:00,266.970977783
4958,2019-04-25 14:00:00,266.924957275
4959,2019-04-25 15:00:00,266.887634277
4960,2019-04-25 16:00:00,266.854675293
4961,2019-04-25 17:00:00,266.813354492
4962,2019-04-25 18:00:00,266.734588623
4963,2019-04-25 19:00:00,266.562347412
4964,2019-04-25 20:00:00,265.980194092
4965,2019-04-25 21:00:00,265.143218994
4966,2019-04-25 22:00:00,264.026062012
4967,2019-04-25 23:00:00,262.713104248
4968,2019-04-26 00:00:00,261.735748291
4969,2019-04-26 01:00:00,260.933258057
4970,2019-04-26 02:00:00,260.272674561
4971,2019-04-26 03:00:00,259.732177734
4972,2019-04-26 04:00:00,259.289184570
4973,2019-04-26 05:00:00,258.922607422
4974,2019-04-26 06:00:00,258.622894287
4975,2019-04-26 07:00:00,258.375549316
4976,2019-04-26 08:00:00,258.170318604
4977,2019-04-26 09:00:00,258.002502441
4978,2019-04-26 10:00:00,257.863494873
4979,2019-04-26 11:00:00,257.749542236
4980,2019-04-26 12:00:00,257.655181885
4981,2019-04-26 13:00:00,257.577301025
4982,2019-04-26 14:00:00,257.515075684
4983,2019-04-26 15:00:00,257.462738037
4984,2019-04-26 16:00:00,257.427459717
4985,2019-04-26 17:00:00,257.384490967
4986,2019-04-26 18:00:00,257.307312012
4987,2019-04-26 19:00:00,257.718902588
4988,2019-04-26 20:00:00,257.967498779
4989,2019-04-26 21:00:00,257.148681641
4990,2019-04-26 22:00:00,256.156280518
4991,2019-04-26 23:00:00,254.817718506
4992,2019-04-27 00:00:00,253.835525513
4993,2019-04-27 01:00:00,253.435440063
4994,2019-04-27 02:00:00,252.772430420
4995,2019-04-27 03:00:00,252.227127075
4996,2019-04-27 04:00:00,251.779647827
4997,2019-04-27 05:00:00,251.416259766
4998,2019-04-27 06:00:00,251.331604004
4999,2019-04-27 07:00:00,251.094390869
5000,2019-04-27 08:00:00,250.901321411
5001,2019-04-27 09:00:00,250.740676880
5002,2019-04-27 10:00:00,250.606948853
5003,2019-04-27 11:00:00,250.501907349
5004,2019-04-27 12:00:00,250.413375854
5005,2019-04-27 13:00:00,250.342620850
5006,2019-04-27 14:00:00,250.284667969
5007,2019-04-27 15:00:00,250.238189697
5008,2019-04-27 16:00:00,250.198181152
5009,2019-04-27 17:00:00,250.154129028
5010,2019-04-27 18:00:00,250.074493408
5011,2019-04-27 19:00:00,249.967239380
5012,2019-04-27 20:00:00,249.691390991
5013,2019-04-27 21:00:00,248.963912964
5014,2019-04-27 22:00:00,247.974456787
5015,2019-04-27 23:00:00,246.844680786
5016,2019-04-28 00:00:00,246.026840210
5017,2019-04-28 01:00:00,245.358383179
5018,2019-04-28 02:00:00,244.811553955
5019,2019-04-28 03:00:00,244.359527588
5020,2019-04-28 04:00:00,243.989562988
5021,2019-04-28 05:00:00,243.685760498
5022,2019-04-28 06:00:00,243.432617188
5023,2019-04-28 07:00:00,243.224395752
5024,2019-04-28 08:00:00,243.130859375
5025,2019-04-28 09:00:00,242.987884521
5026,2019-04-28 10:00:00,242.869720459
5027,2019-04-28 11:00:00,242.771804810
5028,2019-04-28 12:00:00,242.691497803
5029,2019-04-28 13:00:00,242.625213623
5030,2019-04-28 14:00:00,242.570800781
5031,2019-04-28 15:00:00,242.525115967
5032,2019-04-28 16:00:00,242.495300293
5033,2019-04-28 17:00:00,242.455886841
5034,2019-04-28 18:00:00,242.374206543
5035,2019-04-28 19:00:00,242.199966431
5036,2019-04-28 20:00:00,241.642333984
5037,2019-04-28 21:00:00,240.787200928
5038,2019-04-28 22:00:00,239.657546997
5039,2019-04-28 23:00:00,238.339004517
5040,2019-04-29 00:00:00,237.359390259
5041,2019-04-29 01:00:00,236.552917480
5042,2019-04-29 02:00:00,235.889495850
5043,2019-04-29 03:00:00,235.341613770
5044,2019-04-29 04:00:00,234.892272949
5045,2019-04-29 05:00:00,234.524108887
5046,2019-04-29 06:00:00,234.223495483
5047,2019-04-29 07:00:00,233.974899292
5048,2019-04-29 08:00:00,233.766708374
5049,2019-04-29 09:00:00,233.594924927
5050,2019-04-29 10:00:00,233.453125000
5051,2019-04-29 11:00:00,233.336044312
5052,2019-04-29 12:00:00,233.238357544
5053,2019-04-29 13:00:00,233.157272339
5054,2019-04-29 14:00:00,233.090499878
5055,2019-04-29 15:00:00,233.040542603
5056,2019-04-29 16:00:00,232.996185303
5057,2019-04-29 17:00:00,232.946395874
5058,2019-04-29 18:00:00,232.875137329
5059,2019-04-29 19:00:00,232.790695190
5060,2019-04-29 20:00:00,232.697021484
5061,2019-04-29 21:00:00,233.990036011
5062,2019-04-29 22:00:00,234.222229004
5063,2019-04-29 23:00:00,234.009216309
5064,2019-04-30 00:00:00,233.765472412
5065,2019-04-30 01:00:00,236.408813477
5066,2019-04-30 02:00:00,236.344177246
5067,2019-04-30 03:00:00,238.954238892
5068,2019-04-30 04:00:00,239.587966919
5069,2019-04-30 05:00:00,244.518035889
5070,2019-04-30 06:00:00,246.513900757
5071,2019-04-30 07:00:00,246.632797241
5072,2019-04-30 08:00:00,246.966049194
5073,2019-04-30 09:00:00,249.163650513
5074,2019-04-30 10:00:00,250.417846680
5075,2019-04-30 11:00:00,251.111511230
5076,2019-04-30 12:00:00,251.729217529
5077,2019-04-30 13:00:00,253.592895508
5078,2019-04-30 14:00:00,254.911148071
5079,2019-04-30 15:00:00,254.923431396
5080,2019-04-30 16:00:00,255.132980347
5081,2019-04-30 17:00:00,255.797790527
5082,2019-04-30 18:00:00,257.849365234
5083,2019-04-30 19:00:00,260.741333008
5084,2019-04-30 20:00:00,265.316162109
5085,2019-04-30 21:00:00,268.309997559
5086,2019-04-30 22:00:00,270.811462402
5087,2019-04-30 23:00:00,272.237548828
5088,2019-05-01 00:00:00,272.262054443
5089,2019-05-01 01:00:00,272.286193848
5090,2019-05-01 02:00:00,272.515472412
5091,2019-05-01 03:00:00,272.536621094
5092,2019-05-01 04:00:00,272.560180664
5093,2019-05-01 05:00:00,272.585327148
5094,2019-05-01 06:00:00,272.610809326
5095,2019-05-01 07:00:00,273.004882812
5096,2019-05-01 08:00:00,273.231842041
5097,2019-05-01 09:00:00,273.448181152
5098,2019-05-01 10:00:00,273.465698242
5099,2019-05-01 11:00:00,273.482238770
5100,2019-05-01 12:00:00,273.696289062
5101,2019-05-01 13:00:00,273.712768555
5102,2019-05-01 14:00:00,273.728576660
5103,2019-05-01 15:00:00,273.744628906
5104,2019-05-01 16:00:00,273.755798340
5105,2019-05-01 17:00:00,273.760162354
5106,2019-05-01 18:00:00,286.502258301
5107,2019-05-01 19:00:00,288.004821777
5108,2019-05-01 20:00:00,287.949096680
5109,2019-05-01 21:00:00,287.889343262
5110,2019-05-01 22:00:00,287.813964844
5111,2019-05-01 23:00:00,287.730407715
5112,2019-05-02 00:00:00,287.746185303
5113,2019-05-02 01:00:00,287.761779785
5114,2019-05-02 02:00:00,287.772430420
5115,2019-05-02 03:00:00,287.783813477
5116,2019-05-02 04:00:00,287.793273926
5117,2019-05-02 05:00:00,287.800964355
5118,2019-05-02 06:00:00,287.809234619
5119,2019-05-02 07:00:00,287.817077637
5120,2019-05-02 08:00:00,287.824157715
5121,2019-05-02 09:00:00,287.831298828
5122,2019-05-02 10:00:00,287.837921143
5123,2019-05-02 11:00:00,287.848632812
5124,2019-05-02 12:00:00,287.859588623
5125,2019-05-02 13:00:00,287.870849609
5126,2019-05-02 14:00:00,287.882019043
5127,2019-05-02 15:00:00,287.892333984
5128,2019-05-02 16:00:00,287.906890869
5129,2019-05-02 17:00:00,287.905517578
5130,2019-05-02 18:00:00,287.884277344
5131,2019-05-02 19:00:00,287.838317871
5132,2019-05-02 20:00:00,287.771606445
5133,2019-05-02 21:00:00,287.669342041
5134,2019-05-02 22:00:00,287.575164795
5135,2019-05-02 23:00:00,287.343414307
5136,2019-05-03 00:00:00,287.221221924
5137,2019-05-03 01:00:00,287.100891113
5138,2019-05-03 02:00:00,286.984527588
5139,2019-05-03 03:00:00,286.876922607
5140,2019-05-03 04:00:00,286.776123047
5141,2019-05-03 05:00:00,286.681671143
5142,2019-05-03 06:00:00,286.590332031
5143,2019-05-03 07:00:00,286.504455566
5144,2019-05-03 08:00:00,286.420593262
5145,2019-05-03 09:00:00,286.341735840
5146,2019-05-03 10:00:00,286.264007568
5147,2019-05-03 11:00:00,286.186889648
5148,2019-05-03 12:00:00,286.110961914
5149,2019-05-03 13:00:00,286.037292480
5150,2019-05-03 14:00:00,285.967773438
5151,2019-05-03 15:00:00,285.899566650
5152,2019-05-03 16:00:00,285.831024170
5153,2019-05-03 17:00:00,285.755615234
5154,2019-05-03 18:00:00,285.664703369
5155,2019-05-03 19:00:00,285.538482666
5156,2019-05-03 20:00:00,285.372863770
5157,2019-05-03 21:00:00,285.033874512
5158,2019-05-03 22:00:00,284.407470703
5159,2019-05-03 23:00:00,283.801086426
5160,2019-05-04 00:00:00,283.227111816
5161,2019-05-04 01:00:00,282.793762207
5162,2019-05-04 02:00:00,282.423889160
5163,2019-05-04 03:00:00,282.107421875
5164,2019-05-04 04:00:00,281.840454102
5165,2019-05-04 05:00:00,281.610595703
5166,2019-05-04 06:00:00,281.411529541
5167,2019-05-04 07:00:00,281.240905762
5168,2019-05-04 08:00:00,281.089721680
5169,2019-05-04 09:00:00,280.957305908
5170,2019-05-04 10:00:00,280.838562012
5171,2019-05-04 11:00:00,280.732971191
5172,2019-05-04 12:00:00,280.639251709
5173,2019-05-04 13:00:00,280.553588867
5174,2019-05-04 14:00:00,280.473327637
5175,2019-05-04 15:00:00,280.402221680
5176,2019-05-04 16:00:00,280.333465576
5177,2019-05-04 17:00:00,280.267913818
5178,2019-05-04 18:00:00,280.189331055
5179,2019-05-04 19:00:00,280.077148438
5180,2019-05-04 20:00:00,279.936248779
5181,2019-05-04 21:00:00,279.771484375
5182,2019-05-04 22:00:00,279.422393799
5183,2019-05-04 23:00:00,278.888885498
5184,2019-05-05 00:00:00,278.327972412
5185,2019-05-05 01:00:00,277.925689697
5186,2019-05-05 02:00:00,277.587646484
5187,2019-05-05 03:00:00,277.302551270
5188,2019-05-05 04:00:00,277.061676025
5189,2019-05-05 05:00:00,276.856903076
5190,2019-05-05 06:00:00,276.684814453
5191,2019-05-05 07:00:00,276.539306641
5192,2019-05-05 08:00:00,276.412994385
5193,2019-05-05 09:00:00,276.302185059
5194,2019-05-05 10:00:00,276.205871582
5195,2019-05-05 11:00:00,276.123291016
5196,2019-05-05 12:00:00,276.050170898
5197,2019-05-05 13:00:00,275.985900879
5198,2019-05-05 14:00:00,275.929565430
5199,2019-05-05 15:00:00,275.877044678
5200,2019-05-05 16:00:00,275.828216553
5201,2019-05-05 17:00:00,275.775512695
5202,2019-05-05 18:00:00,275.691955566
5203,2019-05-05 19:00:00,275.563262939
5204,2019-05-05 20:00:00,275.305480957
5205,2019-05-05 21:00:00,274.705688477
5206,2019-05-05 22:00:00,273.924499512
5207,2019-05-05 23:00:00,272.982940674
5208,2019-05-06 00:00:00,272.043426514
5209,2019-05-06 01:00:00,271.326568604
5210,2019-05-06 02:00:00,270.726470947
5211,2019-05-06 03:00:00,270.228027344
5212,2019-05-06 04:00:00,269.814636230
5213,2019-05-06 05:00:00,269.469635010
5214,2019-05-06 06:00:00,269.179626465
5215,2019-05-06 07:00:00,268.939361572
5216,2019-05-06 08:00:00,268.734375000
5217,2019-05-06 09:00:00,268.561126709
5218,2019-05-06 10:00:00,268.413604736
5219,2019-05-06 11:00:00,268.287353516
5220,2019-05-06 12:00:00,268.178710938
5221,2019-05-06 13:00:00,268.085327148
5222,2019-05-06 14:00:00,268.004974365
5223,2019-05-06 15:00:00,267.939208984
5224,2019-05-06 16:00:00,267.880401611
5225,2019-05-06 17:00:00,267.816894531
5226,2019-05-06 18:00:00,267.720733643
5227,2019-05-06 19:00:00,267.592773438
5228,2019-05-06 20:00:00,267.428771973
5229,2019-05-06 21:00:00,266.963592529
5230,2019-05-06 22:00:00,266.196289062
5231,2019-05-06 23:00:00,265.186187744
5232,2019-05-07 00:00:00,264.093658447
5233,2019-05-07 01:00:00,263.273101807
5234,2019-05-07 02:00:00,262.597625732
5235,2019-05-07 03:00:00,262.040283203
5236,2019-05-07 04:00:00,261.577148438
5237,2019-05-07 05:00:00,261.193695068
5238,2019-05-07 06:00:00,260.871276855
5239,2019-05-07 07:00:00,260.603576660
5240,2019-05-07 08:00:00,260.378631592
5241,2019-05-07 09:00:00,260.188873291
5242,2019-05-07 10:00:00,260.028442383
5243,2019-05-07 11:00:00,259.892456055
5244,2019-05-07 12:00:00,259.779541016
5245,2019-05-07 13:00:00,259.682220459
5246,2019-05-07 14:00:00,259.600006104
5247,2019-05-07 15:00:00,259.527740479
5248,2019-05-07 16:00:00,259.463043213
5249,2019-05-07 17:00:00,259.379364014
5250,2019-05-07 18:00:00,259.268280029
5251,2019-05-07 19:00:00,259.102447510
5252,2019-05-07 20:00:00,258.700317383
5253,2019-05-07 21:00:00,257.968200684
5254,2019-05-07 22:00:00,256.974273682
5255,2019-05-07 23:00:00,255.872207642
5256,2019-05-08 00:00:00,254.811172485
5257,2019-05-08 01:00:00,254.011810303
5258,2019-05-08 02:00:00,253.353439331
5259,2019-05-08 03:00:00,252.813049316
5260,2019-05-08 04:00:00,252.361053467
5261,2019-05-08 05:00:00,251.985961914
5262,2019-05-08 06:00:00,251.679183960
5263,2019-05-08 07:00:00,251.428558350
5264,2019-05-08 08:00:00,251.223663330
5265,2019-05-08 09:00:00,251.054321289
5266,2019-05-08 10:00:00,250.911056519
5267,2019-05-08 11:00:00,250.790863037
5268,2019-05-08 12:00:00,250.688507080
5269,2019-05-08 13:00:00,250.601974487
5270,2019-05-08 14:00:00,250.529113770
5271,2019-05-08 15:00:00,250.465682983
5272,2019-05-08 16:00:00,250.409362793
5273,2019-05-08 17:00:00,250.351470947
5274,2019-05-08 18:00:00,250.274993896
5275,2019-05-08 19:00:00,250.282333374
5276,2019-05-08 20:00:00,250.443511963
5277,2019-05-08 21:00:00,250.176269531
5278,2019-05-08 22:00:00,249.597290039
5279,2019-05-08 23:00:00,249.786651611
5280,2019-05-09 00:00:00,249.020172119
5281,2019-05-09 01:00:00,248.451797485
5282,2019-05-09 02:00:00,247.981643677
5283,2019-05-09 03:00:00,247.595504761
5284,2019-05-09 04:00:00,247.275253296
5285,2019-05-09 05:00:00,247.212890625
5286,2019-05-09 06:00:00,246.990600586
5287,2019-05-09 07:00:00,246.807418823
5288,2019-05-09 08:00:00,246.653381348
5289,2019-05-09 09:00:00,246.523849487
5290,2019-05-09 10:00:00,246.412933350
5291,2019-05-09 11:00:00,246.321884155
5292,2019-05-09 12:00:00,246.243103027
5293,2019-05-09 13:00:00,246.176162720
5294,2019-05-09 14:00:00,246.122207642
5295,2019-05-09 15:00:00,246.076339722
5296,2019-05-09 16:00:00,246.037689209
5297,2019-05-09 17:00:00,245.987716675
5298,2019-05-09 18:00:00,246.217819214
5299,2019-05-09 19:00:00,246.141357422
5300,2019-05-09 20:00:00,246.464218140
5301,2019-05-09 21:00:00,246.095031738
5302,2019-05-09 22:00:00,245.841812134
5303,2019-05-09 23:00:00,245.372634888
5304,2019-05-10 00:00:00,244.884063721
5305,2019-05-10 01:00:00,244.915191650
5306,2019-05-10 02:00:00,245.563415527
5307,2019-05-10 03:00:00,245.516311646
5308,2019-05-10 04:00:00,245.615142822
5309,2019-05-10 05:00:00,245.606109619
5310,2019-05-10 06:00:00,245.469955444
5311,2019-05-10 07:00:00,245.455780029
5312,2019-05-10 08:00:00,245.959976196
5313,2019-05-10 09:00:00,246.088012695
5314,2019-05-10 10:00:00,246.026336670
5315,2019-05-10 11:00:00,245.971572876
5316,2019-05-10 12:00:00,246.332687378
5317,2019-05-10 13:00:00,246.643035889
5318,2019-05-10 14:00:00,246.622131348
5319,2019-05-10 15:00:00,246.599365234
5320,2019-05-10 16:00:00,248.387313843
5321,2019-05-10 17:00:00,248.493850708
5322,2019-05-10 18:00:00,248.474655151
5323,2019-05-10 19:00:00,248.735168457
5324,2019-05-10 20:00:00,249.446472168
5325,2019-05-10 21:00:00,249.704223633
5326,2019-05-10 22:00:00,249.579238892
5327,2019-05-10 23:00:00,249.295715332
5328,2019-05-11 00:00:00,249.286102295
5329,2019-05-11 01:00:00,249.149261475
5330,2019-05-11 02:00:00,249.348892212
5331,2019-05-11 03:00:00,249.219039917
5332,2019-05-11 04:00:00,249.027130127
5333,2019-05-11 05:00:00,248.966064453
5334,2019-05-11 06:00:00,248.834106445
5335,2019-05-11 07:00:00,248.723800659
5336,2019-05-11 08:00:00,248.631942749
5337,2019-05-11 09:00:00,248.559432983
5338,2019-05-11 10:00:00,248.499145508
5339,2019-05-11 11:00:00,248.445907593
5340,2019-05-11 12:00:00,248.397979736
5341,2019-05-11 13:00:00,248.360244751
5342,2019-05-11 14:00:00,248.326034546
5343,2019-05-11 15:00:00,248.296356201
5344,2019-05-11 16:00:00,248.268066406
5345,2019-05-11 17:00:00,248.233398438
5346,2019-05-11 18:00:00,248.173233032
5347,2019-05-11 19:00:00,248.083847046
5348,2019-05-11 20:00:00,247.895751953
5349,2019-05-11 21:00:00,248.144729614
5350,2019-05-11 22:00:00,248.092895508
5351,2019-05-11 23:00:00,248.985229492
5352,2019-05-12 00:00:00,249.207901001
5353,2019-05-12 01:00:00,248.862030029
5354,2019-05-12 02:00:00,248.555831909
5355,2019-05-12 03:00:00,248.299026489
5356,2019-05-12 04:00:00,248.085784912
5357,2019-05-12 05:00:00,247.908493042
5358,2019-05-12 06:00:00,247.762802124
5359,2019-05-12 07:00:00,247.643081665
5360,2019-05-12 08:00:00,247.543563843
5361,2019-05-12 09:00:00,247.461273193
5362,2019-05-12 10:00:00,247.391677856
5363,2019-05-12 11:00:00,247.332717896
5364,2019-05-12 12:00:00,247.283309937
5365,2019-05-12 13:00:00,247.240219116
5366,2019-05-12 14:00:00,247.208709717
5367,2019-05-12 15:00:00,247.178726196
5368,2019-05-12 16:00:00,247.153015137
5369,2019-05-12 17:00:00,247.119003296
5370,2019-05-12 18:00:00,247.052276611
5371,2019-05-12 19:00:00,246.950637817
5372,2019-05-12 20:00:00,246.593139648
5373,2019-05-12 21:00:00,246.107482910
5374,2019-05-12 22:00:00,245.415100098
5375,2019-05-12 23:00:00,244.588607788
5376,2019-05-13 00:00:00,243.787048340
5377,2019-05-13 01:00:00,243.186019897
5378,2019-05-13 02:00:00,242.689514160
5379,2019-05-13 03:00:00,242.278671265
5380,2019-05-13 04:00:00,241.935791016
5381,2019-05-13 05:00:00,241.651107788
5382,2019-05-13 06:00:00,241.415725708
5383,2019-05-13 07:00:00,241.223022461
5384,2019-05-13 08:00:00,241.062973022
5385,2019-05-13 09:00:00,240.928710938
5386,2019-05-13 10:00:00,240.814239502
5387,2019-05-13 11:00:00,240.721038818
5388,2019-05-13 12:00:00,240.642684937
5389,2019-05-13 13:00:00,240.577285767
5390,2019-05-13 14:00:00,240.525207520
5391,2019-05-13 15:00:00,240.478073120
5392,2019-05-13 16:00:00,240.437225342
5393,2019-05-13 17:00:00,240.392059326
5394,2019-05-13 18:00:00,240.333709717
5395,2019-05-13 19:00:00,240.231979370
5396,2019-05-13 20:00:00,240.095825195
5397,2019-05-13 21:00:00,239.635772705
5398,2019-05-13 22:00:00,238.898284912
5399,2019-05-13 23:00:00,237.887664795
5400,2019-05-14 00:00:00,237.108917236
5401,2019-05-14 01:00:00,236.529541016
5402,2019-05-14 02:00:00,236.045379639
5403,2019-05-14 03:00:00,235.640823364
5404,2019-05-14 04:00:00,235.308319092
5405,2019-05-14 05:00:00,235.032760620
5406,2019-05-14 06:00:00,234.804504395
5407,2019-05-14 07:00:00,234.617126465
5408,2019-05-14 08:00:00,234.459442139
5409,2019-05-14 09:00:00,234.326339722
5410,2019-05-14 10:00:00,234.215103149
5411,2019-05-14 11:00:00,234.120223999
5412,2019-05-14 12:00:00,234.040496826
5413,2019-05-14 13:00:00,233.976379395
5414,2019-05-14 14:00:00,233.924148560
5415,2019-05-14 15:00:00,233.877334595
5416,2019-05-14 16:00:00,233.835021973
5417,2019-05-14 17:00:00,233.790557861
5418,2019-05-14 18:00:00,233.740921021
5419,2019-05-14 19:00:00,233.672485352
5420,2019-05-14 20:00:00,233.567001343
5421,2019-05-14 21:00:00,233.212188721
5422,2019-05-14 22:00:00,232.521240234
5423,2019-05-14 23:00:00,231.656066895
5424,2019-05-15 00:00:00,230.815002441
5425,2019-05-15 01:00:00,230.172622681
5426,2019-05-15 02:00:00,229.642288208
5427,2019-05-15 03:00:00,229.207077026
5428,2019-05-15 04:00:00,228.845031738
5429,2019-05-15 05:00:00,228.543884277
5430,2019-05-15 06:00:00,228.294021606
5431,2019-05-15 07:00:00,228.087905884
5432,2019-05-15 08:00:00,227.916107178
5433,2019-05-15 09:00:00,227.772735596
5434,2019-05-15 10:00:00,227.652435303
5435,2019-05-15 11:00:00,227.552078247
5436,2019-05-15 12:00:00,227.467468262
5437,2019-05-15 13:00:00,227.396926880
5438,2019-05-15 14:00:00,227.340408325
5439,2019-05-15 15:00:00,227.294250488
5440,2019-05-15 16:00:00,227.253509521
5441,2019-05-15 17:00:00,227.212448120
5442,2019-05-15 18:00:00,227.126770020
5443,2019-05-15 19:00:00,227.000869751
5444,2019-05-15 20:00:00,226.600051880
5445,2019-05-15 21:00:00,225.658660889
5446,2019-05-15 22:00:00,224.696319580
5447,2019-05-15 23:00:00,223.561996460
5448,2019-05-16 00:00:00,222.393295288
5449,2019-05-16 01:00:00,221.496200562
5450,2019-05-16 02:00:00,220.755340576
5451,2019-05-16 03:00:00,220.150390625
5452,2019-05-16 04:00:00,219.649642944
5453,2019-05-16 05:00:00,219.235321045
5454,2019-05-16 06:00:00,218.896453857
5455,2019-05-16 07:00:00,218.619476318
5456,2019-05-16 08:00:00,218.390808105
5457,2019-05-16 09:00:00,218.200454712
5458,2019-05-16 10:00:00,218.043853760
5459,2019-05-16 11:00:00,217.911224365
5460,2019-05-16 12:00:00,217.799560547
5461,2019-05-16 13:00:00,217.710128784
5462,2019-05-16 14:00:00,217.643493652
5463,2019-05-16 15:00:00,217.588073730
5464,2019-05-16 16:00:00,217.535354614
5465,2019-05-16 17:00:00,217.456497192
5466,2019-05-16 18:00:00,217.352951050
5467,2019-05-16 19:00:00,217.141174316
5468,2019-05-16 20:00:00,216.552642822
5469,2019-05-16 21:00:00,215.620513916
5470,2019-05-16 22:00:00,214.163955688
5471,2019-05-16 23:00:00,212.797180176
5472,2019-05-17 00:00:00,211.438293457
5473,2019-05-17 01:00:00,210.381988525
5474,2019-05-17 02:00:00,209.522109985
5475,2019-05-17 03:00:00,208.809829712
5476,2019-05-17 04:00:00,208.222900391
5477,2019-05-17 05:00:00,207.726684570
5478,2019-05-17 06:00:00,207.318649292
5479,2019-05-17 07:00:00,206.981842041
5480,2019-05-17 08:00:00,206.704498291
5481,2019-05-17 09:00:00,206.475433350
5482,2019-05-17 10:00:00,206.286727905
5483,2019-05-17 11:00:00,206.132446289
5484,2019-05-17 12:00:00,205.998321533
5485,2019-05-17 13:00:00,206.544555664
5486,2019-05-17 14:00:00,208.281997681
5487,2019-05-17 15:00:00,209.266738892
5488,2019-05-17 16:00:00,210.134948730
5489,2019-05-17 17:00:00,210.737075806
5490,2019-05-17 18:00:00,211.623382568
5491,2019-05-17 19:00:00,212.613449097
5492,2019-05-17 20:00:00,216.119003296
5493,2019-05-17 21:00:00,217.241302490
5494,2019-05-17 22:00:00,217.174392700
5495,2019-05-17 23:00:00,217.300186157
5496,2019-05-18 00:00:00,217.246078491
5497,2019-05-18 01:00:00,217.260421753
5498,2019-05-18 02:00:00,217.465652466
5499,2019-05-18 03:00:00,217.564865112
5500,2019-05-18 04:00:00,217.570617676
5501,2019-05-18 05:00:00,217.581344604
5502,2019-05-18 06:00:00,217.690170288
5503,2019-05-18 07:00:00,217.697814941
5504,2019-05-18 08:00:00,217.708328247
5505,2019-05-18 09:00:00,217.718322754
5506,2019-05-18 10:00:00,217.827499390
5507,2019-05-18 11:00:00,217.838745117
5508,2019-05-18 12:00:00,217.849716187
5509,2019-05-18 13:00:00,217.864273071
5510,2019-05-18 14:00:00,217.878417969
5511,2019-05-18 15:00:00,219.383392334
5512,2019-05-18 16:00:00,219.395751953
5513,2019-05-18 17:00:00,225.130157471
5514,2019-05-18 18:00:00,225.108261108
5515,2019-05-18 19:00:00,225.064376831
5516,2019-05-18 20:00:00,224.996917725
5517,2019-05-18 21:00:00,224.918701172
5518,2019-05-18 22:00:00,224.830108643
5519,2019-05-18 23:00:00,224.757308960
5520,2019-05-19 00:00:00,224.709243774
5521,2019-05-19 01:00:00,224.726333618
5522,2019-05-19 02:00:00,224.734741211
5523,2019-05-19 03:00:00,224.743316650
5524,2019-05-19 04:00:00,224.751831055
5525,2019-05-19 05:00:00,224.759124756
5526,2019-05-19 06:00:00,224.766159058
5527,2019-05-19 07:00:00,224.772689819
5528,2019-05-19 08:00:00,224.778579712
5529,2019-05-19 09:00:00,224.784072876
5530,2019-05-19 10:00:00,224.789367676
5531,2019-05-19 11:00:00,224.795776367
5532,2019-05-19 12:00:00,224.802322388
5533,2019-05-19 13:00:00,224.807174683
5534,2019-05-19 14:00:00,224.812423706
5535,2019-05-19 15:00:00,224.822845459
5536,2019-05-19 16:00:00,224.829071045
5537,2019-05-19 17:00:00,224.822418213
5538,2019-05-19 18:00:00,224.783905029
5539,2019-05-19 19:00:00,224.721435547
5540,2019-05-19 20:00:00,224.649520874
5541,2019-05-19 21:00:00,224.555328369
5542,2019-05-19 22:00:00,224.192047119
5543,2019-05-19 23:00:00,223.645812988
5544,2019-05-20 00:00:00,223.084533691
5545,2019-05-20 01:00:00,222.666137695
5546,2019-05-20 02:00:00,222.313201904
5547,2019-05-20 03:00:00,222.015670776
5548,2019-05-20 04:00:00,221.763320923
5549,2019-05-20 05:00:00,221.543731689
5550,2019-05-20 06:00:00,221.365951538
5551,2019-05-20 07:00:00,221.215667725
5552,2019-05-20 08:00:00,221.089233398
5553,2019-05-20 09:00:00,220.979736328
5554,2019-05-20 10:00:00,220.884689331
5555,2019-05-20 11:00:00,223.080200195
5556,2019-05-20 12:00:00,226.128814697
5557,2019-05-20 13:00:00,226.121246338
5558,2019-05-20 14:00:00,226.553695679
5559,2019-05-20 15:00:00,227.398162842
5560,2019-05-20 16:00:00,228.087539673
5561,2019-05-20 17:00:00,230.354644775
5562,2019-05-20 18:00:00,231.341552734
5563,2019-05-20 19:00:00,233.334884644
5564,2019-05-20 20:00:00,234.793197632
5565,2019-05-20 21:00:00,238.935012817
5566,2019-05-20 22:00:00,244.764389038
5567,2019-05-20 23:00:00,244.688461304
5568,2019-05-21 00:00:00,244.636795044
5569,2019-05-21 01:00:00,244.643798828
5570,2019-05-21 02:00:00,244.648300171
5571,2019-05-21 03:00:00,244.652053833
5572,2019-05-21 04:00:00,244.655517578
5573,2019-05-21 05:00:00,244.658523560
5574,2019-05-21 06:00:00,244.663345337
5575,2019-05-21 07:00:00,244.666992188
5576,2019-05-21 08:00:00,244.671691895
5577,2019-05-21 09:00:00,244.677688599
5578,2019-05-21 10:00:00,244.684219360
5579,2019-05-21 11:00:00,244.691085815
5580,2019-05-21 12:00:00,244.701431274
5581,2019-05-21 13:00:00,244.712692261
5582,2019-05-21 14:00:00,244.726058960
5583,2019-05-21 15:00:00,246.148040771
5584,2019-05-21 16:00:00,247.570724487
5585,2019-05-21 17:00:00,248.984558105
5586,2019-05-21 18:00:00,248.963119507
5587,2019-05-21 19:00:00,248.926162720
5588,2019-05-21 20:00:00,248.868621826
5589,2019-05-21 21:00:00,248.803436279
5590,2019-05-21 22:00:00,248.728210449
5591,2019-05-21 23:00:00,250.061645508
5592,2019-05-22 00:00:00,255.942138672
5593,2019-05-22 01:00:00,255.952331543
5594,2019-05-22 02:00:00,255.960983276
5595,2019-05-22 03:00:00,257.556488037
5596,2019-05-22 04:00:00,257.560852051
5597,2019-05-22 05:00:00,257.565673828
5598,2019-05-22 06:00:00,258.670928955
5599,2019-05-22 07:00:00,258.677612305
5600,2019-05-22 08:00:00,258.681884766
5601,2019-05-22 09:00:00,258.692596436
5602,2019-05-22 10:00:00,258.703796387
5603,2019-05-22 11:00:00,258.708862305
5604,2019-05-22 12:00:00,258.713256836
5605,2019-05-22 13:00:00,258.952911377
5606,2019-05-22 14:00:00,265.016479492
5607,2019-05-22 15:00:00,265.019653320
5608,2019-05-22 16:00:00,265.024139404
5609,2019-05-22 17:00:00,265.015136719
5610,2019-05-22 18:00:00,266.923095703
5611,2019-05-22 19:00:00,266.892730713
5612,2019-05-22 20:00:00,266.849182129
5613,2019-05-22 21:00:00,266.782348633
5614,2019-05-22 22:00:00,266.705383301
5615,2019-05-22 23:00:00,266.642272949
5616,2019-05-23 00:00:00,266.582031250
5617,2019-05-23 01:00:00,266.589813232
5618,2019-05-23 02:00:00,266.598663330
5619,2019-05-23 03:00:00,266.608825684
5620,2019-05-23 04:00:00,266.619995117
5621,2019-05-23 05:00:00,266.630859375
5622,2019-05-23 06:00:00,266.629486084
5623,2019-05-23 07:00:00,266.631408691
5624,2019-05-23 08:00:00,266.622924805
5625,2019-05-23 09:00:00,266.617828369
5626,2019-05-23 10:00:00,266.611450195
5627,2019-05-23 11:00:00,266.597351074
5628,2019-05-23 12:00:00,266.587463379
5629,2019-05-23 13:00:00,266.583557129
5630,2019-05-23 14:00:00,266.581817627
5631,2019-05-23 15:00:00,266.570312500
5632,2019-05-23 16:00:00,266.561645508
5633,2019-05-23 17:00:00,266.990783691
5634,2019-05-23 18:00:00,266.961761475
5635,2019-05-23 19:00:00,267.869354248
5636,2019-05-23 20:00:00,269.960632324
5637,2019-05-23 21:00:00,271.607879639
5638,2019-05-23 22:00:00,273.122436523
5639,2019-05-23 23:00:00,273.050598145
5640,2019-05-24 00:00:00,273.558929443
5641,2019-05-24 01:00:00,273.869659424
5642,2019-05-24 02:00:00,273.877990723
5643,2019-05-24 03:00:00,273.896118164
5644,2019-05-24 04:00:00,273.915161133
5645,2019-05-24 05:00:00,273.928710938
5646,2019-05-24 06:00:00,273.937316895
5647,2019-05-24 07:00:00,273.946655273
5648,2019-05-24 08:00:00,273.957763672
5649,2019-05-24 09:00:00,273.967773438
5650,2019-05-24 10:00:00,273.976684570
5651,2019-05-24 11:00:00,273.986053467
5652,2019-05-24 12:00:00,273.992218018
5653,2019-05-24 13:00:00,273.998413086
5654,2019-05-24 14:00:00,274.004852295
5655,2019-05-24 15:00:00,274.011657715
5656,2019-05-24 16:00:00,274.028137207
5657,2019-05-24 17:00:00,274.038543701
5658,2019-05-24 18:00:00,274.030090332
5659,2019-05-24 19:00:00,273.989624023
5660,2019-05-24 20:00:00,273.920349121
5661,2019-05-24 21:00:00,273.827941895
5662,2019-05-24 22:00:00,273.548919678
5663,2019-05-24 23:00:00,273.256195068
5664,2019-05-25 00:00:00,272.956909180
5665,2019-05-25 01:00:00,272.753601074
5666,2019-05-25 02:00:00,272.574005127
5667,2019-05-25 03:00:00,272.409973145
5668,2019-05-25 04:00:00,272.262298584
5669,2019-05-25 05:00:00,272.129821777
5670,2019-05-25 06:00:00,272.010192871
5671,2019-05-25 07:00:00,271.903900146
5672,2019-05-25 08:00:00,271.804748535
5673,2019-05-25 09:00:00,271.714050293
5674,2019-05-25 10:00:00,271.629730225
5675,2019-05-25 11:00:00,271.551300049
5676,2019-05-25 12:00:00,271.475524902
5677,2019-05-25 13:00:00,271.406280518
5678,2019-05-25 14:00:00,271.344635010
5679,2019-05-25 15:00:00,271.287078857
5680,2019-05-25 16:00:00,271.228240967
5681,2019-05-25 17:00:00,271.160797119
5682,2019-05-25 18:00:00,271.062194824
5683,2019-05-25 19:00:00,270.938537598
5684,2019-05-25 20:00:00,270.786956787
5685,2019-05-25 21:00:00,270.477508545
5686,2019-05-25 22:00:00,269.908081055
5687,2019-05-25 23:00:00,269.074188232
5688,2019-05-26 00:00:00,268.190093994
5689,2019-05-26 01:00:00,267.530426025
5690,2019-05-26 02:00:00,266.984497070
5691,2019-05-26 03:00:00,266.530303955
5692,2019-05-26 04:00:00,266.149230957
5693,2019-05-26 05:00:00,265.829986572
5694,2019-05-26 06:00:00,265.561859131
5695,2019-05-26 07:00:00,265.334991455
5696,2019-05-26 08:00:00,265.140563965
5697,2019-05-26 09:00:00,264.975128174
5698,2019-05-26 10:00:00,264.834808350
5699,2019-05-26 11:00:00,264.713073730
5700,2019-05-26 12:00:00,264.605133057
5701,2019-05-26 13:00:00,264.514068604
5702,2019-05-26 14:00:00,264.433288574
5703,2019-05-26 15:00:00,264.354370117
5704,2019-05-26 16:00:00,264.284484863
5705,2019-05-26 17:00:00,264.193481445
5706,2019-05-26 18:00:00,264.110137939
5707,2019-05-26 19:00:00,263.822601318
5708,2019-05-26 20:00:00,263.290985107
5709,2019-05-26 21:00:00,262.532958984
5710,2019-05-26 22:00:00,261.575378418
5711,2019-05-26 23:00:00,260.470611572
5712,2019-05-27 00:00:00,259.592071533
5713,2019-05-27 01:00:00,258.918701172
5714,2019-05-27 02:00:00,258.265991211
5715,2019-05-27 03:00:00,257.729980469
5716,2019-05-27 04:00:00,257.285614014
5717,2019-05-27 05:00:00,256.917327881
5718,2019-05-27 06:00:00,256.607330322
5719,2019-05-27 07:00:00,256.346679688
5720,2019-05-27 08:00:00,256.128326416
5721,2019-05-27 09:00:00,255.942779541
5722,2019-05-27 10:00:00,255.784988403
5723,2019-05-27 11:00:00,255.648986816
5724,2019-05-27 12:00:00,255.526519775
5725,2019-05-27 13:00:00,255.424118042
5726,2019-05-27 14:00:00,255.335540771
5727,2019-05-27 15:00:00,255.252883911
5728,2019-05-27 16:00:00,255.201126099
5729,2019-05-27 17:00:00,255.127746582
5730,2019-05-27 18:00:00,255.033782959
5731,2019-05-27 19:00:00,254.922836304
5732,2019-05-27 20:00:00,254.809768677
5733,2019-05-27 21:00:00,254.497177124
5734,2019-05-27 22:00:00,257.732238770
5735,2019-05-27 23:00:00,257.243011475
5736,2019-05-28 00:00:00,256.756958008
5737,2019-05-28 01:00:00,256.405822754
5738,2019-05-28 02:00:00,256.273071289
5739,2019-05-28 03:00:00,256.086822510
5740,2019-05-28 04:00:00,256.113677979
5741,2019-05-28 05:00:00,255.940063477
5742,2019-05-28 06:00:00,255.798553467
5743,2019-05-28 07:00:00,255.673355103
5744,2019-05-28 08:00:00,255.569015503
5745,2019-05-28 09:00:00,255.477569580
5746,2019-05-28 10:00:00,255.398849487
5747,2019-05-28 11:00:00,255.329238892
5748,2019-05-28 12:00:00,255.267715454
5749,2019-05-28 13:00:00,255.214920044
5750,2019-05-28 14:00:00,255.169509888
5751,2019-05-28 15:00:00,255.132659912
5752,2019-05-28 16:00:00,259.290008545
5753,2019-05-28 17:00:00,259.865905762
5754,2019-05-28 18:00:00,259.826843262
5755,2019-05-28 19:00:00,259.763793945
5756,2019-05-28 20:00:00,259.678985596
5757,2019-05-28 21:00:00,259.582214355
5758,2019-05-28 22:00:00,259.225708008
5759,2019-05-28 23:00:00,259.227966309
5760,2019-05-29 00:00:00,258.707580566
5761,2019-05-29 01:00:00,258.984497070
5762,2019-05-29 02:00:00,259.323089600
5763,2019-05-29 03:00:00,259.058502197
5764,2019-05-29 04:00:00,258.842803955
5765,2019-05-29 05:00:00,258.659057617
5766,2019-05-29 06:00:00,258.510620117
5767,2019-05-29 07:00:00,258.389221191
5768,2019-05-29 08:00:00,258.281250000
5769,2019-05-29 09:00:00,258.187377930
5770,2019-05-29 10:00:00,258.109191895
5771,2019-05-29 11:00:00,258.045562744
5772,2019-05-29 12:00:00,257.987670898
5773,2019-05-29 13:00:00,257.938812256
5774,2019-05-29 14:00:00,257.895111084
5775,2019-05-29 15:00:00,257.853698730
5776,2019-05-29 16:00:00,257.819885254
5777,2019-05-29 17:00:00,257.783386230
5778,2019-05-29 18:00:00,257.718078613
5779,2019-05-29 19:00:00,258.035736084
5780,2019-05-29 20:00:00,259.203643799
5781,2019-05-29 21:00:00,258.865875244
5782,2019-05-29 22:00:00,258.733154297
5783,2019-05-29 23:00:00,258.321289062
5784,2019-05-30 00:00:00,260.876312256
5785,2019-05-30 01:00:00,260.643707275
5786,2019-05-30 02:00:00,260.442565918
5787,2019-05-30 03:00:00,260.271820068
5788,2019-05-30 04:00:00,260.128204346
5789,2019-05-30 05:00:00,260.002166748
5790,2019-05-30 06:00:00,259.895446777
5791,2019-05-30 07:00:00,259.799682617
5792,2019-05-30 08:00:00,259.715118408
5793,2019-05-30 09:00:00,259.638488770
5794,2019-05-30 10:00:00,259.568908691
5795,2019-05-30 11:00:00,259.509704590
5796,2019-05-30 12:00:00,259.454559326
5797,2019-05-30 13:00:00,259.403259277
5798,2019-05-30 14:00:00,259.355102539
5799,2019-05-30 15:00:00,259.311035156
5800,2019-05-30 16:00:00,259.272399902
5801,2019-05-30 17:00:00,259.231842041
5802,2019-05-30 18:00:00,259.175598145
5803,2019-05-30 19:00:00,259.098022461
5804,2019-05-30 20:00:00,259.090942383
5805,2019-05-30 21:00:00,259.017913818
5806,2019-05-30 22:00:00,260.436370850
5807,2019-05-30 23:00:00,260.334747314
5808,2019-05-31 00:00:00,260.201843262
5809,2019-05-31 01:00:00,259.817932129
5810,2019-05-31 02:00:00,259.494964600
5811,2019-05-31 03:00:00,259.235260010
5812,2019-05-31 04:00:00,259.431823730
5813,2019-05-31 05:00:00,259.361114502
5814,2019-05-31 06:00:00,259.202819824
5815,2019-05-31 07:00:00,259.183227539
5816,2019-05-31 08:00:00,259.070251465
5817,2019-05-31 09:00:00,258.972564697
5818,2019-05-31 10:00:00,258.889984131
5819,2019-05-31 11:00:00,258.819458008
5820,2019-05-31 12:00:00,258.756561279
5821,2019-05-31 13:00:00,258.702789307
5822,2019-05-31 14:00:00,258.652893066
5823,2019-05-31 15:00:00,258.608367920
5824,2019-05-31 16:00:00,258.570678711
5825,2019-05-31 17:00:00,258.529174805
5826,2019-05-31 18:00:00,258.471038818
5827,2019-05-31 19:00:00,258.362762451
5828,2019-05-31 20:00:00,258.105133057
5829,2019-05-31 21:00:00,257.516937256
5830,2019-05-31 22:00:00,256.716033936
5831,2019-05-31 23:00:00,255.748779297
5832,2019-06-01 00:00:00,254.773666382
5833,2019-06-01 01:00:00,254.023147583
5834,2019-06-01 02:00:00,253.403152466
5835,2019-06-01 03:00:00,252.889938354
5836,2019-06-01 04:00:00,252.461624146
5837,2019-06-01 05:00:00,252.104598999
5838,2019-06-01 06:00:00,251.808700562
5839,2019-06-01 07:00:00,251.573318481
5840,2019-06-01 08:00:00,251.376174927
5841,2019-06-01 09:00:00,251.204010010
5842,2019-06-01 10:00:00,251.053543091
5843,2019-06-01 11:00:00,250.925216675
5844,2019-06-01 12:00:00,250.814178467
5845,2019-06-01 13:00:00,250.718048096
5846,2019-06-01 14:00:00,250.635330200
5847,2019-06-01 15:00:00,250.562316895
5848,2019-06-01 16:00:00,250.503906250
5849,2019-06-01 17:00:00,250.443389893
5850,2019-06-01 18:00:00,250.357269287
5851,2019-06-01 19:00:00,250.240600586
5852,2019-06-01 20:00:00,249.939895630
5853,2019-06-01 21:00:00,249.272766113
5854,2019-06-01 22:00:00,248.260238647
5855,2019-06-01 23:00:00,247.112442017
5856,2019-06-02 00:00:00,245.981536865
5857,2019-06-02 01:00:00,245.111633301
5858,2019-06-02 02:00:00,244.392745972
5859,2019-06-02 03:00:00,243.796035767
5860,2019-06-02 04:00:00,243.306594849
5861,2019-06-02 05:00:00,242.903640747
5862,2019-06-02 06:00:00,242.569839478
5863,2019-06-02 07:00:00,242.290161133
5864,2019-06-02 08:00:00,242.061050415
5865,2019-06-02 09:00:00,241.870025635
5866,2019-06-02 10:00:00,241.709365845
5867,2019-06-02 11:00:00,241.572067261
5868,2019-06-02 12:00:00,241.455413818
5869,2019-06-02 13:00:00,241.355773926
5870,2019-06-02 14:00:00,241.269897461
5871,2019-06-02 15:00:00,241.199783325
5872,2019-06-02 16:00:00,241.138427734
5873,2019-06-02 17:00:00,241.085281372
5874,2019-06-02 18:00:00,241.003585815
5875,2019-06-02 19:00:00,240.889892578
5876,2019-06-02 20:00:00,240.484451294
5877,2019-06-02 21:00:00,239.751220703
5878,2019-06-02 22:00:00,238.666198730
5879,2019-06-02 23:00:00,237.242828369
5880,2019-06-03 00:00:00,236.032379150
5881,2019-06-03 01:00:00,235.108810425
5882,2019-06-03 02:00:00,234.345764160
5883,2019-06-03 03:00:00,233.716812134
5884,2019-06-03 04:00:00,233.197036743
5885,2019-06-03 05:00:00,232.764648438
5886,2019-06-03 06:00:00,232.407928467
5887,2019-06-03 07:00:00,232.118896484
5888,2019-06-03 08:00:00,231.877822876
5889,2019-06-03 09:00:00,231.672943115
5890,2019-06-03 10:00:00,231.501007080
5891,2019-06-03 11:00:00,231.353759766
5892,2019-06-03 12:00:00,231.228836060
5893,2019-06-03 13:00:00,231.123626709
5894,2019-06-03 14:00:00,231.036621094
5895,2019-06-03 15:00:00,230.959136963
5896,2019-06-03 16:00:00,230.902496338
5897,2019-06-03 17:00:00,230.842864990
5898,2019-06-03 18:00:00,230.766830444
5899,2019-06-03 19:00:00,230.680343628
5900,2019-06-03 20:00:00,230.500381470
5901,2019-06-03 21:00:00,229.967346191
5902,2019-06-03 22:00:00,229.053634644
5903,2019-06-03 23:00:00,227.958023071
5904,2019-06-04 00:00:00,226.829956055
5905,2019-06-04 01:00:00,225.989196777
5906,2019-06-04 02:00:00,225.298202515
5907,2019-06-04 03:00:00,224.734832764
5908,2019-06-04 04:00:00,224.269439697
5909,2019-06-04 05:00:00,223.878448486
5910,2019-06-04 06:00:00,223.565124512
5911,2019-06-04 07:00:00,223.307403564
5912,2019-06-04 08:00:00,223.091888428
5913,2019-06-04 09:00:00,222.914718628
5914,2019-06-04 10:00:00,222.763092041
5915,2019-06-04 11:00:00,222.635482788
5916,2019-06-04 12:00:00,222.532394409
5917,2019-06-04 13:00:00,222.441406250
5918,2019-06-04 14:00:00,222.366577148
5919,2019-06-04 15:00:00,222.305557251
5920,2019-06-04 16:00:00,222.249618530
5921,2019-06-04 17:00:00,222.198257446
5922,2019-06-04 18:00:00,222.121780396
5923,2019-06-04 19:00:00,221.997543335
5924,2019-06-04 20:00:00,221.641937256
5925,2019-06-04 21:00:00,221.005874634
5926,2019-06-04 22:00:00,220.073730469
5927,2019-06-04 23:00:00,218.967483521
5928,2019-06-05 00:00:00,217.885742188
5929,2019-06-05 01:00:00,217.050949097
5930,2019-06-05 02:00:00,216.368484497
5931,2019-06-05 03:00:00,215.806594849
5932,2019-06-05 04:00:00,215.342315674
5933,2019-06-05 05:00:00,214.957351685
5934,2019-06-05 06:00:00,214.641296387
5935,2019-06-05 07:00:00,214.382522583
5936,2019-06-05 08:00:00,214.168869019
5937,2019-06-05 09:00:00,213.990463257
5938,2019-06-05 10:00:00,213.842483521
5939,2019-06-05 11:00:00,213.721176147
5940,2019-06-05 12:00:00,213.620132446
5941,2019-06-05 13:00:00,213.534927368
5942,2019-06-05 14:00:00,213.461120605
5943,2019-06-05 15:00:00,213.397476196
5944,2019-06-05 16:00:00,213.340972900
5945,2019-06-05 17:00:00,213.291030884
5946,2019-06-05 18:00:00,213.229522705
5947,2019-06-05 19:00:00,213.125701904
5948,2019-06-05 20:00:00,212.891555786
5949,2019-06-05 21:00:00,212.289260864
5950,2019-06-05 22:00:00,211.363479614
5951,2019-06-05 23:00:00,210.089218140
5952,2019-06-06 00:00:00,209.074569702
5953,2019-06-06 01:00:00,208.318389893
5954,2019-06-06 02:00:00,207.693206787
5955,2019-06-06 03:00:00,207.181884766
5956,2019-06-06 04:00:00,206.757080078
5957,2019-06-06 05:00:00,206.405258179
5958,2019-06-06 06:00:00,206.120941162
5959,2019-06-06 07:00:00,205.886764526
5960,2019-06-06 08:00:00,205.693908691
5961,2019-06-06 09:00:00,205.538665771
5962,2019-06-06 10:00:00,205.409851074
5963,2019-06-06 11:00:00,205.304489136
5964,2019-06-06 12:00:00,205.217010498
5965,2019-06-06 13:00:00,205.146667480
5966,2019-06-06 14:00:00,205.088119507
5967,2019-06-06 15:00:00,205.035736084
5968,2019-06-06 16:00:00,204.990982056
5969,2019-06-06 17:00:00,204.944244385
5970,2019-06-06 18:00:00,204.881896973
5971,2019-06-06 19:00:00,204.831161499
5972,2019-06-06 20:00:00,204.625717163
5973,2019-06-06 21:00:00,203.993255615
5974,2019-06-06 22:00:00,203.016891479
5975,2019-06-06 23:00:00,201.860687256
5976,2019-06-07 00:00:00,200.711181641
5977,2019-06-07 01:00:00,199.840972900
5978,2019-06-07 02:00:00,199.127929688
5979,2019-06-07 03:00:00,198.535629272
5980,2019-06-07 04:00:00,198.045227051
5981,2019-06-07 05:00:00,197.643966675
5982,2019-06-07 06:00:00,197.313858032
5983,2019-06-07 07:00:00,197.041473389
5984,2019-06-07 08:00:00,196.813507080
5985,2019-06-07 09:00:00,196.626129150
5986,2019-06-07 10:00:00,196.470275879
5987,2019-06-07 11:00:00,196.340240479
5988,2019-06-07 12:00:00,196.231872559
5989,2019-06-07 13:00:00,196.145004272
5990,2019-06-07 14:00:00,196.074249268
5991,2019-06-07 15:00:00,196.016921997
5992,2019-06-07 16:00:00,195.973220825
5993,2019-06-07 17:00:00,195.920196533
5994,2019-06-07 18:00:00,195.840835571
5995,2019-06-07 19:00:00,195.532485962
5996,2019-06-07 20:00:00,194.925231934
5997,2019-06-07 21:00:00,193.971847534
5998,2019-06-07 22:00:00,192.647537231
5999,2019-06-07 23:00:00,191.134765625
6000,2019-06-08 00:00:00,189.660644531
6001,2019-06-08 01:00:00,188.532409668
6002,2019-06-08 02:00:00,187.608718872
6003,2019-06-08 03:00:00,186.850662231
6004,2019-06-08 04:00:00,186.220779419
6005,2019-06-08 05:00:00,185.703750610
6006,2019-06-08 06:00:00,185.279342651
6007,2019-06-08 07:00:00,184.933380127
6008,2019-06-08 08:00:00,184.643341064
6009,2019-06-08 09:00:00,184.404205322
6010,2019-06-08 10:00:00,184.206787109
6011,2019-06-08 11:00:00,184.044342041
6012,2019-06-08 12:00:00,183.910232544
6013,2019-06-08 13:00:00,183.799087524
6014,2019-06-08 14:00:00,183.706619263
6015,2019-06-08 15:00:00,183.629135132
6016,2019-06-08 16:00:00,183.574920654
6017,2019-06-08 17:00:00,183.513992310
6018,2019-06-08 18:00:00,183.436004639
6019,2019-06-08 19:00:00,183.317260742
6020,2019-06-08 20:00:00,182.863235474
6021,2019-06-08 21:00:00,182.019989014
6022,2019-06-08 22:00:00,180.903884888
6023,2019-06-08 23:00:00,179.669158936
6024,2019-06-09 00:00:00,178.507904053
6025,2019-06-09 01:00:00,177.600036621
6026,2019-06-09 02:00:00,176.856216431
6027,2019-06-09 03:00:00,176.248107910
6028,2019-06-09 04:00:00,175.747543335
6029,2019-06-09 05:00:00,175.333541870
6030,2019-06-09 06:00:00,174.993179321
6031,2019-06-09 07:00:00,174.710327148
6032,2019-06-09 08:00:00,174.476699829
6033,2019-06-09 09:00:00,174.293563843
6034,2019-06-09 10:00:00,174.140991211
6035,2019-06-09 11:00:00,174.012542725
6036,2019-06-09 12:00:00,173.902221680
6037,2019-06-09 13:00:00,173.812103271
6038,2019-06-09 14:00:00,173.741394043
6039,2019-06-09 15:00:00,173.682388306
6040,2019-06-09 16:00:00,173.632843018
6041,2019-06-09 17:00:00,173.581665039
6042,2019-06-09 18:00:00,173.516983032
6043,2019-06-09 19:00:00,173.422485352
6044,2019-06-09 20:00:00,173.298858643
6045,2019-06-09 21:00:00,172.895996094
6046,2019-06-09 22:00:00,172.183425903
6047,2019-06-09 23:00:00,171.180938721
6048,2019-06-10 00:00:00,170.212890625
6049,2019-06-10 01:00:00,169.659057617
6050,2019-06-10 02:00:00,169.197143555
6051,2019-06-10 03:00:00,168.816223145
6052,2019-06-10 04:00:00,168.498077393
6053,2019-06-10 05:00:00,168.238571167
6054,2019-06-10 06:00:00,168.030242920
6055,2019-06-10 07:00:00,167.852355957
6056,2019-06-10 08:00:00,167.704223633
6057,2019-06-10 09:00:00,167.587341309
6058,2019-06-10 10:00:00,167.488433838
6059,2019-06-10 11:00:00,167.405685425
6060,2019-06-10 12:00:00,167.337188721
6061,2019-06-10 13:00:00,167.280212402
6062,2019-06-10 14:00:00,167.232971191
6063,2019-06-10 15:00:00,167.193389893
6064,2019-06-10 16:00:00,167.176452637
6065,2019-06-10 17:00:00,167.154434204
6066,2019-06-10 18:00:00,167.111099243
6067,2019-06-10 19:00:00,167.021133423
6068,2019-06-10 20:00:00,166.909667969
6069,2019-06-10 21:00:00,166.513610840
6070,2019-06-10 22:00:00,165.703292847
6071,2019-06-10 23:00:00,164.654083252
6072,2019-06-11 00:00:00,163.521102905
6073,2019-06-11 01:00:00,162.675415039
6074,2019-06-11 02:00:00,161.985046387
6075,2019-06-11 03:00:00,161.423370361
6076,2019-06-11 04:00:00,160.959686279
6077,2019-06-11 05:00:00,160.579681396
6078,2019-06-11 06:00:00,160.263626099
6079,2019-06-11 07:00:00,160.001266479
6080,2019-06-11 08:00:00,159.784820557
6081,2019-06-11 09:00:00,159.606216431
6082,2019-06-11 10:00:00,159.461196899
6083,2019-06-11 11:00:00,159.343963623
6084,2019-06-11 12:00:00,159.248504639
6085,2019-06-11 13:00:00,159.170272827
6086,2019-06-11 14:00:00,159.108825684
6087,2019-06-11 15:00:00,159.055740356
6088,2019-06-11 16:00:00,159.005783081
6089,2019-06-11 17:00:00,158.950698853
6090,2019-06-11 18:00:00,158.860397339
6091,2019-06-11 19:00:00,158.619216919
6092,2019-06-11 20:00:00,158.166473389
6093,2019-06-11 21:00:00,157.390777588
6094,2019-06-11 22:00:00,156.282379150
6095,2019-06-11 23:00:00,154.947357178
6096,2019-06-12 00:00:00,153.682952881
6097,2019-06-12 01:00:00,152.721542358
6098,2019-06-12 02:00:00,151.931930542
6099,2019-06-12 03:00:00,151.288757324
6100,2019-06-12 04:00:00,150.756332397
6101,2019-06-12 05:00:00,150.317321777
6102,2019-06-12 06:00:00,149.957977295
6103,2019-06-12 07:00:00,149.666046143
6104,2019-06-12 08:00:00,149.425827026
6105,2019-06-12 09:00:00,149.229461670
6106,2019-06-12 10:00:00,149.069488525
6107,2019-06-12 11:00:00,148.938629150
6108,2019-06-12 12:00:00,148.830154419
6109,2019-06-12 13:00:00,148.741897583
6110,2019-06-12 14:00:00,148.671722412
6111,2019-06-12 15:00:00,148.613769531
6112,2019-06-12 16:00:00,148.566375732
6113,2019-06-12 17:00:00,148.519943237
6114,2019-06-12 18:00:00,148.455337524
6115,2019-06-12 19:00:00,148.372299194
6116,2019-06-12 20:00:00,148.002029419
6117,2019-06-12 21:00:00,147.122863770
6118,2019-06-12 22:00:00,146.079269409
6119,2019-06-12 23:00:00,144.883407593
6120,2019-06-13 00:00:00,143.707962036
6121,2019-06-13 01:00:00,142.793258667
6122,2019-06-13 02:00:00,142.042587280
6123,2019-06-13 03:00:00,141.425888062
6124,2019-06-13 04:00:00,140.915145874
6125,2019-06-13 05:00:00,140.493820190
6126,2019-06-13 06:00:00,140.148635864
6127,2019-06-13 07:00:00,139.863098145
6128,2019-06-13 08:00:00,139.627914429
6129,2019-06-13 09:00:00,139.433761597
6130,2019-06-13 10:00:00,139.273361206
6131,2019-06-13 11:00:00,139.140762329
6132,2019-06-13 12:00:00,139.030944824
6133,2019-06-13 13:00:00,138.941207886
6134,2019-06-13 14:00:00,138.870239258
6135,2019-06-13 15:00:00,138.810897827
6136,2019-06-13 16:00:00,138.769943237
6137,2019-06-13 17:00:00,138.724746704
6138,2019-06-13 18:00:00,138.642517090
6139,2019-06-13 19:00:00,138.556411743
6140,2019-06-13 20:00:00,138.216903687
6141,2019-06-13 21:00:00,137.492645264
6142,2019-06-13 22:00:00,136.236633301
6143,2019-06-13 23:00:00,134.851547241
6144,2019-06-14 00:00:00,133.500045776
6145,2019-06-14 01:00:00,132.468872070
6146,2019-06-14 02:00:00,131.626464844
6147,2019-06-14 03:00:00,130.933380127
6148,2019-06-14 04:00:00,130.359603882
6149,2019-06-14 05:00:00,129.886123657
6150,2019-06-14 06:00:00,129.498046875
6151,2019-06-14 07:00:00,129.177261353
6152,2019-06-14 08:00:00,128.914337158
6153,2019-06-14 09:00:00,128.703979492
6154,2019-06-14 10:00:00,128.522811890
6155,2019-06-14 11:00:00,128.377349854
6156,2019-06-14 12:00:00,128.253005981
6157,2019-06-14 13:00:00,128.151321411
6158,2019-06-14 14:00:00,128.072769165
6159,2019-06-14 15:00:00,128.002380371
6160,2019-06-14 16:00:00,127.951774597
6161,2019-06-14 17:00:00,127.896705627
6162,2019-06-14 18:00:00,127.818763733
6163,2019-06-14 19:00:00,127.682670593
6164,2019-06-14 20:00:00,127.268699646
6165,2019-06-14 21:00:00,126.485900879
6166,2019-06-14 22:00:00,125.347648621
6167,2019-06-14 23:00:00,124.020835876
6168,2019-06-15 00:00:00,122.750526428
6169,2019-06-15 01:00:00,121.775672913
6170,2019-06-15 02:00:00,120.977920532
6171,2019-06-15 03:00:00,120.325141907
6172,2019-06-15 04:00:00,119.785636902
6173,2019-06-15 05:00:00,119.343612671
6174,2019-06-15 06:00:00,118.980247498
6175,2019-06-15 07:00:00,118.686203003
6176,2019-06-15 08:00:00,118.449333191
6177,2019-06-15 09:00:00,118.253204346
6178,2019-06-15 10:00:00,118.086776733
6179,2019-06-15 11:00:00,117.953376770
6180,2019-06-15 12:00:00,117.844108582
6181,2019-06-15 13:00:00,117.750488281
6182,2019-06-15 14:00:00,117.676177979
6183,2019-06-15 15:00:00,117.610588074
6184,2019-06-15 16:00:00,117.559249878
6185,2019-06-15 17:00:00,117.510421753
6186,2019-06-15 18:00:00,117.448448181
6187,2019-06-15 19:00:00,117.334953308
6188,2019-06-15 20:00:00,117.014808655
6189,2019-06-15 21:00:00,116.370239258
6190,2019-06-15 22:00:00,115.429290771
6191,2019-06-15 23:00:00,114.122787476
6192,2019-06-16 00:00:00,113.023406982
6193,2019-06-16 01:00:00,112.207672119
6194,2019-06-16 02:00:00,111.538200378
6195,2019-06-16 03:00:00,110.991401672
6196,2019-06-16 04:00:00,110.539337158
6197,2019-06-16 05:00:00,110.164108276
6198,2019-06-16 06:00:00,109.858322144
6199,2019-06-16 07:00:00,109.611022949
6200,2019-06-16 08:00:00,109.402824402
6201,2019-06-16 09:00:00,109.231048584
6202,2019-06-16 10:00:00,109.091423035
6203,2019-06-16 11:00:00,108.979835510
6204,2019-06-16 12:00:00,108.887268066
6205,2019-06-16 13:00:00,108.809631348
6206,2019-06-16 14:00:00,108.745628357
6207,2019-06-16 15:00:00,108.689575195
6208,2019-06-16 16:00:00,108.647026062
6209,2019-06-16 17:00:00,108.608871460
6210,2019-06-16 18:00:00,108.555046082
6211,2019-06-16 19:00:00,108.477760315
6212,2019-06-16 20:00:00,108.125259399
6213,2019-06-16 21:00:00,107.376907349
6214,2019-06-16 22:00:00,106.245964050
6215,2019-06-16 23:00:00,104.820732117
6216,2019-06-17 00:00:00,103.802757263
6217,2019-06-17 01:00:00,103.572753906
6218,2019-06-17 02:00:00,103.159950256
6219,2019-06-17 03:00:00,102.308494568
6220,2019-06-17 04:00:00,101.606140137
6221,2019-06-17 05:00:00,101.025611877
6222,2019-06-17 06:00:00,100.546615601
6223,2019-06-17 07:00:00,100.151458740
6224,2019-06-17 08:00:00,99.826721191
6225,2019-06-17 09:00:00,99.562225342
6226,2019-06-17 10:00:00,99.343284607
6227,2019-06-17 11:00:00,99.161788940
6228,2019-06-17 12:00:00,99.012062073
6229,2019-06-17 13:00:00,98.889114380
6230,2019-06-17 14:00:00,98.789802551
6231,2019-06-17 15:00:00,98.704078674
6232,2019-06-17 16:00:00,98.633636475
6233,2019-06-17 17:00:00,98.569892883
6234,2019-06-17 18:00:00,98.488044739
6235,2019-06-17 19:00:00,98.703628540
6236,2019-06-17 20:00:00,98.296371460
6237,2019-06-17 21:00:00,98.347724915
6238,2019-06-17 22:00:00,97.169464111
6239,2019-06-17 23:00:00,95.751663208
6240,2019-06-18 00:00:00,94.473648071
6241,2019-06-18 01:00:00,94.082412720
6242,2019-06-18 02:00:00,93.196762085
6243,2019-06-18 03:00:00,92.774765015
6244,2019-06-18 04:00:00,92.177886963
6245,2019-06-18 05:00:00,91.682243347
6246,2019-06-18 06:00:00,91.274307251
6247,2019-06-18 07:00:00,90.937118530
6248,2019-06-18 08:00:00,90.660202026
6249,2019-06-18 09:00:00,90.432502747
6250,2019-06-18 10:00:00,90.247444153
6251,2019-06-18 11:00:00,90.092597961
6252,2019-06-18 12:00:00,89.965026855
6253,2019-06-18 13:00:00,89.860221863
6254,2019-06-18 14:00:00,89.775711060
6255,2019-06-18 15:00:00,89.710876465
6256,2019-06-18 16:00:00,89.667602539
6257,2019-06-18 17:00:00,89.621543884
6258,2019-06-18 18:00:00,89.744224548
6259,2019-06-18 19:00:00,90.420433044
6260,2019-06-18 20:00:00,90.151084900
6261,2019-06-18 21:00:00,89.468055725
6262,2019-06-18 22:00:00,88.936454773
6263,2019-06-18 23:00:00,87.866165161
6264,2019-06-19 00:00:00,86.822166443
6265,2019-06-19 01:00:00,86.023674011
6266,2019-06-19 02:00:00,85.671546936
6267,2019-06-19 03:00:00,85.697952271
6268,2019-06-19 04:00:00,85.136283875
6269,2019-06-19 05:00:00,84.676643372
6270,2019-06-19 06:00:00,84.304351807
6271,2019-06-19 07:00:00,84.002708435
6272,2019-06-19 08:00:00,83.754325867
6273,2019-06-19 09:00:00,83.550712585
6274,2019-06-19 10:00:00,83.384254456
6275,2019-06-19 11:00:00,83.251419067
6276,2019-06-19 12:00:00,83.145614624
6277,2019-06-19 13:00:00,83.061492920
6278,2019-06-19 14:00:00,82.994071960
6279,2019-06-19 15:00:00,82.938560486
6280,2019-06-19 16:00:00,82.894271851
6281,2019-06-19 17:00:00,82.844085693
6282,2019-06-19 18:00:00,82.749313354
6283,2019-06-19 19:00:00,82.452369690
6284,2019-06-19 20:00:00,81.692169189
6285,2019-06-19 21:00:00,80.822479248
6286,2019-06-19 22:00:00,79.674789429
6287,2019-06-19 23:00:00,78.359931946
6288,2019-06-20 00:00:00,77.020706177
6289,2019-06-20 01:00:00,76.000190735
6290,2019-06-20 02:00:00,75.168151855
6291,2019-06-20 03:00:00,74.490539551
6292,2019-06-20 04:00:00,73.930740356
6293,2019-06-20 05:00:00,73.469779968
6294,2019-06-20 06:00:00,73.087097168
6295,2019-06-20 07:00:00,72.779853821
6296,2019-06-20 08:00:00,72.525474548
6297,2019-06-20 09:00:00,72.316253662
6298,2019-06-20 10:00:00,72.145057678
6299,2019-06-20 11:00:00,72.004295349
6300,2019-06-20 12:00:00,71.886558533
6301,2019-06-20 13:00:00,71.789611816
6302,2019-06-20 14:00:00,71.710289001
6303,2019-06-20 15:00:00,71.645782471
6304,2019-06-20 16:00:00,71.600708008
6305,2019-06-20 17:00:00,71.546783447
6306,2019-06-20 18:00:00,71.456909180
6307,2019-06-20 19:00:00,71.167259216
6308,2019-06-20 20:00:00,70.433219910
6309,2019-06-20 21:00:00,69.468963623
6310,2019-06-20 22:00:00,68.216957092
6311,2019-06-20 23:00:00,66.723030090
6312,2019-06-21 00:00:00,65.297653198
6313,2019-06-21 01:00:00,64.189071655
6314,2019-06-21 02:00:00,63.290740967
6315,2019-06-21 03:00:00,62.558834076
6316,2019-06-21 04:00:00,61.957359314
6317,2019-06-21 05:00:00,61.462940216
6318,2019-06-21 06:00:00,61.056957245
6319,2019-06-21 07:00:00,60.720275879
6320,2019-06-21 08:00:00,60.441928864
6321,2019-06-21 09:00:00,60.213420868
6322,2019-06-21 10:00:00,60.024291992
6323,2019-06-21 11:00:00,59.868961334
6324,2019-06-21 12:00:00,59.741031647
6325,2019-06-21 13:00:00,59.636566162
6326,2019-06-21 14:00:00,59.552364349
6327,2019-06-21 15:00:00,59.488628387
6328,2019-06-21 16:00:00,59.436840057
6329,2019-06-21 17:00:00,59.365924835
6330,2019-06-21 18:00:00,59.274452209
6331,2019-06-21 19:00:00,58.864810944
6332,2019-06-21 20:00:00,58.236282349
6333,2019-06-21 21:00:00,57.294414520
6334,2019-06-21 22:00:00,56.046970367
6335,2019-06-21 23:00:00,54.496059418
6336,2019-06-22 00:00:00,53.092330933
6337,2019-06-22 01:00:00,52.028602600
6338,2019-06-22 02:00:00,51.156066895
6339,2019-06-22 03:00:00,50.445823669
6340,2019-06-22 04:00:00,49.865104675
6341,2019-06-22 05:00:00,49.389869690
6342,2019-06-22 06:00:00,48.999809265
6343,2019-06-22 07:00:00,48.676948547
6344,2019-06-22 08:00:00,48.408733368
6345,2019-06-22 09:00:00,48.189636230
6346,2019-06-22 10:00:00,48.007431030
6347,2019-06-22 11:00:00,47.854072571
6348,2019-06-22 12:00:00,47.728996277
6349,2019-06-22 13:00:00,47.625587463
6350,2019-06-22 14:00:00,47.545028687
6351,2019-06-22 15:00:00,47.477115631
6352,2019-06-22 16:00:00,47.418312073
6353,2019-06-22 17:00:00,47.360046387
6354,2019-06-22 18:00:00,47.278968811
6355,2019-06-22 19:00:00,47.187564850
6356,2019-06-22 20:00:00,46.905872345
6357,2019-06-22 21:00:00,46.283115387
6358,2019-06-22 22:00:00,45.218566895
6359,2019-06-22 23:00:00,44.194171906
6360,2019-06-23 00:00:00,43.112876892
6361,2019-06-23 01:00:00,42.232738495
6362,2019-06-23 02:00:00,41.556594849
6363,2019-06-23 03:00:00,40.946044922
6364,2019-06-23 04:00:00,40.442962646
6365,2019-06-23 05:00:00,40.027225494
6366,2019-06-23 06:00:00,39.687320709
6367,2019-06-23 07:00:00,39.407810211
6368,2019-06-23 08:00:00,39.176383972
6369,2019-06-23 09:00:00,38.990089417
6370,2019-06-23 10:00:00,38.843025208
6371,2019-06-23 11:00:00,38.731864929
6372,2019-06-23 12:00:00,38.646575928
6373,2019-06-23 13:00:00,38.587860107
6374,2019-06-23 14:00:00,38.548316956
6375,2019-06-23 15:00:00,38.523078918
6376,2019-06-23 16:00:00,38.507740021
6377,2019-06-23 17:00:00,38.487422943
6378,2019-06-23 18:00:00,38.448287964
6379,2019-06-23 19:00:00,38.378250122
6380,2019-06-23 20:00:00,38.343845367
6381,2019-06-23 21:00:00,38.008972168
6382,2019-06-23 22:00:00,37.363464355
6383,2019-06-23 23:00:00,36.231472015
6384,2019-06-24 00:00:00,35.298816681
6385,2019-06-24 01:00:00,34.579452515
6386,2019-06-24 02:00:00,33.973468781
6387,2019-06-24 03:00:00,33.477554321
6388,2019-06-24 04:00:00,33.069332123
6389,2019-06-24 05:00:00,32.734134674
6390,2019-06-24 06:00:00,32.460037231
6391,2019-06-24 07:00:00,32.237194061
6392,2019-06-24 08:00:00,32.055358887
6393,2019-06-24 09:00:00,31.910034180
6394,2019-06-24 10:00:00,31.799448013
6395,2019-06-24 11:00:00,31.718255997
6396,2019-06-24 12:00:00,31.660736084
6397,2019-06-24 13:00:00,31.623207092
6398,2019-06-24 14:00:00,31.603794098
6399,2019-06-24 15:00:00,31.595819473
6400,2019-06-24 16:00:00,31.597434998
6401,2019-06-24 17:00:00,31.590534210
6402,2019-06-24 18:00:00,31.556859970
6403,2019-06-24 19:00:00,31.485019684
6404,2019-06-24 20:00:00,31.283084869
6405,2019-06-24 21:00:00,30.767559052
6406,2019-06-24 22:00:00,29.926519394
6407,2019-06-24 23:00:00,28.849163055
6408,2019-06-25 00:00:00,27.726015091
6409,2019-06-25 01:00:00,26.852729797
6410,2019-06-25 02:00:00,26.127273560
6411,2019-06-25 03:00:00,25.537387848
6412,2019-06-25 04:00:00,25.049263000
6413,2019-06-25 05:00:00,24.645385742
6414,2019-06-25 06:00:00,24.312522888
6415,2019-06-25 07:00:00,24.039722443
6416,2019-06-25 08:00:00,23.817359924
6417,2019-06-25 09:00:00,23.637405396
6418,2019-06-25 10:00:00,23.497564316
6419,2019-06-25 11:00:00,23.392051697
6420,2019-06-25 12:00:00,23.315189362
6421,2019-06-25 13:00:00,23.263591766
6422,2019-06-25 14:00:00,23.234966278
6423,2019-06-25 15:00:00,23.216094971
6424,2019-06-25 16:00:00,23.207632065
6425,2019-06-25 17:00:00,23.189281464
6426,2019-06-25 18:00:00,23.141288757
6427,2019-06-25 19:00:00,23.046955109
6428,2019-06-25 20:00:00,22.805530548
6429,2019-06-25 21:00:00,22.192459106
6430,2019-06-25 22:00:00,20.255475998
6431,2019-06-25 23:00:00,18.146972656
6432,2019-06-26 00:00:00,16.171083450
6433,2019-06-26 01:00:00,15.634796143
6434,2019-06-26 02:00:00,15.135967255
6435,2019-06-26 03:00:00,14.713827133
6436,2019-06-26 04:00:00,14.361900330
6437,2019-06-26 05:00:00,14.067419052
6438,2019-06-26 06:00:00,13.823965073
6439,2019-06-26 07:00:00,13.619384766
6440,2019-06-26 08:00:00,13.447957039
6441,2019-06-26 09:00:00,13.304338455
6442,2019-06-26 10:00:00,13.184219360
6443,2019-06-26 11:00:00,13.083107948
6444,2019-06-26 12:00:00,12.998847961
6445,2019-06-26 13:00:00,12.929669380
6446,2019-06-26 14:00:00,12.872232437
6447,2019-06-26 15:00:00,12.822555542
6448,2019-06-26 16:00:00,12.778339386
6449,2019-06-26 17:00:00,12.691880226
6450,2019-06-26 18:00:00,12.393646240
6451,2019-06-26 19:00:00,11.355209351
6452,2019-06-26 20:00:00,9.325102806
6453,2019-06-26 21:00:00,4.432311535
6454,2019-06-26 22:00:00,4.278806686
6455,2019-06-26 23:00:00,1.426343441
6456,2019-06-27 00:00:00,1.318970203
6457,2019-06-27 01:00:00,1.301022649
6458,2019-06-27 02:00:00,1.277582169
6459,2019-06-27 03:00:00,1.270450354
6460,2019-06-27 04:00:00,1.277809143
6461,2019-06-27 05:00:00,1.285599947
6462,2019-06-27 06:00:00,1.294416308
6463,2019-06-27 07:00:00,1.303922415
6464,2019-06-27 08:00:00,1.313127518
6465,2019-06-27 09:00:00,1.322553992
6466,2019-06-27 10:00:00,1.334213257
6467,2019-06-27 11:00:00,1.347608685
6468,2019-06-27 12:00:00,1.360740781
6469,2019-06-27 13:00:00,1.374031663
6470,2019-06-27 14:00:00,1.388832331
6471,2019-06-27 15:00:00,1.401336670
6472,2019-06-27 16:00:00,1.403126478
6473,2019-06-27 17:00:00,1.334861398
6474,2019-06-27 18:00:00,0.474398494
6475,2019-06-27 19:00:00,0.004239288
6476,2019-06-27 20:00:00,0.003012872
6477,2019-06-27 21:00:00,0.001861284
6478,2019-06-27 22:00:00,0.001150971
6479,2019-06-27 23:00:00,0.000566546
6480,2019-06-28 00:00:00,0.000225996
6481,2019-06-28 01:00:00,0.000115721
6482,2019-06-28 02:00:00,0.000028939
6483,2019-06-28 03:00:00,0.000020504
6484,2019-06-28 04:00:00,0.000888352
6485,2019-06-28 05:00:00,0.000617297
6486,2019-06-28 06:00:00,0.005444477
6487,2019-06-28 07:00:00,0.004658523
6488,2019-06-28 08:00:00,0.006786404
6489,2019-06-28 09:00:00,0.009150470
6490,2019-06-28 10:00:00,0.008452748
6491,2019-06-28 11:00:00,0.008345150
6492,2019-06-28 12:00:00,0.009028627
6493,2019-06-28 13:00:00,0.013030787
6494,2019-06-28 14:00:00,0.020527925
6495,2019-06-28 15:00:00,0.029258784
6496,2019-06-28 16:00:00,0.039619651
6497,2019-06-28 17:00:00,0.011878621
6498,2019-06-28 18:00:00,0.013362546
6499,2019-06-28 19:00:00,0.017344343
6500,2019-06-28 20:00:00,0.011504612
6501,2019-06-28 21:00:00,0.006893401
6502,2019-06-28 22:00:00,0.004482555
6503,2019-06-28 23:00:00,0.002639988
6504,2019-06-29 00:00:00,0.000894628
6505,2019-06-29 01:00:00,0.000377956
6506,2019-06-29 02:00:00,0.000128245
6507,2019-06-29 03:00:00,0.000074904
6508,2019-06-29 04:00:00,0.000426218
6509,2019-06-29 05:00:00,0.000358361
6510,2019-06-29 06:00:00,0.000777626
6511,2019-06-29 07:00:00,0.001344438
6512,2019-06-29 08:00:00,0.001089935
6513,2019-06-29 09:00:00,0.012107247
6514,2019-06-29 10:00:00,0.022764767
6515,2019-06-29 11:00:00,0.031519745
6516,2019-06-29 12:00:00,0.035780273
6517,2019-06-29 13:00:00,0.039788727
6518,2019-06-29 14:00:00,0.043989621
6519,2019-06-29 15:00:00,0.046568107
6520,2019-06-29 16:00:00,0.052368794
6521,2019-06-29 17:00:00,0.009813790
6522,2019-06-29 18:00:00,0.025262125
6523,2019-06-29 19:00:00,0.033007212
6524,2019-06-29 20:00:00,0.024563521
6525,2019-06-29 21:00:00,0.014419018
6526,2019-06-29 22:00:00,0.008706741
6527,2019-06-29 23:00:00,0.003410324
6528,2019-06-30 00:00:00,0.002009916
6529,2019-06-30 01:00:00,0.000862708
6530,2019-06-30 02:00:00,0.000159567
6531,2019-06-30 03:00:00,0.000181028
6532,2019-06-30 04:00:00,0.000138819
6533,2019-06-30 05:00:00,0.000099300
6534,2019-06-30 06:00:00,0.000091314
6535,2019-06-30 07:00:00,0.000069298
6536,2019-06-30 08:00:00,0.000157832
6537,2019-06-30 09:00:00,0.000315129
6538,2019-06-30 10:00:00,0.000461761
6539,2019-06-30 11:00:00,0.000462843
6540,2019-06-30 12:00:00,0.012334152
6541,2019-06-30 13:00:00,0.023496892
6542,2019-06-30 14:00:00,0.032092448
6543,2019-06-30 15:00:00,0.042355206
6544,2019-06-30 16:00:00,0.054636307
6545,2019-06-30 17:00:00,0.005160435
6546,2019-06-30 18:00:00,0.009552058
6547,2019-06-30 19:00:00,0.009186625
6548,2019-06-30 20:00:00,0.006024222
6549,2019-06-30 21:00:00,0.004147790
6550,2019-06-30 22:00:00,0.002014109
6551,2019-06-30 23:00:00,0.001383537
6552,2019-07-01 00:00:00,0.000536251
6553,2019-07-01 01:00:00,0.000230434
6554,2019-07-01 02:00:00,0.000070572
6555,2019-07-01 03:00:00,0.000051962
6556,2019-07-01 04:00:00,0.000024332
6557,2019-07-01 05:00:00,0.000013676
6558,2019-07-01 06:00:00,0.000132811
6559,2019-07-01 07:00:00,0.000229814
6560,2019-07-01 08:00:00,0.000524673
6561,2019-07-01 09:00:00,0.000586952
6562,2019-07-01 10:00:00,0.000643356
6563,2019-07-01 11:00:00,0.000555148
6564,2019-07-01 12:00:00,0.016439151
6565,2019-07-01 13:00:00,0.034195468
6566,2019-07-01 14:00:00,0.048252687
6567,2019-07-01 15:00:00,0.058903322
6568,2019-07-01 16:00:00,0.070800707
6569,2019-07-01 17:00:00,0.004369426
6570,2019-07-01 18:00:00,0.007444117
6571,2019-07-01 19:00:00,0.008464963
6572,2019-07-01 20:00:00,0.005412787
6573,2019-07-01 21:00:00,0.004022552
6574,2019-07-01 22:00:00,0.003034301
6575,2019-07-01 23:00:00,0.001361239
6576,2019-07-02 00:00:00,0.000710351
6577,2019-07-02 01:00:00,0.000387862
6578,2019-07-02 02:00:00,0.000115199
6579,2019-07-02 03:00:00,0.000068026
6580,2019-07-02 04:00:00,0.000026949
6581,2019-07-02 05:00:00,0.000130335
6582,2019-07-02 06:00:00,0.000265890
6583,2019-07-02 07:00:00,0.000634816
6584,2019-07-02 08:00:00,0.000600920
6585,2019-07-02 09:00:00,0.000693367
6586,2019-07-02 10:00:00,0.000760618
6587,2019-07-02 11:00:00,0.009582296
6588,2019-07-02 12:00:00,0.016826101
6589,2019-07-02 13:00:00,0.023067493
6590,2019-07-02 14:00:00,0.028555587
6591,2019-07-02 15:00:00,0.036256786
6592,2019-07-02 16:00:00,0.049069345
6593,2019-07-02 17:00:00,0.005874283
6594,2019-07-02 18:00:00,0.014254469
6595,2019-07-02 19:00:00,0.012795226
6596,2019-07-02 20:00:00,0.014569157
6597,2019-07-02 21:00:00,0.008199552
6598,2019-07-02 22:00:00,0.007636998
6599,2019-07-02 23:00:00,0.003450234
6600,2019-07-03 00:00:00,0.002137759
6601,2019-07-03 01:00:00,0.000806510
6602,2019-07-03 02:00:00,0.000178350
6603,2019-07-03 03:00:00,0.000159206
6604,2019-07-03 04:00:00,0.000128486
6605,2019-07-03 05:00:00,0.000191072
6606,2019-07-03 06:00:00,0.000202816
6607,2019-07-03 07:00:00,0.000107058
6608,2019-07-03 08:00:00,0.000102287
6609,2019-07-03 09:00:00,0.004709090
6610,2019-07-03 10:00:00,0.008843190
6611,2019-07-03 11:00:00,0.011092921
6612,2019-07-03 12:00:00,0.012309671
6613,2019-07-03 13:00:00,0.015688315
6614,2019-07-03 14:00:00,0.019569270
6615,2019-07-03 15:00:00,0.021396520
6616,2019-07-03 16:00:00,0.024824398
6617,2019-07-03 17:00:00,0.004590787
6618,2019-07-03 18:00:00,0.011494258
6619,2019-07-03 19:00:00,0.014230178
6620,2019-07-03 20:00:00,0.011759234
6621,2019-07-03 21:00:00,0.006887949
6622,2019-07-03 22:00:00,0.004808017
6623,2019-07-03 23:00:00,0.002876052
6624,2019-07-04 00:00:00,0.001444844
6625,2019-07-04 01:00:00,0.000697006
6626,2019-07-04 02:00:00,0.000167774
6627,2019-07-04 03:00:00,0.000117815
6628,2019-07-04 04:00:00,0.000073377
6629,2019-07-04 05:00:00,0.000044949
6630,2019-07-04 06:00:00,0.000078652
6631,2019-07-04 07:00:00,0.000410489
6632,2019-07-04 08:00:00,0.001037950
6633,2019-07-04 09:00:00,0.000155753
6634,2019-07-04 10:00:00,0.000174390
6635,2019-07-04 11:00:00,0.000125035
6636,2019-07-04 12:00:00,0.000251253
6637,2019-07-04 13:00:00,0.000374218
6638,2019-07-04 14:00:00,0.000489186
6639,2019-07-04 15:00:00,0.000484230
6640,2019-07-04 16:00:00,0.000540091
6641,2019-07-04 17:00:00,0.001127843
6642,2019-07-04 18:00:00,0.002554653
6643,2019-07-04 19:00:00,0.002787355
6644,2019-07-04 20:00:00,0.002198316
6645,2019-07-04 21:00:00,0.002144019
6646,2019-07-04 22:00:00,0.001088938
6647,2019-07-04 23:00:00,0.000816916
6648,2019-07-05 00:00:00,0.000329557
6649,2019-07-05 01:00:00,0.000164508
6650,2019-07-05 02:00:00,0.000045417
6651,2019-07-05 03:00:00,0.000025041
6652,2019-07-05 04:00:00,0.000005894
6653,2019-07-05 05:00:00,0.000730932
6654,2019-07-05 06:00:00,0.001290835
6655,2019-07-05 07:00:00,0.001154672
6656,2019-07-05 08:00:00,0.000475951
6657,2019-07-05 09:00:00,0.000007707
6658,2019-07-05 10:00:00,0.000005581
6659,2019-07-05 11:00:00,0.000011247
6660,2019-07-05 12:00:00,0.000014854
6661,2019-07-05 13:00:00,0.000027128
6662,2019-07-05 14:00:00,0.000051977
6663,2019-07-05 15:00:00,0.000077686
6664,2019-07-05 16:00:00,0.000074319
6665,2019-07-05 17:00:00,0.000205546
6666,2019-07-05 18:00:00,0.000341592
6667,2019-07-05 19:00:00,0.000324933
6668,2019-07-05 20:00:00,0.000335109
6669,2019-07-05 21:00:00,0.000291127
6670,2019-07-05 22:00:00,0.000155745
6671,2019-07-05 23:00:00,0.000100224
6672,2019-07-06 00:00:00,0.000044632
6673,2019-07-06 01:00:00,0.000017126
6674,2019-07-06 02:00:00,0.000001775
6675,2019-07-06 03:00:00,0.000002586
6676,2019-07-06 04:00:00,0.000000000
6677,2019-07-06 05:00:00,0.000001881
6678,2019-07-06 06:00:00,0.001859327
6679,2019-07-06 07:00:00,0.003123923
6680,2019-07-06 08:00:00,0.002717463
6681,2019-07-06 09:00:00,0.000216741
6682,2019-07-06 10:00:00,0.000019997
6683,2019-07-06 11:00:00,0.000029454
6684,2019-07-06 12:00:00,0.000024451
6685,2019-07-06 13:00:00,0.000024480
6686,2019-07-06 14:00:00,0.000042858
6687,2019-07-06 15:00:00,0.000059338
6688,2019-07-06 16:00:00,0.000083527
6689,2019-07-06 17:00:00,0.000105421
6690,2019-07-06 18:00:00,0.000220513
6691,2019-07-06 19:00:00,0.000213593
6692,2019-07-06 20:00:00,0.000171955
6693,2019-07-06 21:00:00,0.000123798
6694,2019-07-06 22:00:00,0.000090293
6695,2019-07-06 23:00:00,0.000049162
6696,2019-07-07 00:00:00,0.000024434
6697,2019-07-07 01:00:00,0.000012096
6698,2019-07-07 02:00:00,0.000002515
6699,2019-07-07 03:00:00,0.000001426
6700,2019-07-07 04:00:00,0.000000000
6701,2019-07-07 05:00:00,0.000001253
6702,2019-07-07 06:00:00,0.000003086
6703,2019-07-07 07:00:00,0.014041637
6704,2019-07-07 08:00:00,0.027551956
6705,2019-07-07 09:00:00,0.040470265
6706,2019-07-07 10:00:00,0.048991345
6707,2019-07-07 11:00:00,0.056093410
6708,2019-07-07 12:00:00,0.060406454
6709,2019-07-07 13:00:00,0.064642675
6710,2019-07-07 14:00:00,0.069396406
6711,2019-07-07 15:00:00,0.072068155
6712,2019-07-07 16:00:00,0.075788587
6713,2019-07-07 17:00:00,0.000080456
6714,2019-07-07 18:00:00,0.000419146
6715,2019-07-07 19:00:00,0.000559117
6716,2019-07-07 20:00:00,0.000431198
6717,2019-07-07 21:00:00,0.000296571
6718,2019-07-07 22:00:00,0.000232836
6719,2019-07-07 23:00:00,0.000114533
6720,2019-07-08 00:00:00,0.000062517
6721,2019-07-08 01:00:00,0.000027888
6722,2019-07-08 02:00:00,0.000008245
6723,2019-07-08 03:00:00,0.000005279
6724,2019-07-08 04:00:00,0.000006902
6725,2019-07-08 05:00:00,0.000014432
6726,2019-07-08 06:00:00,0.000025827
6727,2019-07-08 07:00:00,0.000055315
6728,2019-07-08 08:00:00,0.000055750
6729,2019-07-08 09:00:00,0.000099352
6730,2019-07-08 10:00:00,0.000254067
6731,2019-07-08 11:00:00,0.000244288
6732,2019-07-08 12:00:00,0.008388577
6733,2019-07-08 13:00:00,0.018215861
6734,2019-07-08 14:00:00,0.029591873
6735,2019-07-08 15:00:00,0.000744826
6736,2019-07-08 16:00:00,0.001216602
6737,2019-07-08 17:00:00,0.001380662
6738,2019-07-08 18:00:00,0.002740737
6739,2019-07-08 19:00:00,0.002097707
6740,2019-07-08 20:00:00,0.001570166
6741,2019-07-08 21:00:00,0.001334802
6742,2019-07-08 22:00:00,0.000777129
6743,2019-07-08 23:00:00,0.000497575
6744,2019-07-09 00:00:00,0.000254210
6745,2019-07-09 01:00:00,0.000116751
6746,2019-07-09 02:00:00,0.000030763
6747,2019-07-09 03:00:00,0.000024372
6748,2019-07-09 04:00:00,0.000047362
6749,2019-07-09 05:00:00,0.000140563
6750,2019-07-09 06:00:00,0.000236578
6751,2019-07-09 07:00:00,0.000274932
6752,2019-07-09 08:00:00,0.000475125
6753,2019-07-09 09:00:00,0.000583231
6754,2019-07-09 10:00:00,0.000701932
6755,2019-07-09 11:00:00,0.000412810
6756,2019-07-09 12:00:00,0.000572660
6757,2019-07-09 13:00:00,0.000402727
6758,2019-07-09 14:00:00,0.000536629
6759,2019-07-09 15:00:00,0.001423280
6760,2019-07-09 16:00:00,0.001658238
6761,2019-07-09 17:00:00,0.002289457
6762,2019-07-09 18:00:00,0.004811728
6763,2019-07-09 19:00:00,0.005231455
6764,2019-07-09 20:00:00,0.005143225
6765,2019-07-09 21:00:00,0.004286953
6766,2019-07-09 22:00:00,0.002817322
6767,2019-07-09 23:00:00,0.001642365
6768,2019-07-10 00:00:00,0.000768200
6769,2019-07-10 01:00:00,0.000364364
6770,2019-07-10 02:00:00,0.000053517
6771,2019-07-10 03:00:00,0.000037322
6772,2019-07-10 04:00:00,0.000030021
6773,2019-07-10 05:00:00,0.001904171
6774,2019-07-10 06:00:00,0.000116846
6775,2019-07-10 07:00:00,0.000082347
6776,2019-07-10 08:00:00,0.000090002
6777,2019-07-10 09:00:00,0.000094218
6778,2019-07-10 10:00:00,0.000030353
6779,2019-07-10 11:00:00,0.000051870
6780,2019-07-10 12:00:00,0.000051393
6781,2019-07-10 13:00:00,0.000016331
6782,2019-07-10 14:00:00,0.000074145
6783,2019-07-10 15:00:00,0.000113878
6784,2019-07-10 16:00:00,0.000089493
6785,2019-07-10 17:00:00,0.000133005
6786,2019-07-10 18:00:00,0.000536174
6787,2019-07-10 19:00:00,0.000678088
6788,2019-07-10 20:00:00,0.000657766
6789,2019-07-10 21:00:00,0.000520471
6790,2019-07-10 22:00:00,0.000299435
6791,2019-07-10 23:00:00,0.000179421
6792,2019-07-11 00:00:00,0.000085520
6793,2019-07-11 01:00:00,0.000023763
6794,2019-07-11 02:00:00,0.000005885
6795,2019-07-11 03:00:00,0.000009142
6796,2019-07-11 04:00:00,0.000007200
6797,2019-07-11 05:00:00,0.000007523
6798,2019-07-11 06:00:00,0.000008430
6799,2019-07-11 07:00:00,0.000006084
6800,2019-07-11 08:00:00,0.001347191
6801,2019-07-11 09:00:00,0.002248889
6802,2019-07-11 10:00:00,0.000013714
6803,2019-07-11 11:00:00,0.004982190
6804,2019-07-11 12:00:00,0.010568693
6805,2019-07-11 13:00:00,0.013663463
6806,2019-07-11 14:00:00,0.018851701
6807,2019-07-11 15:00:00,0.021787470
6808,2019-07-11 16:00:00,0.025964994
6809,2019-07-11 17:00:00,0.000048239
6810,2019-07-11 18:00:00,0.000152037
6811,2019-07-11 19:00:00,0.000171084
6812,2019-07-11 20:00:00,0.000140991
6813,2019-07-11 21:00:00,0.000084447
6814,2019-07-11 22:00:00,0.000051359
6815,2019-07-11 23:00:00,0.000036822
6816,2019-07-12 00:00:00,0.000017123
6817,2019-07-12 01:00:00,0.000006034
6818,2019-07-12 02:00:00,0.000001328
6819,2019-07-12 03:00:00,0.000000000
6820,2019-07-12 04:00:00,0.000001237
6821,2019-07-12 05:00:00,0.000001380
6822,2019-07-12 06:00:00,0.000003156
6823,2019-07-12 07:00:00,0.000004156
6824,2019-07-12 08:00:00,0.000004806
6825,2019-07-12 09:00:00,0.005097178
6826,2019-07-12 10:00:00,0.009987313
6827,2019-07-12 11:00:00,0.013430061
6828,2019-07-12 12:00:00,0.014776934
6829,2019-07-12 13:00:00,0.016900022
6830,2019-07-12 14:00:00,0.020802861
6831,2019-07-12 15:00:00,0.020937311
6832,2019-07-12 16:00:00,0.015782773
6833,2019-07-12 17:00:00,0.000059110
6834,2019-07-12 18:00:00,0.000081538
6835,2019-07-12 19:00:00,0.000089786
6836,2019-07-12 20:00:00,0.000079417
6837,2019-07-12 21:00:00,0.000051863
6838,2019-07-12 22:00:00,0.000024086
6839,2019-07-12 23:00:00,0.000013404
6840,2019-07-13 00:00:00,0.000009048
6841,2019-07-13 01:00:00,0.000004176
6842,2019-07-13 02:00:00,0.000000000
6843,2019-07-13 03:00:00,0.000000000
6844,2019-07-13 04:00:00,0.000000000
6845,2019-07-13 05:00:00,0.000000000
6846,2019-07-13 06:00:00,0.000000000
6847,2019-07-13 07:00:00,0.000000000
6848,2019-07-13 08:00:00,0.000000000
6849,2019-07-13 09:00:00,0.000002198
6850,2019-07-13 10:00:00,0.000007669
6851,2019-07-13 11:00:00,0.008093205
6852,2019-07-13 12:00:00,0.016511444
6853,2019-07-13 13:00:00,0.023503330
6854,2019-07-13 14:00:00,0.033473715
6855,2019-07-13 15:00:00,0.040445678
6856,2019-07-13 16:00:00,0.024717128
6857,2019-07-13 17:00:00,0.000042900
6858,2019-07-13 18:00:00,0.000077960
6859,2019-07-13 19:00:00,0.000076408
6860,2019-07-13 20:00:00,0.000066822
6861,2019-07-13 21:00:00,0.000030674
6862,2019-07-13 22:00:00,0.000021600
6863,2019-07-13 23:00:00,0.000011114
6864,2019-07-14 00:00:00,0.000006820
6865,2019-07-14 01:00:00,0.000002837
6866,2019-07-14 02:00:00,0.000000000
6867,2019-07-14 03:00:00,0.000000000
6868,2019-07-14 04:00:00,0.000000000
6869,2019-07-14 05:00:00,0.000000000
6870,2019-07-14 06:00:00,0.000000000
6871,2019-07-14 07:00:00,0.000000000
6872,2019-07-14 08:00:00,0.000000000
6873,2019-07-14 09:00:00,0.000002507
6874,2019-07-14 10:00:00,0.000005290
6875,2019-07-14 11:00:00,0.000004819
6876,2019-07-14 12:00:00,0.000003795
6877,2019-07-14 13:00:00,0.000009073
6878,2019-07-14 14:00:00,0.000013326
6879,2019-07-14 15:00:00,0.000013043
6880,2019-07-14 16:00:00,0.000026219
6881,2019-07-14 17:00:00,0.000032443
6882,2019-07-14 18:00:00,0.000052527
6883,2019-07-14 19:00:00,0.000053602
6884,2019-07-14 20:00:00,0.000043545
6885,2019-07-14 21:00:00,0.000025365
6886,2019-07-14 22:00:00,0.000015405
6887,2019-07-14 23:00:00,0.000007466
6888,2019-07-15 00:00:00,0.000004757
6889,2019-07-15 01:00:00,0.000002769
6890,2019-07-15 02:00:00,0.000000000
6891,2019-07-15 03:00:00,0.000000000
6892,2019-07-15 04:00:00,0.000000000
6893,2019-07-15 05:00:00,0.000000000
6894,2019-07-15 06:00:00,0.000000000
6895,2019-07-15 07:00:00,0.000000000
6896,2019-07-15 08:00:00,0.000000000
6897,2019-07-15 09:00:00,0.000021195
6898,2019-07-15 10:00:00,0.000017899
6899,2019-07-15 11:00:00,0.000020700
6900,2019-07-15 12:00:00,0.000040641
6901,2019-07-15 13:00:00,0.000042020
6902,2019-07-15 14:00:00,0.000040833
6903,2019-07-15 15:00:00,0.000037227
6904,2019-07-15 16:00:00,0.000061457
6905,2019-07-15 17:00:00,0.000088755
6906,2019-07-15 18:00:00,0.000119923
6907,2019-07-15 19:00:00,0.000124701
6908,2019-07-15 20:00:00,0.000111117
6909,2019-07-15 21:00:00,0.000060375
6910,2019-07-15 22:00:00,0.000037650
6911,2019-07-15 23:00:00,0.000016888
6912,2019-07-16 00:00:00,0.000009001
6913,2019-07-16 01:00:00,0.000004069
6914,2019-07-16 02:00:00,0.000000000
6915,2019-07-16 03:00:00,0.000000000
6916,2019-07-16 04:00:00,0.000000000
6917,2019-07-16 05:00:00,0.000000000
6918,2019-07-16 06:00:00,0.000000000
6919,2019-07-16 07:00:00,0.000000000
6920,2019-07-16 08:00:00,0.000002784
6921,2019-07-16 09:00:00,0.000004058
6922,2019-07-16 10:00:00,0.000003584
6923,2019-07-16 11:00:00,0.000002619
6924,2019-07-16 12:00:00,0.006225323
6925,2019-07-16 13:00:00,0.012483872
6926,2019-07-16 14:00:00,0.018122554
6927,2019-07-16 15:00:00,0.022374706
6928,2019-07-16 16:00:00,0.025924912
6929,2019-07-16 17:00:00,0.000071231
6930,2019-07-16 18:00:00,0.000167656
6931,2019-07-16 19:00:00,0.000166715
6932,2019-07-16 20:00:00,0.000130128
6933,2019-07-16 21:00:00,0.000075868
6934,2019-07-16 22:00:00,0.000042155
6935,2019-07-16 23:00:00,0.000027546
6936,2019-07-17 00:00:00,0.000018468
6937,2019-07-17 01:00:00,0.000004514
6938,2019-07-17 02:00:00,0.000001462
6939,2019-07-17 03:00:00,0.000000000
6940,2019-07-17 04:00:00,0.000000000
6941,2019-07-17 05:00:00,0.000000000
6942,2019-07-17 06:00:00,0.000000000
6943,2019-07-17 07:00:00,0.000000000
6944,2019-07-17 08:00:00,0.000000000
6945,2019-07-17 09:00:00,0.000000000
6946,2019-07-17 10:00:00,0.000025476
6947,2019-07-17 11:00:00,0.000031977
6948,2019-07-17 12:00:00,0.000067514
6949,2019-07-17 13:00:00,0.000046155
6950,2019-07-17 14:00:00,0.000023093
6951,2019-07-17 15:00:00,0.000394210
6952,2019-07-17 16:00:00,0.000910610
6953,2019-07-17 17:00:00,0.001899381
6954,2019-07-17 18:00:00,0.002518781
6955,2019-07-17 19:00:00,0.001840296
6956,2019-07-17 20:00:00,0.001932138
6957,2019-07-17 21:00:00,0.001098848
6958,2019-07-17 22:00:00,0.000716873
6959,2019-07-17 23:00:00,0.000346641
6960,2019-07-18 00:00:00,0.000170208
6961,2019-07-18 01:00:00,0.000071323
6962,2019-07-18 02:00:00,0.000020012
6963,2019-07-18 03:00:00,0.000013893
6964,2019-07-18 04:00:00,0.000006993
6965,2019-07-18 05:00:00,0.000012280
6966,2019-07-18 06:00:00,0.000033807
6967,2019-07-18 07:00:00,0.000065776
6968,2019-07-18 08:00:00,0.000095704
6969,2019-07-18 09:00:00,0.000124443
6970,2019-07-18 10:00:00,0.000121756
6971,2019-07-18 11:00:00,0.002786630
6972,2019-07-18 12:00:00,0.004937615
6973,2019-07-18 13:00:00,0.008526687
6974,2019-07-18 14:00:00,0.010038080
6975,2019-07-18 15:00:00,0.009795175
6976,2019-07-18 16:00:00,0.009576577
6977,2019-07-18 17:00:00,0.001259507
6978,2019-07-18 18:00:00,0.002089235
6979,2019-07-18 19:00:00,0.002892677
6980,2019-07-18 20:00:00,0.002104699
6981,2019-07-18 21:00:00,0.001314701
6982,2019-07-18 22:00:00,0.001004065
6983,2019-07-18 23:00:00,0.000504524
6984,2019-07-19 00:00:00,0.000234325
6985,2019-07-19 01:00:00,0.000090823
6986,2019-07-19 02:00:00,0.000018256
6987,2019-07-19 03:00:00,0.000011773
6988,2019-07-19 04:00:00,0.000006816
6989,2019-07-19 05:00:00,0.000004862
6990,2019-07-19 06:00:00,0.000017234
6991,2019-07-19 07:00:00,0.000017866
6992,2019-07-19 08:00:00,0.000024571
6993,2019-07-19 09:00:00,0.000042451
6994,2019-07-19 10:00:00,0.002344270
6995,2019-07-19 11:00:00,0.005855987
6996,2019-07-19 12:00:00,0.000150153
6997,2019-07-19 13:00:00,0.001638417
6998,2019-07-19 14:00:00,0.002393178
6999,2019-07-19 15:00:00,0.000056321
7000,2019-07-19 16:00:00,0.000111649
7001,2019-07-19 17:00:00,0.000167659
7002,2019-07-19 18:00:00,0.000387755
7003,2019-07-19 19:00:00,0.000407503
7004,2019-07-19 20:00:00,0.000368230
7005,2019-07-19 21:00:00,0.000258755
7006,2019-07-19 22:00:00,0.000147895
7007,2019-07-19 23:00:00,0.000088142
7008,2019-07-20 00:00:00,0.000031608
7009,2019-07-20 01:00:00,0.000013217
7010,2019-07-20 02:00:00,0.000002840
7011,2019-07-20 03:00:00,0.000002130
7012,2019-07-20 04:00:00,0.000000000
7013,2019-07-20 05:00:00,0.000001805
7014,2019-07-20 06:00:00,0.000005451
7015,2019-07-20 07:00:00,0.000004798
7016,2019-07-20 08:00:00,0.000006158
7017,2019-07-20 09:00:00,0.000007065
7018,2019-07-20 10:00:00,0.000006906
7019,2019-07-20 11:00:00,0.000008345
7020,2019-07-20 12:00:00,0.000010819
7021,2019-07-20 13:00:00,0.000008121
7022,2019-07-20 14:00:00,0.000004802
7023,2019-07-20 15:00:00,0.000008100
7024,2019-07-20 16:00:00,0.000026495
7025,2019-07-20 17:00:00,0.000055757
7026,2019-07-20 18:00:00,0.000075575
7027,2019-07-20 19:00:00,0.000090758
7028,2019-07-20 20:00:00,0.000057010
7029,2019-07-20 21:00:00,0.000026819
7030,2019-07-20 22:00:00,0.000029690
7031,2019-07-20 23:00:00,0.000013943
7032,2019-07-21 00:00:00,0.000007345
7033,2019-07-21 01:00:00,0.000003136
7034,2019-07-21 02:00:00,0.000000000
7035,2019-07-21 03:00:00,0.000000000
7036,2019-07-21 04:00:00,0.000000000
7037,2019-07-21 05:00:00,0.000000000
7038,2019-07-21 06:00:00,0.000022384
7039,2019-07-21 07:00:00,0.000071155
7040,2019-07-21 08:00:00,0.000154173
7041,2019-07-21 09:00:00,0.000259941
7042,2019-07-21 10:00:00,0.000211646
7043,2019-07-21 11:00:00,0.000261325
7044,2019-07-21 12:00:00,0.000440392
7045,2019-07-21 13:00:00,0.001442308
7046,2019-07-21 14:00:00,0.002509404
7047,2019-07-21 15:00:00,0.000841896
7048,2019-07-21 16:00:00,0.001047123
7049,2019-07-21 17:00:00,0.001317994
7050,2019-07-21 18:00:00,0.003701039
7051,2019-07-21 19:00:00,0.005728307
7052,2019-07-21 20:00:00,0.003415050
7053,2019-07-21 21:00:00,0.002919623
7054,2019-07-21 22:00:00,0.001714703
7055,2019-07-21 23:00:00,0.000845482
7056,2019-07-22 00:00:00,0.000402095
7057,2019-07-22 01:00:00,0.000184973
7058,2019-07-22 02:00:00,0.000029118
7059,2019-07-22 03:00:00,0.000023615
7060,2019-07-22 04:00:00,0.000024965
7061,2019-07-22 05:00:00,0.000022933
7062,2019-07-22 06:00:00,0.000019092
7063,2019-07-22 07:00:00,0.000012818
7064,2019-07-22 08:00:00,0.000008132
7065,2019-07-22 09:00:00,0.000005172
7066,2019-07-22 10:00:00,0.000002646
7067,2019-07-22 11:00:00,0.000004690
7068,2019-07-22 12:00:00,0.000014688
7069,2019-07-22 13:00:00,0.000019847
7070,2019-07-22 14:00:00,0.000021433
7071,2019-07-22 15:00:00,0.000034513
7072,2019-07-22 16:00:00,0.000091823
7073,2019-07-22 17:00:00,0.000158191
7074,2019-07-22 18:00:00,0.000296844
7075,2019-07-22 19:00:00,0.000313371
7076,2019-07-22 20:00:00,0.000256587
7077,2019-07-22 21:00:00,0.000087824
7078,2019-07-22 22:00:00,0.000066892
7079,2019-07-22 23:00:00,0.000036276
7080,2019-07-23 00:00:00,0.000027456
7081,2019-07-23 01:00:00,0.000009526
7082,2019-07-23 02:00:00,0.000003155
7083,2019-07-23 03:00:00,0.000002504
7084,2019-07-23 04:00:00,0.000001972
7085,2019-07-23 05:00:00,0.000001355
7086,2019-07-23 06:00:00,0.000000000
7087,2019-07-23 07:00:00,0.000000000
7088,2019-07-23 08:00:00,0.000002653
7089,2019-07-23 09:00:00,0.000004682
7090,2019-07-23 10:00:00,0.000013717
7091,2019-07-23 11:00:00,0.000010796
7092,2019-07-23 12:00:00,0.000033938
7093,2019-07-23 13:00:00,0.000051971
7094,2019-07-23 14:00:00,0.000057620
7095,2019-07-23 15:00:00,0.000075219
7096,2019-07-23 16:00:00,0.000187601
7097,2019-07-23 17:00:00,0.000273687
7098,2019-07-23 18:00:00,0.000529192
7099,2019-07-23 19:00:00,0.000554618
7100,2019-07-23 20:00:00,0.000396696
7101,2019-07-23 21:00:00,0.000233580
7102,2019-07-23 22:00:00,0.000115577
7103,2019-07-23 23:00:00,0.000082820
7104,2019-07-24 00:00:00,0.000038453
7105,2019-07-24 01:00:00,0.000018340
7106,2019-07-24 02:00:00,0.000004662
7107,2019-07-24 03:00:00,0.000003050
7108,2019-07-24 04:00:00,0.000001908
7109,2019-07-24 05:00:00,0.000002363
7110,2019-07-24 06:00:00,0.000001899
7111,2019-07-24 07:00:00,0.000001677
7112,2019-07-24 08:00:00,0.000000000
7113,2019-07-24 09:00:00,0.000000000
7114,2019-07-24 10:00:00,0.000000000
7115,2019-07-24 11:00:00,0.000337189
7116,2019-07-24 12:00:00,0.000848037
7117,2019-07-24 13:00:00,0.001910397
7118,2019-07-24 14:00:00,0.002110154
7119,2019-07-24 15:00:00,0.001808168
7120,2019-07-24 16:00:00,0.002528651
7121,2019-07-24 17:00:00,0.003378550
7122,2019-07-24 18:00:00,0.004375867
7123,2019-07-24 19:00:00,0.004867170
7124,2019-07-24 20:00:00,0.003605090
7125,2019-07-24 21:00:00,0.002121704
7126,2019-07-24 22:00:00,0.000895301
7127,2019-07-24 23:00:00,0.000770709
7128,2019-07-25 00:00:00,0.000486722
7129,2019-07-25 01:00:00,0.000222644
7130,2019-07-25 02:00:00,0.000061043
7131,2019-07-25 03:00:00,0.000054487
7132,2019-07-25 04:00:00,0.000027897
7133,2019-07-25 05:00:00,0.000017140
7134,2019-07-25 06:00:00,0.000012344
7135,2019-07-25 07:00:00,0.000011808
7136,2019-07-25 08:00:00,0.000013330
7137,2019-07-25 09:00:00,0.000011581
7138,2019-07-25 10:00:00,0.000008395
7139,2019-07-25 11:00:00,0.000041530
7140,2019-07-25 12:00:00,0.000288785
7141,2019-07-25 13:00:00,0.000588041
7142,2019-07-25 14:00:00,0.000704009
7143,2019-07-25 15:00:00,0.000565884
7144,2019-07-25 16:00:00,0.000535287
7145,2019-07-25 17:00:00,0.000441768
7146,2019-07-25 18:00:00,0.000566114
7147,2019-07-25 19:00:00,0.000835659
7148,2019-07-25 20:00:00,0.000479137
7149,2019-07-25 21:00:00,0.000273765
7150,2019-07-25 22:00:00,0.000184971
7151,2019-07-25 23:00:00,0.000100708
7152,2019-07-26 00:00:00,0.000053188
7153,2019-07-26 01:00:00,0.000021495
7154,2019-07-26 02:00:00,0.000006803
7155,2019-07-26 03:00:00,0.000004715
7156,2019-07-26 04:00:00,0.000003708
7157,2019-07-26 05:00:00,0.000002215
7158,2019-07-26 06:00:00,0.000001322
7159,2019-07-26 07:00:00,0.000000000
7160,2019-07-26 08:00:00,0.000000000
7161,2019-07-26 09:00:00,0.000000000
7162,2019-07-26 10:00:00,0.000148235
7163,2019-07-26 11:00:00,0.000349081
7164,2019-07-26 12:00:00,0.000908862
7165,2019-07-26 13:00:00,0.001026035
7166,2019-07-26 14:00:00,0.001229369
7167,2019-07-26 15:00:00,0.001863872
7168,2019-07-26 16:00:00,0.003212719
7169,2019-07-26 17:00:00,0.002926507
7170,2019-07-26 18:00:00,0.003041577
7171,2019-07-26 19:00:00,0.003135582
7172,2019-07-26 20:00:00,0.002038639
7173,2019-07-26 21:00:00,0.001049424
7174,2019-07-26 22:00:00,0.000816169
7175,2019-07-26 23:00:00,0.000427944
7176,2019-07-27 00:00:00,0.000202665
7177,2019-07-27 01:00:00,0.000083686
7178,2019-07-27 02:00:00,0.000024136
7179,2019-07-27 03:00:00,0.000018418
7180,2019-07-27 04:00:00,0.000012981
7181,2019-07-27 05:00:00,0.000009302
7182,2019-07-27 06:00:00,0.000006661
7183,2019-07-27 07:00:00,0.000004625
7184,2019-07-27 08:00:00,0.000002809
7185,2019-07-27 09:00:00,0.000002279
7186,2019-07-27 10:00:00,0.000217637
7187,2019-07-27 11:00:00,0.000457522
7188,2019-07-27 12:00:00,0.001037485
7189,2019-07-27 13:00:00,0.001994979
7190,2019-07-27 14:00:00,0.002178650
7191,2019-07-27 15:00:00,0.002039683
7192,2019-07-27 16:00:00,0.002543997
7193,2019-07-27 17:00:00,0.002753051
7194,2019-07-27 18:00:00,0.003157318
7195,2019-07-27 19:00:00,0.003382415
7196,2019-07-27 20:00:00,0.002201994
7197,2019-07-27 21:00:00,0.001494687
7198,2019-07-27 22:00:00,0.000888189
7199,2019-07-27 23:00:00,0.000499800
7200,2019-07-28 00:00:00,0.000256479
7201,2019-07-28 01:00:00,0.000104600
7202,2019-07-28 02:00:00,0.000029743
7203,2019-07-28 03:00:00,0.000022472
7204,2019-07-28 04:00:00,0.000014673
7205,2019-07-28 05:00:00,0.000011953
7206,2019-07-28 06:00:00,0.000009074
7207,2019-07-28 07:00:00,0.000007310
7208,2019-07-28 08:00:00,0.000006160
7209,2019-07-28 09:00:00,0.000005844
7210,2019-07-28 10:00:00,0.000004397
7211,2019-07-28 11:00:00,0.000359430
7212,2019-07-28 12:00:00,0.000707553
7213,2019-07-28 13:00:00,0.001032281
7214,2019-07-28 14:00:00,0.001033520
7215,2019-07-28 15:00:00,0.000772268
7216,2019-07-28 16:00:00,0.000767641
7217,2019-07-28 17:00:00,0.000698640
7218,2019-07-28 18:00:00,0.000819491
7219,2019-07-28 19:00:00,0.000608720
7220,2019-07-28 20:00:00,0.000510577
7221,2019-07-28 21:00:00,0.000324414
7222,2019-07-28 22:00:00,0.000182548
7223,2019-07-28 23:00:00,0.000099938
7224,2019-07-29 00:00:00,0.000040986
7225,2019-07-29 01:00:00,0.000015945
7226,2019-07-29 02:00:00,0.000005166
7227,2019-07-29 03:00:00,0.000003978
7228,2019-07-29 04:00:00,0.000002210
7229,2019-07-29 05:00:00,0.000001275
7230,2019-07-29 06:00:00,0.000000000
7231,2019-07-29 07:00:00,0.000000000
7232,2019-07-29 08:00:00,0.000000000
7233,2019-07-29 09:00:00,0.000000000
7234,2019-07-29 10:00:00,0.000000000
7235,2019-07-29 11:00:00,0.000038425
7236,2019-07-29 12:00:00,0.000429430
7237,2019-07-29 13:00:00,0.000747266
7238,2019-07-29 14:00:00,0.001123768
7239,2019-07-29 15:00:00,0.002167150
7240,2019-07-29 16:00:00,0.004760886
7241,2019-07-29 17:00:00,0.006345502
7242,2019-07-29 18:00:00,0.007584007
7243,2019-07-29 19:00:00,0.006380011
7244,2019-07-29 20:00:00,0.004231737
7245,2019-07-29 21:00:00,0.003028797
7246,2019-07-29 22:00:00,0.001777627
7247,2019-07-29 23:00:00,0.000732271
7248,2019-07-30 00:00:00,0.000365209
7249,2019-07-30 01:00:00,0.000145304
7250,2019-07-30 02:00:00,0.000032712
7251,2019-07-30 03:00:00,0.000021595
7252,2019-07-30 04:00:00,0.000015708
7253,2019-07-30 05:00:00,0.000016320
7254,2019-07-30 06:00:00,0.000015546
7255,2019-07-30 07:00:00,0.000012900
7256,2019-07-30 08:00:00,0.000010252
7257,2019-07-30 09:00:00,0.000010149
7258,2019-07-30 10:00:00,0.000008284
7259,2019-07-30 11:00:00,0.000003952
7260,2019-07-30 12:00:00,0.000198918
7261,2019-07-30 13:00:00,0.000433494
7262,2019-07-30 14:00:00,0.000635964
7263,2019-07-30 15:00:00,0.000552204
7264,2019-07-30 16:00:00,0.001940241
7265,2019-07-30 17:00:00,0.003223099
7266,2019-07-30 18:00:00,0.004184115
7267,2019-07-30 19:00:00,0.004327013
7268,2019-07-30 20:00:00,0.002700993
7269,2019-07-30 21:00:00,0.001643287
7270,2019-07-30 22:00:00,0.001131398
7271,2019-07-30 23:00:00,0.000479101
7272,2019-07-31 00:00:00,0.000244783
7273,2019-07-31 01:00:00,0.000132850
7274,2019-07-31 02:00:00,0.000042604
7275,2019-07-31 03:00:00,0.000044781
7276,2019-07-31 04:00:00,0.000027031
7277,2019-07-31 05:00:00,0.000016743
7278,2019-07-31 06:00:00,0.000008153
7279,2019-07-31 07:00:00,0.000004781
7280,2019-07-31 08:00:00,0.000004080
7281,2019-07-31 09:00:00,0.000003025
7282,2019-07-31 10:00:00,0.000304193
7283,2019-07-31 11:00:00,0.000571290
7284,2019-07-31 12:00:00,0.000831004
7285,2019-07-31 13:00:00,0.001436840
7286,2019-07-31 14:00:00,0.002173791
7287,2019-07-31 15:00:00,0.002881818
7288,2019-07-31 16:00:00,0.003777714
7289,2019-07-31 17:00:00,0.003925533
7290,2019-07-31 18:00:00,0.005065296
7291,2019-07-31 19:00:00,0.006162367
7292,2019-07-31 20:00:00,0.003541309
7293,2019-07-31 21:00:00,0.002356380
7294,2019-07-31 22:00:00,0.001391342
7295,2019-07-31 23:00:00,0.000732700
7296,2019-08-01 00:00:00,0.000327515
7297,2019-08-01 01:00:00,0.000141430
7298,2019-08-01 02:00:00,0.000029981
7299,2019-08-01 03:00:00,0.000021174
7300,2019-08-01 04:00:00,0.000015372
7301,2019-08-01 05:00:00,0.000010537
7302,2019-08-01 06:00:00,0.000010580
7303,2019-08-01 07:00:00,0.000008411
7304,2019-08-01 08:00:00,0.000005583
7305,2019-08-01 09:00:00,0.000004597
7306,2019-08-01 10:00:00,0.000363319
7307,2019-08-01 11:00:00,0.000716520
7308,2019-08-01 12:00:00,0.000811788
7309,2019-08-01 13:00:00,0.001166604
7310,2019-08-01 14:00:00,0.001388372
7311,2019-08-01 15:00:00,0.001452724
7312,2019-08-01 16:00:00,0.001524431
7313,2019-08-01 17:00:00,0.001622543
7314,2019-08-01 18:00:00,0.001929906
7315,2019-08-01 19:00:00,0.001753535
7316,2019-08-01 20:00:00,0.001130847
7317,2019-08-01 21:00:00,0.000732698
7318,2019-08-01 22:00:00,0.000420088
7319,2019-08-01 23:00:00,0.000310776
7320,2019-08-02 00:00:00,0.000150060
7321,2019-08-02 01:00:00,0.000077561
7322,2019-08-02 02:00:00,0.000020761
7323,2019-08-02 03:00:00,0.000014749
7324,2019-08-02 04:00:00,0.000012400
7325,2019-08-02 05:00:00,0.000009891
7326,2019-08-02 06:00:00,0.000007406
7327,2019-08-02 07:00:00,0.000007150
7328,2019-08-02 08:00:00,0.000007317
7329,2019-08-02 09:00:00,0.000006235
7330,2019-08-02 10:00:00,0.000003599
7331,2019-08-02 11:00:00,0.000003072
7332,2019-08-02 12:00:00,0.000002487
7333,2019-08-02 13:00:00,0.000002410
7334,2019-08-02 14:00:00,0.000002289
7335,2019-08-02 15:00:00,0.000001856
7336,2019-08-02 16:00:00,0.000001874
7337,2019-08-02 17:00:00,0.000001703
7338,2019-08-02 18:00:00,0.000001725
7339,2019-08-02 19:00:00,0.000001872
7340,2019-08-02 20:00:00,0.000000000
7341,2019-08-02 21:00:00,0.000000000
7342,2019-08-02 22:00:00,0.000000000
7343,2019-08-02 23:00:00,0.000000000
7344,2019-08-03 00:00:00,0.000000000
7345,2019-08-03 01:00:00,0.000000000
7346,2019-08-03 02:00:00,0.000000000
7347,2019-08-03 03:00:00,0.000000000
7348,2019-08-03 04:00:00,0.000000000
7349,2019-08-03 05:00:00,0.000000000
7350,2019-08-03 06:00:00,0.000000000
7351,2019-08-03 07:00:00,0.000000000
7352,2019-08-03 08:00:00,0.000000000
7353,2019-08-03 09:00:00,0.000000000
7354,2019-08-03 10:00:00,0.000000000
7355,2019-08-03 11:00:00,0.000000000
7356,2019-08-03 12:00:00,0.000000000
7357,2019-08-03 13:00:00,0.000000000
7358,2019-08-03 14:00:00,0.000000000
7359,2019-08-03 15:00:00,0.000000000
7360,2019-08-03 16:00:00,0.000000000
7361,2019-08-03 17:00:00,0.000000000
7362,2019-08-03 18:00:00,0.000000000
7363,2019-08-03 19:00:00,0.000000000
7364,2019-08-03 20:00:00,0.000000000
7365,2019-08-03 21:00:00,0.000000000
7366,2019-08-03 22:00:00,0.000000000
7367,2019-08-03 23:00:00,0.000000000
7368,2019-08-04 00:00:00,0.000000000
7369,2019-08-04 01:00:00,0.000000000
7370,2019-08-04 02:00:00,0.000000000
7371,2019-08-04 03:00:00,0.000000000
7372,2019-08-04 04:00:00,0.000000000
7373,2019-08-04 05:00:00,0.000000000
7374,2019-08-04 06:00:00,0.000000000
7375,2019-08-04 07:00:00,0.000000000
7376,2019-08-04 08:00:00,0.000000000
7377,2019-08-04 09:00:00,0.000000000
7378,2019-08-04 10:00:00,0.000000000
7379,2019-08-04 11:00:00,0.000000000
7380,2019-08-04 12:00:00,0.000000000
7381,2019-08-04 13:00:00,0.000000000
7382,2019-08-04 14:00:00,0.000000000
7383,2019-08-04 15:00:00,0.000000000
7384,2019-08-04 16:00:00,0.000000000
7385,2019-08-04 17:00:00,0.000000000
7386,2019-08-04 18:00:00,0.000000000
7387,2019-08-04 19:00:00,0.000000000
7388,2019-08-04 20:00:00,0.000000000
7389,2019-08-04 21:00:00,0.000000000
7390,2019-08-04 22:00:00,0.000000000
7391,2019-08-04 23:00:00,0.000000000
7392,2019-08-05 00:00:00,0.000000000
7393,2019-08-05 01:00:00,0.000000000
7394,2019-08-05 02:00:00,0.000000000
7395,2019-08-05 03:00:00,0.000000000
7396,2019-08-05 04:00:00,0.000000000
7397,2019-08-05 05:00:00,0.000000000
7398,2019-08-05 06:00:00,0.000000000
7399,2019-08-05 07:00:00,0.000000000
7400,2019-08-05 08:00:00,0.000000000
7401,2019-08-05 09:00:00,0.000000000
7402,2019-08-05 10:00:00,0.000000000
7403,2019-08-05 11:00:00,0.000000000
7404,2019-08-05 12:00:00,0.000000000
7405,2019-08-05 13:00:00,0.000000000
7406,2019-08-05 14:00:00,0.000000000
7407,2019-08-05 15:00:00,0.000000000
7408,2019-08-05 16:00:00,0.000000000
7409,2019-08-05 17:00:00,0.000000000
7410,2019-08-05 18:00:00,0.000000000
7411,2019-08-05 19:00:00,0.000000000
7412,2019-08-05 20:00:00,0.000000000
7413,2019-08-05 21:00:00,0.000000000
7414,2019-08-05 22:00:00,0.000000000
7415,2019-08-05 23:00:00,0.000000000
7416,2019-08-06 00:00:00,0.000000000
7417,2019-08-06 01:00:00,0.000000000
7418,2019-08-06 02:00:00,0.000000000
7419,2019-08-06 03:00:00,0.000000000
7420,2019-08-06 04:00:00,0.000000000
7421,2019-08-06 05:00:00,0.000000000
7422,2019-08-06 06:00:00,0.000000000
7423,2019-08-06 07:00:00,0.000000000
7424,2019-08-06 08:00:00,0.000000000
7425,2019-08-06 09:00:00,0.000000000
7426,2019-08-06 10:00:00,0.000000000
7427,2019-08-06 11:00:00,0.000000000
7428,2019-08-06 12:00:00,0.000000000
7429,2019-08-06 13:00:00,0.000000000
7430,2019-08-06 14:00:00,0.000000000
7431,2019-08-06 15:00:00,0.000000000
7432,2019-08-06 16:00:00,0.000000000
7433,2019-08-06 17:00:00,0.000000000
7434,2019-08-06 18:00:00,0.000000000
7435,2019-08-06 19:00:00,0.000000000
7436,2019-08-06 20:00:00,0.000000000
7437,2019-08-06 21:00:00,0.000000000
7438,2019-08-06 22:00:00,0.000000000
7439,2019-08-06 23:00:00,0.000000000
7440,2019-08-07 00:00:00,0.000000000
7441,2019-08-07 01:00:00,0.000000000
7442,2019-08-07 02:00:00,0.000000000
7443,2019-08-07 03:00:00,0.000000000
7444,2019-08-07 04:00:00,0.000000000
7445,2019-08-07 05:00:00,0.000000000
7446,2019-08-07 06:00:00,0.000000000
7447,2019-08-07 07:00:00,0.000000000
7448,2019-08-07 08:00:00,0.000000000
7449,2019-08-07 09:00:00,0.000000000
7450,2019-08-07 10:00:00,0.000000000
7451,2019-08-07 11:00:00,0.000000000
7452,2019-08-07 12:00:00,0.000000000
7453,2019-08-07 13:00:00,0.000000000
7454,2019-08-07 14:00:00,0.000000000
7455,2019-08-07 15:00:00,0.000000000
7456,2019-08-07 16:00:00,0.000000000
7457,2019-08-07 17:00:00,0.000000000
7458,2019-08-07 18:00:00,0.000000000
7459,2019-08-07 19:00:00,0.000000000
7460,2019-08-07 20:00:00,0.000000000
7461,2019-08-07 21:00:00,0.000000000
7462,2019-08-07 22:00:00,0.000000000
7463,2019-08-07 23:00:00,0.000000000
7464,2019-08-08 00:00:00,0.000000000
7465,2019-08-08 01:00:00,0.000000000
7466,2019-08-08 02:00:00,0.000000000
7467,2019-08-08 03:00:00,0.000000000
7468,2019-08-08 04:00:00,0.000000000
7469,2019-08-08 05:00:00,0.000000000
7470,2019-08-08 06:00:00,0.000000000
7471,2019-08-08 07:00:00,0.000000000
7472,2019-08-08 08:00:00,0.000000000
7473,2019-08-08 09:00:00,0.000000000
7474,2019-08-08 10:00:00,0.000000000
7475,2019-08-08 11:00:00,0.000000000
7476,2019-08-08 12:00:00,0.000000000
7477,2019-08-08 13:00:00,0.000000000
7478,2019-08-08 14:00:00,0.000000000
7479,2019-08-08 15:00:00,0.000000000
7480,2019-08-08 16:00:00,0.000000000
7481,2019-08-08 17:00:00,0.000000000
7482,2019-08-08 18:00:00,0.000000000
7483,2019-08-08 19:00:00,0.000000000
7484,2019-08-08 20:00:00,0.000000000
7485,2019-08-08 21:00:00,0.000000000
7486,2019-08-08 22:00:00,0.000000000
7487,2019-08-08 23:00:00,0.000000000
7488,2019-08-09 00:00:00,0.000000000
7489,2019-08-09 01:00:00,0.000000000
7490,2019-08-09 02:00:00,0.000000000
7491,2019-08-09 03:00:00,0.000000000
7492,2019-08-09 04:00:00,0.000000000
7493,2019-08-09 05:00:00,0.000000000
7494,2019-08-09 06:00:00,0.000000000
7495,2019-08-09 07:00:00,0.000000000
7496,2019-08-09 08:00:00,0.000000000
7497,2019-08-09 09:00:00,0.000000000
7498,2019-08-09 10:00:00,0.000000000
7499,2019-08-09 11:00:00,0.001812828
7500,2019-08-09 12:00:00,0.000859489
7501,2019-08-09 13:00:00,0.001826499
7502,2019-08-09 14:00:00,0.001990185
7503,2019-08-09 15:00:00,0.002503737
7504,2019-08-09 16:00:00,0.007809917
7505,2019-08-09 17:00:00,0.008015020
7506,2019-08-09 18:00:00,0.009790637
7507,2019-08-09 19:00:00,0.013470774
7508,2019-08-09 20:00:00,0.004200089
7509,2019-08-09 21:00:00,0.003723642
7510,2019-08-09 22:00:00,0.003070385
7511,2019-08-09 23:00:00,0.001703768
7512,2019-08-10 00:00:00,0.000956587
7513,2019-08-10 01:00:00,0.000166375
7514,2019-08-10 02:00:00,0.000177492
7515,2019-08-10 03:00:00,0.000146635
7516,2019-08-10 04:00:00,0.000083182
7517,2019-08-10 05:00:00,0.000060556
7518,2019-08-10 06:00:00,0.000056372
7519,2019-08-10 07:00:00,0.000162245
7520,2019-08-10 08:00:00,0.000523809
7521,2019-08-10 09:00:00,0.000545435
7522,2019-08-10 10:00:00,0.001313809
7523,2019-08-10 11:00:00,0.001057966
7524,2019-08-10 12:00:00,0.002267549
7525,2019-08-10 13:00:00,0.003527407
7526,2019-08-10 14:00:00,0.003711724
7527,2019-08-10 15:00:00,0.004398837
7528,2019-08-10 16:00:00,0.004261683
7529,2019-08-10 17:00:00,0.005556950
7530,2019-08-10 18:00:00,0.010393049
7531,2019-08-10 19:00:00,0.010201527
7532,2019-08-10 20:00:00,0.007004044
7533,2019-08-10 21:00:00,0.004455430
7534,2019-08-10 22:00:00,0.003103610
7535,2019-08-10 23:00:00,0.001507418
7536,2019-08-11 00:00:00,0.000915833
7537,2019-08-11 01:00:00,0.000174880
7538,2019-08-11 02:00:00,0.000105799
7539,2019-08-11 03:00:00,0.000104385
7540,2019-08-11 04:00:00,0.000087559
7541,2019-08-11 05:00:00,0.000071461
7542,2019-08-11 06:00:00,0.000047227
7543,2019-08-11 07:00:00,0.000037885
7544,2019-08-11 08:00:00,0.000030355
7545,2019-08-11 09:00:00,0.000021634
7546,2019-08-11 10:00:00,0.000016432
7547,2019-08-11 11:00:00,0.000016205
7548,2019-08-11 12:00:00,0.000015485
7549,2019-08-11 13:00:00,0.000008908
7550,2019-08-11 14:00:00,0.000033173
7551,2019-08-11 15:00:00,0.000085671
7552,2019-08-11 16:00:00,0.000134713
7553,2019-08-11 17:00:00,0.000114401
7554,2019-08-11 18:00:00,0.000158005
7555,2019-08-11 19:00:00,0.000183157
7556,2019-08-11 20:00:00,0.000102322
7557,2019-08-11 21:00:00,0.000069101
7558,2019-08-11 22:00:00,0.000052682
7559,2019-08-11 23:00:00,0.000026455
7560,2019-08-12 00:00:00,0.000017597
7561,2019-08-12 01:00:00,0.000003885
7562,2019-08-12 02:00:00,0.000002611
7563,2019-08-12 03:00:00,0.000001851
7564,2019-08-12 04:00:00,0.000001320
7565,2019-08-12 05:00:00,0.000000000
7566,2019-08-12 06:00:00,0.000000000
7567,2019-08-12 07:00:00,0.000288423
7568,2019-08-12 08:00:00,0.000709688
7569,2019-08-12 09:00:00,0.001221229
7570,2019-08-12 10:00:00,0.001595259
7571,2019-08-12 11:00:00,0.002163811
7572,2019-08-12 12:00:00,0.002871088
7573,2019-08-12 13:00:00,0.002893614
7574,2019-08-12 14:00:00,0.002440020
7575,2019-08-12 15:00:00,0.002084089
7576,2019-08-12 16:00:00,0.004524447
7577,2019-08-12 17:00:00,0.007443715
7578,2019-08-12 18:00:00,0.013240791
7579,2019-08-12 19:00:00,0.012919031
7580,2019-08-12 20:00:00,0.010412619
7581,2019-08-12 21:00:00,0.006626765
7582,2019-08-12 22:00:00,0.004568781
7583,2019-08-12 23:00:00,0.002484982
7584,2019-08-13 00:00:00,0.001459792
7585,2019-08-13 01:00:00,0.000241113
7586,2019-08-13 02:00:00,0.000175869
7587,2019-08-13 03:00:00,0.000159512
7588,2019-08-13 04:00:00,0.000180487
7589,2019-08-13 05:00:00,0.000317836
7590,2019-08-13 06:00:00,0.001985131
7591,2019-08-13 07:00:00,0.002589949
7592,2019-08-13 08:00:00,0.002106615
7593,2019-08-13 09:00:00,0.003214302
7594,2019-08-13 10:00:00,0.003022565
7595,2019-08-13 11:00:00,0.004733923
7596,2019-08-13 12:00:00,0.008059585
7597,2019-08-13 13:00:00,0.011623127
7598,2019-08-13 14:00:00,0.016356882
7599,2019-08-13 15:00:00,0.019155454
7600,2019-08-13 16:00:00,0.017469896
7601,2019-08-13 17:00:00,0.005758265
7602,2019-08-13 18:00:00,0.016164782
7603,2019-08-13 19:00:00,0.023669774
7604,2019-08-13 20:00:00,0.014553254
7605,2019-08-13 21:00:00,0.013823588
7606,2019-08-13 22:00:00,0.008509837
7607,2019-08-13 23:00:00,0.005469757
7608,2019-08-14 00:00:00,0.002731779
7609,2019-08-14 01:00:00,0.000500870
7610,2019-08-14 02:00:00,0.000520342
7611,2019-08-14 03:00:00,0.000396622
7612,2019-08-14 04:00:00,0.000154883
7613,2019-08-14 05:00:00,0.000192414
7614,2019-08-14 06:00:00,0.000240019
7615,2019-08-14 07:00:00,0.000102251
7616,2019-08-14 08:00:00,0.000302974
7617,2019-08-14 09:00:00,0.000317686
7618,2019-08-14 10:00:00,0.001322777
7619,2019-08-14 11:00:00,0.002347409
7620,2019-08-14 12:00:00,0.002109058
7621,2019-08-14 13:00:00,0.004167337
7622,2019-08-14 14:00:00,0.006167099
7623,2019-08-14 15:00:00,0.005242790
7624,2019-08-14 16:00:00,0.001610581
7625,2019-08-14 17:00:00,0.003726452
7626,2019-08-14 18:00:00,0.012197356
7627,2019-08-14 19:00:00,0.013855438
7628,2019-08-14 20:00:00,0.009213376
7629,2019-08-14 21:00:00,0.005251735
7630,2019-08-14 22:00:00,0.004168300
7631,2019-08-14 23:00:00,0.002208629
7632,2019-08-15 00:00:00,0.001038574
7633,2019-08-15 01:00:00,0.000213514
7634,2019-08-15 02:00:00,0.000174201
7635,2019-08-15 03:00:00,0.000106290
7636,2019-08-15 04:00:00,0.000058699
7637,2019-08-15 05:00:00,0.000037644
7638,2019-08-15 06:00:00,0.000069410
7639,2019-08-15 07:00:00,0.000116470
7640,2019-08-15 08:00:00,0.000225867
7641,2019-08-15 09:00:00,0.000180762
7642,2019-08-15 10:00:00,0.000225507
7643,2019-08-15 11:00:00,0.000227701
7644,2019-08-15 12:00:00,0.003319181
7645,2019-08-15 13:00:00,0.006031201
7646,2019-08-15 14:00:00,0.008544158
7647,2019-08-15 15:00:00,0.007133713
7648,2019-08-15 16:00:00,0.000562503
7649,2019-08-15 17:00:00,0.000853024
7650,2019-08-15 18:00:00,0.003682017
7651,2019-08-15 19:00:00,0.002778889
7652,2019-08-15 20:00:00,0.002397179
7653,2019-08-15 21:00:00,0.001801190
7654,2019-08-15 22:00:00,0.001213134
7655,2019-08-15 23:00:00,0.000754853
7656,2019-08-16 00:00:00,0.000258014
7657,2019-08-16 01:00:00,0.000052119
7658,2019-08-16 02:00:00,0.000043600
7659,2019-08-16 03:00:00,0.000032989
7660,2019-08-16 04:00:00,0.000013292
7661,2019-08-16 05:00:00,0.000003380
7662,2019-08-16 06:00:00,0.000007104
7663,2019-08-16 07:00:00,0.000017046
7664,2019-08-16 08:00:00,0.000045821
7665,2019-08-16 09:00:00,0.000018686
7666,2019-08-16 10:00:00,0.000052772
7667,2019-08-16 11:00:00,0.003525616
7668,2019-08-16 12:00:00,0.003181481
7669,2019-08-16 13:00:00,0.003194400
7670,2019-08-16 14:00:00,0.005852727
7671,2019-08-16 15:00:00,0.003513844
7672,2019-08-16 16:00:00,0.000171165
7673,2019-08-16 17:00:00,0.000274719
7674,2019-08-16 18:00:00,0.000588570
7675,2019-08-16 19:00:00,0.000511142
7676,2019-08-16 20:00:00,0.000458885
7677,2019-08-16 21:00:00,0.000354901
7678,2019-08-16 22:00:00,0.000166826
7679,2019-08-16 23:00:00,0.000082056
7680,2019-08-17 00:00:00,0.000055442
7681,2019-08-17 01:00:00,0.000010590
7682,2019-08-17 02:00:00,0.000007238
7683,2019-08-17 03:00:00,0.000004710
7684,2019-08-17 04:00:00,0.000003069
7685,2019-08-17 05:00:00,0.000002820
7686,2019-08-17 06:00:00,0.000001714
7687,2019-08-17 07:00:00,0.000002370
7688,2019-08-17 08:00:00,0.000000000
7689,2019-08-17 09:00:00,0.000007584
7690,2019-08-17 10:00:00,0.001025919
7691,2019-08-17 11:00:00,0.002657243
7692,2019-08-17 12:00:00,0.000035638
7693,2019-08-17 13:00:00,0.000043459
7694,2019-08-17 14:00:00,0.000068631
7695,2019-08-17 15:00:00,0.000053349
7696,2019-08-17 16:00:00,0.000058351
7697,2019-08-17 17:00:00,0.000144132
7698,2019-08-17 18:00:00,0.000219291
7699,2019-08-17 19:00:00,0.000217075
7700,2019-08-17 20:00:00,0.000136875
7701,2019-08-17 21:00:00,0.000110451
7702,2019-08-17 22:00:00,0.000065821
7703,2019-08-17 23:00:00,0.000041501
7704,2019-08-18 00:00:00,0.000018192
7705,2019-08-18 01:00:00,0.000003387
7706,2019-08-18 02:00:00,0.000002471
7707,2019-08-18 03:00:00,0.000001690
7708,2019-08-18 04:00:00,0.000000000
7709,2019-08-18 05:00:00,0.000001432
7710,2019-08-18 06:00:00,0.000002417
7711,2019-08-18 07:00:00,0.000003369
7712,2019-08-18 08:00:00,0.000004758
7713,2019-08-18 09:00:00,0.000315650
7714,2019-08-18 10:00:00,0.000078416
7715,2019-08-18 11:00:00,0.000006609
7716,2019-08-18 12:00:00,0.000002832
7717,2019-08-18 13:00:00,0.000002201
7718,2019-08-18 14:00:00,0.000003380
7719,2019-08-18 15:00:00,0.000012191
7720,2019-08-18 16:00:00,0.000033157
7721,2019-08-18 17:00:00,0.000047996
7722,2019-08-18 18:00:00,0.000155797
7723,2019-08-18 19:00:00,0.000202183
7724,2019-08-18 20:00:00,0.000120963
7725,2019-08-18 21:00:00,0.000108246
7726,2019-08-18 22:00:00,0.000070143
7727,2019-08-18 23:00:00,0.000039160
7728,2019-08-19 00:00:00,0.000015241
7729,2019-08-19 01:00:00,0.000002718
7730,2019-08-19 02:00:00,0.000001738
7731,2019-08-19 03:00:00,0.000001816
7732,2019-08-19 04:00:00,0.000000000
7733,2019-08-19 05:00:00,0.000000000
7734,2019-08-19 06:00:00,0.000005710
7735,2019-08-19 07:00:00,0.000002206
7736,2019-08-19 08:00:00,0.000007746
7737,2019-08-19 09:00:00,0.000007146
7738,2019-08-19 10:00:00,0.002065349
7739,2019-08-19 11:00:00,0.004050209
7740,2019-08-19 12:00:00,0.003855826
7741,2019-08-19 13:00:00,0.001932266
7742,2019-08-19 14:00:00,0.000711866
7743,2019-08-19 15:00:00,0.000058488
7744,2019-08-19 16:00:00,0.000062953
7745,2019-08-19 17:00:00,0.000088756
7746,2019-08-19 18:00:00,0.000271371
7747,2019-08-19 19:00:00,0.000190324
7748,2019-08-19 20:00:00,0.000134694
7749,2019-08-19 21:00:00,0.000093239
7750,2019-08-19 22:00:00,0.000058914
7751,2019-08-19 23:00:00,0.000033228
7752,2019-08-20 00:00:00,0.000014932
7753,2019-08-20 01:00:00,0.000002627
7754,2019-08-20 02:00:00,0.000001976
7755,2019-08-20 03:00:00,0.000001511
7756,2019-08-20 04:00:00,0.000000000
7757,2019-08-20 05:00:00,0.000001227
7758,2019-08-20 06:00:00,0.000003171
7759,2019-08-20 07:00:00,0.000002528
7760,2019-08-20 08:00:00,0.000000000
7761,2019-08-20 09:00:00,0.000001480
7762,2019-08-20 10:00:00,0.002839127
7763,2019-08-20 11:00:00,0.006180605
7764,2019-08-20 12:00:00,0.006424400
7765,2019-08-20 13:00:00,0.005030933
7766,2019-08-20 14:00:00,0.004559068
7767,2019-08-20 15:00:00,0.000024005
7768,2019-08-20 16:00:00,0.000019614
7769,2019-08-20 17:00:00,0.000033458
7770,2019-08-20 18:00:00,0.000121077
7771,2019-08-20 19:00:00,0.000096156
7772,2019-08-20 20:00:00,0.000078278
7773,2019-08-20 21:00:00,0.000065986
7774,2019-08-20 22:00:00,0.000030570
7775,2019-08-20 23:00:00,0.000017094
7776,2019-08-21 00:00:00,0.000007220
7777,2019-08-21 01:00:00,0.000000000
7778,2019-08-21 02:00:00,0.000000000
7779,2019-08-21 03:00:00,0.000000000
7780,2019-08-21 04:00:00,0.000000000
7781,2019-08-21 05:00:00,0.000000000
7782,2019-08-21 06:00:00,0.000001440
7783,2019-08-21 07:00:00,0.000006257
7784,2019-08-21 08:00:00,0.000006332
7785,2019-08-21 09:00:00,0.000005231
7786,2019-08-21 10:00:00,0.000005538
7787,2019-08-21 11:00:00,0.000004497
7788,2019-08-21 12:00:00,0.000004927
7789,2019-08-21 13:00:00,0.000005452
7790,2019-08-21 14:00:00,0.000005771
7791,2019-08-21 15:00:00,0.000010541
7792,2019-08-21 16:00:00,0.000019106
7793,2019-08-21 17:00:00,0.000034012
7794,2019-08-21 18:00:00,0.000068621
7795,2019-08-21 19:00:00,0.000073156
7796,2019-08-21 20:00:00,0.000052568
7797,2019-08-21 21:00:00,0.000034290
7798,2019-08-21 22:00:00,0.000020959
7799,2019-08-21 23:00:00,0.000016554
7800,2019-08-22 00:00:00,0.000005100
7801,2019-08-22 01:00:00,0.000000000
7802,2019-08-22 02:00:00,0.000000000
7803,2019-08-22 03:00:00,0.000000000
7804,2019-08-22 04:00:00,0.000000000
7805,2019-08-22 05:00:00,0.000000000
7806,2019-08-22 06:00:00,0.000002253
7807,2019-08-22 07:00:00,0.000006015
7808,2019-08-22 08:00:00,0.000013469
7809,2019-08-22 09:00:00,0.000012928
7810,2019-08-22 10:00:00,0.000017882
7811,2019-08-22 11:00:00,0.000016137
7812,2019-08-22 12:00:00,0.010894839
7813,2019-08-22 13:00:00,0.018374056
7814,2019-08-22 14:00:00,0.027423009
7815,2019-08-22 15:00:00,0.032874774
7816,2019-08-22 16:00:00,0.000035589
7817,2019-08-22 17:00:00,0.000071259
7818,2019-08-22 18:00:00,0.000268895
7819,2019-08-22 19:00:00,0.000251228
7820,2019-08-22 20:00:00,0.000183834
7821,2019-08-22 21:00:00,0.000095706
7822,2019-08-22 22:00:00,0.000055907
7823,2019-08-22 23:00:00,0.000045231
7824,2019-08-23 00:00:00,0.000024833
7825,2019-08-23 01:00:00,0.000004264
7826,2019-08-23 02:00:00,0.000004197
7827,2019-08-23 03:00:00,0.000002592
7828,2019-08-23 04:00:00,0.000001822
7829,2019-08-23 05:00:00,0.000001741
7830,2019-08-23 06:00:00,0.000002172
7831,2019-08-23 07:00:00,0.000005372
7832,2019-08-23 08:00:00,0.000007124
7833,2019-08-23 09:00:00,0.000010757
7834,2019-08-23 10:00:00,0.000007554
7835,2019-08-23 11:00:00,0.000024098
7836,2019-08-23 12:00:00,0.000019875
7837,2019-08-23 13:00:00,0.000040643
7838,2019-08-23 14:00:00,0.000034742
7839,2019-08-23 15:00:00,0.000017587
7840,2019-08-23 16:00:00,0.000039702
7841,2019-08-23 17:00:00,0.000068229
7842,2019-08-23 18:00:00,0.000110313
7843,2019-08-23 19:00:00,0.000161205
7844,2019-08-23 20:00:00,0.000082001
7845,2019-08-23 21:00:00,0.000078742
7846,2019-08-23 22:00:00,0.000036285
7847,2019-08-23 23:00:00,0.000023656
7848,2019-08-24 00:00:00,0.000010296
7849,2019-08-24 01:00:00,0.000002158
7850,2019-08-24 02:00:00,0.000001421
7851,2019-08-24 03:00:00,0.000000000
7852,2019-08-24 04:00:00,0.000000000
7853,2019-08-24 05:00:00,0.000000000
7854,2019-08-24 06:00:00,0.000002208
7855,2019-08-24 07:00:00,0.000006177
7856,2019-08-24 08:00:00,0.000005466
7857,2019-08-24 09:00:00,0.000003793
7858,2019-08-24 10:00:00,0.002083002
7859,2019-08-24 11:00:00,0.001287035
7860,2019-08-24 12:00:00,0.000021328
7861,2019-08-24 13:00:00,0.000016214
7862,2019-08-24 14:00:00,0.000022264
7863,2019-08-24 15:00:00,0.000020872
7864,2019-08-24 16:00:00,0.000030704
7865,2019-08-24 17:00:00,0.000040640
7866,2019-08-24 18:00:00,0.000065459
7867,2019-08-24 19:00:00,0.000069005
7868,2019-08-24 20:00:00,0.000051139
7869,2019-08-24 21:00:00,0.000030979
7870,2019-08-24 22:00:00,0.000020664
7871,2019-08-24 23:00:00,0.000011809
7872,2019-08-25 00:00:00,0.000005106
7873,2019-08-25 01:00:00,0.000000000
7874,2019-08-25 02:00:00,0.000000000
7875,2019-08-25 03:00:00,0.000000000
7876,2019-08-25 04:00:00,0.000000000
7877,2019-08-25 05:00:00,0.000000000
7878,2019-08-25 06:00:00,0.000000000
7879,2019-08-25 07:00:00,0.000000000
7880,2019-08-25 08:00:00,0.000000000
7881,2019-08-25 09:00:00,0.000000000
7882,2019-08-25 10:00:00,0.000000000
7883,2019-08-25 11:00:00,0.000000000
7884,2019-08-25 12:00:00,0.000000000
7885,2019-08-25 13:00:00,0.000000000
7886,2019-08-25 14:00:00,0.000000000
7887,2019-08-25 15:00:00,0.000001213
7888,2019-08-25 16:00:00,0.000001709
7889,2019-08-25 17:00:00,0.000002868
7890,2019-08-25 18:00:00,0.000003736
7891,2019-08-25 19:00:00,0.000003111
7892,2019-08-25 20:00:00,0.000002317
7893,2019-08-25 21:00:00,0.000001798
7894,2019-08-25 22:00:00,0.000000000
7895,2019-08-25 23:00:00,0.000000000
7896,2019-08-26 00:00:00,0.000000000
7897,2019-08-26 01:00:00,0.000000000
7898,2019-08-26 02:00:00,0.000000000
7899,2019-08-26 03:00:00,0.000000000
7900,2019-08-26 04:00:00,0.000000000
7901,2019-08-26 05:00:00,0.000000000
7902,2019-08-26 06:00:00,0.000000000
7903,2019-08-26 07:00:00,0.000000000
7904,2019-08-26 08:00:00,0.000000000
7905,2019-08-26 09:00:00,0.000000000
7906,2019-08-26 10:00:00,0.000000000
7907,2019-08-26 11:00:00,0.000000000
7908,2019-08-26 12:00:00,0.000000000
7909,2019-08-26 13:00:00,0.000000000
7910,2019-08-26 14:00:00,0.000000000
7911,2019-08-26 15:00:00,0.000000000
7912,2019-08-26 16:00:00,0.000000000
7913,2019-08-26 17:00:00,0.000000000
7914,2019-08-26 18:00:00,0.000000000
7915,2019-08-26 19:00:00,0.000000000
7916,2019-08-26 20:00:00,0.000000000
7917,2019-08-26 21:00:00,0.000000000
7918,2019-08-26 22:00:00,0.000000000
7919,2019-08-26 23:00:00,0.000000000
7920,2019-08-27 00:00:00,0.000000000
7921,2019-08-27 01:00:00,0.000000000
7922,2019-08-27 02:00:00,0.000000000
7923,2019-08-27 03:00:00,0.000000000
7924,2019-08-27 04:00:00,0.000000000
7925,2019-08-27 05:00:00,0.000000000
7926,2019-08-27 06:00:00,0.000000000
7927,2019-08-27 07:00:00,0.000000000
7928,2019-08-27 08:00:00,0.000000000
7929,2019-08-27 09:00:00,0.000000000
7930,2019-08-27 10:00:00,0.000000000
7931,2019-08-27 11:00:00,0.000000000
7932,2019-08-27 12:00:00,0.000000000
7933,2019-08-27 13:00:00,0.000000000
7934,2019-08-27 14:00:00,0.000000000
7935,2019-08-27 15:00:00,0.000000000
7936,2019-08-27 16:00:00,0.000000000
7937,2019-08-27 17:00:00,0.000000000
7938,2019-08-27 18:00:00,0.000000000
7939,2019-08-27 19:00:00,0.000000000
7940,2019-08-27 20:00:00,0.000000000
7941,2019-08-27 21:00:00,0.000000000
7942,2019-08-27 22:00:00,0.000000000
7943,2019-08-27 23:00:00,0.000000000
7944,2019-08-28 00:00:00,0.000000000
7945,2019-08-28 01:00:00,0.000000000
7946,2019-08-28 02:00:00,0.000000000
7947,2019-08-28 03:00:00,0.000000000
7948,2019-08-28 04:00:00,0.000000000
7949,2019-08-28 05:00:00,0.000000000
7950,2019-08-28 06:00:00,0.000000000
7951,2019-08-28 07:00:00,0.000000000
7952,2019-08-28 08:00:00,0.000000000
7953,2019-08-28 09:00:00,0.000000000
7954,2019-08-28 10:00:00,0.000000000
7955,2019-08-28 11:00:00,0.000000000
7956,2019-08-28 12:00:00,0.000000000
7957,2019-08-28 13:00:00,0.000000000
7958,2019-08-28 14:00:00,0.000000000
7959,2019-08-28 15:00:00,0.000000000
7960,2019-08-28 16:00:00,0.000000000
7961,2019-08-28 17:00:00,0.000000000
7962,2019-08-28 18:00:00,0.000000000
7963,2019-08-28 19:00:00,0.000000000
7964,2019-08-28 20:00:00,0.000000000
7965,2019-08-28 21:00:00,0.000000000
7966,2019-08-28 22:00:00,0.000000000
7967,2019-08-28 23:00:00,0.000000000
7968,2019-08-29 00:00:00,0.000000000
7969,2019-08-29 01:00:00,0.000000000
7970,2019-08-29 02:00:00,0.000000000
7971,2019-08-29 03:00:00,0.000000000
7972,2019-08-29 04:00:00,0.000000000
7973,2019-08-29 05:00:00,0.000000000
7974,2019-08-29 06:00:00,0.000000000
7975,2019-08-29 07:00:00,0.000000000
7976,2019-08-29 08:00:00,0.000000000
7977,2019-08-29 09:00:00,0.000000000
7978,2019-08-29 10:00:00,0.000000000
7979,2019-08-29 11:00:00,0.000000000
7980,2019-08-29 12:00:00,0.000000000
7981,2019-08-29 13:00:00,0.000000000
7982,2019-08-29 14:00:00,0.000000000
7983,2019-08-29 15:00:00,0.000000000
7984,2019-08-29 16:00:00,0.000000000
7985,2019-08-29 17:00:00,0.000000000
7986,2019-08-29 18:00:00,0.000000000
7987,2019-08-29 19:00:00,0.000000000
7988,2019-08-29 20:00:00,0.000000000
7989,2019-08-29 21:00:00,0.000000000
7990,2019-08-29 22:00:00,0.000000000
7991,2019-08-29 23:00:00,0.000000000
7992,2019-08-30 00:00:00,0.000000000
7993,2019-08-30 01:00:00,0.000000000
7994,2019-08-30 02:00:00,0.000000000
7995,2019-08-30 03:00:00,0.000000000
7996,2019-08-30 04:00:00,0.000000000
7997,2019-08-30 05:00:00,0.000000000
7998,2019-08-30 06:00:00,0.000000000
7999,2019-08-30 07:00:00,0.000000000
8000,2019-08-30 08:00:00,0.000000000
8001,2019-08-30 09:00:00,0.000000000
8002,2019-08-30 10:00:00,0.000000000
8003,2019-08-30 11:00:00,0.000000000
8004,2019-08-30 12:00:00,0.000000000
8005,2019-08-30 13:00:00,0.000000000
8006,2019-08-30 14:00:00,0.000000000
8007,2019-08-30 15:00:00,0.000000000
8008,2019-08-30 16:00:00,0.000000000
8009,2019-08-30 17:00:00,0.000000000
8010,2019-08-30 18:00:00,0.000000000
8011,2019-08-30 19:00:00,0.000000000
8012,2019-08-30 20:00:00,0.000000000
8013,2019-08-30 21:00:00,0.000000000
8014,2019-08-30 22:00:00,0.000000000
8015,2019-08-30 23:00:00,0.000000000
8016,2019-08-31 00:00:00,0.000000000
8017,2019-08-31 01:00:00,0.000000000
8018,2019-08-31 02:00:00,0.000000000
8019,2019-08-31 03:00:00,0.000000000
8020,2019-08-31 04:00:00,0.000000000
8021,2019-08-31 05:00:00,0.000000000
8022,2019-08-31 06:00:00,0.000000000
8023,2019-08-31 07:00:00,0.000000000
8024,2019-08-31 08:00:00,0.000000000
8025,2019-08-31 09:00:00,0.000000000
8026,2019-08-31 10:00:00,0.000000000
8027,2019-08-31 11:00:00,0.000000000
8028,2019-08-31 12:00:00,0.000000000
8029,2019-08-31 13:00:00,0.000000000
8030,2019-08-31 14:00:00,0.000000000
8031,2019-08-31 15:00:00,0.000000000
8032,2019-08-31 16:00:00,0.000000000
8033,2019-08-31 17:00:00,0.000000000
8034,2019-08-31 18:00:00,0.000000000
8035,2019-08-31 19:00:00,0.000000000
8036,2019-08-31 20:00:00,0.000000000
8037,2019-08-31 21:00:00,0.000000000
8038,2019-08-31 22:00:00,0.000000000
8039,2019-08-31 23:00:00,0.000000000
8040,2019-09-01 00:00:00,0.000000000
8041,2019-09-01 01:00:00,0.000000000
8042,2019-09-01 02:00:00,0.000000000
8043,2019-09-01 03:00:00,0.000000000
8044,2019-09-01 04:00:00,0.000000000
8045,2019-09-01 05:00:00,0.000000000
8046,2019-09-01 06:00:00,0.000000000
8047,2019-09-01 07:00:00,0.000000000
8048,2019-09-01 08:00:00,0.000000000
8049,2019-09-01 09:00:00,0.000000000
8050,2019-09-01 10:00:00,0.000000000
8051,2019-09-01 11:00:00,0.000000000
8052,2019-09-01 12:00:00,0.000000000
8053,2019-09-01 13:00:00,0.000000000
8054,2019-09-01 14:00:00,0.000000000
8055,2019-09-01 15:00:00,0.000000000
8056,2019-09-01 16:00:00,0.000000000
8057,2019-09-01 17:00:00,0.000000000
8058,2019-09-01 18:00:00,0.000000000
8059,2019-09-01 19:00:00,0.000000000
8060,2019-09-01 20:00:00,0.000000000
8061,2019-09-01 21:00:00,0.000000000
8062,2019-09-01 22:00:00,0.000000000
8063,2019-09-01 23:00:00,0.000000000
8064,2019-09-02 00:00:00,0.000000000
8065,2019-09-02 01:00:00,0.000000000
8066,2019-09-02 02:00:00,0.000000000
8067,2019-09-02 03:00:00,0.000000000
8068,2019-09-02 04:00:00,0.000000000
8069,2019-09-02 05:00:00,0.000000000
8070,2019-09-02 06:00:00,0.000000000
8071,2019-09-02 07:00:00,0.000000000
8072,2019-09-02 08:00:00,0.000000000
8073,2019-09-02 09:00:00,0.000000000
8074,2019-09-02 10:00:00,0.000000000
8075,2019-09-02 11:00:00,0.000000000
8076,2019-09-02 12:00:00,0.000000000
8077,2019-09-02 13:00:00,0.000000000
8078,2019-09-02 14:00:00,0.000000000
8079,2019-09-02 15:00:00,0.000000000
8080,2019-09-02 16:00:00,0.000000000
8081,2019-09-02 17:00:00,0.000000000
8082,2019-09-02 18:00:00,0.000000000
8083,2019-09-02 19:00:00,0.000000000
8084,2019-09-02 20:00:00,0.000000000
8085,2019-09-02 21:00:00,0.000000000
8086,2019-09-02 22:00:00,0.000000000
8087,2019-09-02 23:00:00,0.000000000
8088,2019-09-03 00:00:00,0.000000000
8089,2019-09-03 01:00:00,0.000000000
8090,2019-09-03 02:00:00,0.000000000
8091,2019-09-03 03:00:00,0.000000000
8092,2019-09-03 04:00:00,0.000000000
8093,2019-09-03 05:00:00,0.000000000
8094,2019-09-03 06:00:00,0.000000000
8095,2019-09-03 07:00:00,0.000000000
8096,2019-09-03 08:00:00,0.000000000
8097,2019-09-03 09:00:00,0.000000000
8098,2019-09-03 10:00:00,0.000000000
8099,2019-09-03 11:00:00,0.000000000
8100,2019-09-03 12:00:00,0.000000000
8101,2019-09-03 13:00:00,0.000000000
8102,2019-09-03 14:00:00,0.000000000
8103,2019-09-03 15:00:00,0.000000000
8104,2019-09-03 16:00:00,0.000000000
8105,2019-09-03 17:00:00,0.000000000
8106,2019-09-03 18:00:00,0.000000000
8107,2019-09-03 19:00:00,0.000000000
8108,2019-09-03 20:00:00,0.000000000
8109,2019-09-03 21:00:00,0.000000000
8110,2019-09-03 22:00:00,0.000000000
8111,2019-09-03 23:00:00,0.000000000
8112,2019-09-04 00:00:00,0.000000000
8113,2019-09-04 01:00:00,0.000000000
8114,2019-09-04 02:00:00,0.000000000
8115,2019-09-04 03:00:00,0.000000000
8116,2019-09-04 04:00:00,0.000000000
8117,2019-09-04 05:00:00,0.000000000
8118,2019-09-04 06:00:00,0.000000000
8119,2019-09-04 07:00:00,0.000000000
8120,2019-09-04 08:00:00,0.000000000
8121,2019-09-04 09:00:00,0.000000000
8122,2019-09-04 10:00:00,0.000000000
8123,2019-09-04 11:00:00,0.000000000
8124,2019-09-04 12:00:00,0.000000000
8125,2019-09-04 13:00:00,0.000000000
8126,2019-09-04 14:00:00,0.000000000
8127,2019-09-04 15:00:00,0.000000000
8128,2019-09-04 16:00:00,0.000000000
8129,2019-09-04 17:00:00,0.000000000
8130,2019-09-04 18:00:00,0.000000000
8131,2019-09-04 19:00:00,0.000000000
8132,2019-09-04 20:00:00,0.000000000
8133,2019-09-04 21:00:00,0.000000000
8134,2019-09-04 22:00:00,0.000000000
8135,2019-09-04 23:00:00,0.000000000
8136,2019-09-05 00:00:00,0.000000000
8137,2019-09-05 01:00:00,0.000000000
8138,2019-09-05 02:00:00,0.000000000
8139,2019-09-05 03:00:00,0.000000000
8140,2019-09-05 04:00:00,0.000000000
8141,2019-09-05 05:00:00,0.000000000
8142,2019-09-05 06:00:00,0.000000000
8143,2019-09-05 07:00:00,0.000000000
8144,2019-09-05 08:00:00,0.000000000
8145,2019-09-05 09:00:00,0.000000000
8146,2019-09-05 10:00:00,0.000000000
8147,2019-09-05 11:00:00,0.000000000
8148,2019-09-05 12:00:00,0.000000000
8149,2019-09-05 13:00:00,0.000000000
8150,2019-09-05 14:00:00,0.000000000
8151,2019-09-05 15:00:00,0.000000000
8152,2019-09-05 16:00:00,0.000000000
8153,2019-09-05 17:00:00,0.000000000
8154,2019-09-05 18:00:00,0.000000000
8155,2019-09-05 19:00:00,0.000000000
8156,2019-09-05 20:00:00,0.000000000
8157,2019-09-05 21:00:00,0.000000000
8158,2019-09-05 22:00:00,0.000000000
8159,2019-09-05 23:00:00,0.000000000
8160,2019-09-06 00:00:00,0.000000000
8161,2019-09-06 01:00:00,0.000000000
8162,2019-09-06 02:00:00,0.000000000
8163,2019-09-06 03:00:00,0.000000000
8164,2019-09-06 04:00:00,0.000000000
8165,2019-09-06 05:00:00,0.000000000
8166,2019-09-06 06:00:00,0.000000000
8167,2019-09-06 07:00:00,0.000000000
8168,2019-09-06 08:00:00,0.000000000
8169,2019-09-06 09:00:00,0.000000000
8170,2019-09-06 10:00:00,0.000000000
8171,2019-09-06 11:00:00,0.000000000
8172,2019-09-06 12:00:00,0.001729824
8173,2019-09-06 13:00:00,0.001341239
8174,2019-09-06 14:00:00,0.001512001
8175,2019-09-06 15:00:00,0.001401368
8176,2019-09-06 16:00:00,0.003308355
8177,2019-09-06 17:00:00,0.005932451
8178,2019-09-06 18:00:00,0.008569166
8179,2019-09-06 19:00:00,0.006239170
8180,2019-09-06 20:00:00,0.004662365
8181,2019-09-06 21:00:00,0.002874731
8182,2019-09-06 22:00:00,0.001156038
8183,2019-09-06 23:00:00,0.000614094
8184,2019-09-07 00:00:00,0.000213799
8185,2019-09-07 01:00:00,0.000046564
8186,2019-09-07 02:00:00,0.000026754
8187,2019-09-07 03:00:00,0.000016606
8188,2019-09-07 04:00:00,0.000007536
8189,2019-09-07 05:00:00,0.000007380
8190,2019-09-07 06:00:00,0.000009410
8191,2019-09-07 07:00:00,0.000007051
8192,2019-09-07 08:00:00,0.000003643
8193,2019-09-07 09:00:00,0.000002227
8194,2019-09-07 10:00:00,0.000098903
8195,2019-09-07 11:00:00,0.000331143
8196,2019-09-07 12:00:00,0.000410111
8197,2019-09-07 13:00:00,0.000413018
8198,2019-09-07 14:00:00,0.000842588
8199,2019-09-07 15:00:00,0.001319333
8200,2019-09-07 16:00:00,0.002265499
8201,2019-09-07 17:00:00,0.003083887
8202,2019-09-07 18:00:00,0.004524841
8203,2019-09-07 19:00:00,0.003259719
8204,2019-09-07 20:00:00,0.002588672
8205,2019-09-07 21:00:00,0.001624112
8206,2019-09-07 22:00:00,0.000964851
8207,2019-09-07 23:00:00,0.000550323
8208,2019-09-08 00:00:00,0.000262714
8209,2019-09-08 01:00:00,0.000058254
8210,2019-09-08 02:00:00,0.000037886
8211,2019-09-08 03:00:00,0.000024206
8212,2019-09-08 04:00:00,0.000057107
8213,2019-09-08 05:00:00,0.000133449
8214,2019-09-08 06:00:00,0.000273637
8215,2019-09-08 07:00:00,0.000601570
8216,2019-09-08 08:00:00,0.000975984
8217,2019-09-08 09:00:00,0.001506775
8218,2019-09-08 10:00:00,0.001934239
8219,2019-09-08 11:00:00,0.001802465
8220,2019-09-08 12:00:00,0.001799534
8221,2019-09-08 13:00:00,0.001144396
8222,2019-09-08 14:00:00,0.001129344
8223,2019-09-08 15:00:00,0.001127228
8224,2019-09-08 16:00:00,0.004027411
8225,2019-09-08 17:00:00,0.008503106
8226,2019-09-08 18:00:00,0.009833216
8227,2019-09-08 19:00:00,0.008298635
8228,2019-09-08 20:00:00,0.005947743
8229,2019-09-08 21:00:00,0.003881219
8230,2019-09-08 22:00:00,0.002469784
8231,2019-09-08 23:00:00,0.001050622
8232,2019-09-09 00:00:00,0.000431210
8233,2019-09-09 01:00:00,0.000150777
8234,2019-09-09 02:00:00,0.000091633
8235,2019-09-09 03:00:00,0.000061098
8236,2019-09-09 04:00:00,0.000033712
8237,2019-09-09 05:00:00,0.000016371
8238,2019-09-09 06:00:00,0.000219043
8239,2019-09-09 07:00:00,0.000420761
8240,2019-09-09 08:00:00,0.000479483
8241,2019-09-09 09:00:00,0.000483473
8242,2019-09-09 10:00:00,0.000717045
8243,2019-09-09 11:00:00,0.002159682
8244,2019-09-09 12:00:00,0.001735692
8245,2019-09-09 13:00:00,0.003620239
8246,2019-09-09 14:00:00,0.006027008
8247,2019-09-09 15:00:00,0.004872945
8248,2019-09-09 16:00:00,0.003306290
8249,2019-09-09 17:00:00,0.009050077
8250,2019-09-09 18:00:00,0.013961800
8251,2019-09-09 19:00:00,0.014432416
8252,2019-09-09 20:00:00,0.012299963
8253,2019-09-09 21:00:00,0.008162702
8254,2019-09-09 22:00:00,0.005432833
8255,2019-09-09 23:00:00,0.003026294
8256,2019-09-10 00:00:00,0.001366507
8257,2019-09-10 01:00:00,0.000290666
8258,2019-09-10 02:00:00,0.000206697
8259,2019-09-10 03:00:00,0.000122751
8260,2019-09-10 04:00:00,0.000168716
8261,2019-09-10 05:00:00,0.000358901
8262,2019-09-10 06:00:00,0.000665399
8263,2019-09-10 07:00:00,0.000663558
8264,2019-09-10 08:00:00,0.000751708
8265,2019-09-10 09:00:00,0.001095698
8266,2019-09-10 10:00:00,0.005101806
8267,2019-09-10 11:00:00,0.010856758
8268,2019-09-10 12:00:00,0.015898013
8269,2019-09-10 13:00:00,0.023368319
8270,2019-09-10 14:00:00,0.030770199
8271,2019-09-10 15:00:00,0.036666870
8272,2019-09-10 16:00:00,0.004367460
8273,2019-09-10 17:00:00,0.006171375
8274,2019-09-10 18:00:00,0.006210795
8275,2019-09-10 19:00:00,0.005424292
8276,2019-09-10 20:00:00,0.004096168
8277,2019-09-10 21:00:00,0.002332552
8278,2019-09-10 22:00:00,0.001552655
8279,2019-09-10 23:00:00,0.000769982
8280,2019-09-11 00:00:00,0.000392015
8281,2019-09-11 01:00:00,0.000090099
8282,2019-09-11 02:00:00,0.000073556
8283,2019-09-11 03:00:00,0.000060297
8284,2019-09-11 04:00:00,0.000038759
8285,2019-09-11 05:00:00,0.000028236
8286,2019-09-11 06:00:00,0.000024773
8287,2019-09-11 07:00:00,0.000020154
8288,2019-09-11 08:00:00,0.000016857
8289,2019-09-11 09:00:00,0.000013115
8290,2019-09-11 10:00:00,0.000012197
8291,2019-09-11 11:00:00,0.000009162
8292,2019-09-11 12:00:00,0.000007949
8293,2019-09-11 13:00:00,0.000006648
8294,2019-09-11 14:00:00,0.000004036
8295,2019-09-11 15:00:00,0.000073949
8296,2019-09-11 16:00:00,0.000061140
8297,2019-09-11 17:00:00,0.000060396
8298,2019-09-11 18:00:00,0.000054228
8299,2019-09-11 19:00:00,0.000043705
8300,2019-09-11 20:00:00,0.000033183
8301,2019-09-11 21:00:00,0.000020800
8302,2019-09-11 22:00:00,0.000013473
8303,2019-09-11 23:00:00,0.000007497
8304,2019-09-12 00:00:00,0.000002707
8305,2019-09-12 01:00:00,0.000000000
8306,2019-09-12 02:00:00,0.000000000
8307,2019-09-12 03:00:00,0.000000000
8308,2019-09-12 04:00:00,0.000151400
8309,2019-09-12 05:00:00,0.000459016
8310,2019-09-12 06:00:00,0.000555020
8311,2019-09-12 07:00:00,0.000656225
8312,2019-09-12 08:00:00,0.010112352
8313,2019-09-12 09:00:00,0.021071881
8314,2019-09-12 10:00:00,0.027923891
8315,2019-09-12 11:00:00,0.030135181
8316,2019-09-12 12:00:00,0.028144803
8317,2019-09-12 13:00:00,0.022219874
8318,2019-09-12 14:00:00,0.015380962
8319,2019-09-12 15:00:00,0.006264105
8320,2019-09-12 16:00:00,0.006101643
8321,2019-09-12 17:00:00,0.005324579
8322,2019-09-12 18:00:00,0.013133535
8323,2019-09-12 19:00:00,0.019081555
8324,2019-09-12 20:00:00,0.018889133
8325,2019-09-12 21:00:00,0.014725640
8326,2019-09-12 22:00:00,0.010495360
8327,2019-09-12 23:00:00,0.005843124
8328,2019-09-13 00:00:00,0.003101410
8329,2019-09-13 01:00:00,0.000392560
8330,2019-09-13 02:00:00,0.000439350
8331,2019-09-13 03:00:00,0.000420151
8332,2019-09-13 04:00:00,0.000171525
8333,2019-09-13 05:00:00,0.000049411
8334,2019-09-13 06:00:00,0.004538362
8335,2019-09-13 07:00:00,0.009363495
8336,2019-09-13 08:00:00,0.011864741
8337,2019-09-13 09:00:00,0.010345622
8338,2019-09-13 10:00:00,0.004310722
8339,2019-09-13 11:00:00,0.000755009
8340,2019-09-13 12:00:00,0.001032637
8341,2019-09-13 13:00:00,0.001010347
8342,2019-09-13 14:00:00,0.000454612
8343,2019-09-13 15:00:00,0.000483599
8344,2019-09-13 16:00:00,0.001223972
8345,2019-09-13 17:00:00,0.001741261
8346,2019-09-13 18:00:00,0.005819053
8347,2019-09-13 19:00:00,0.006497477
8348,2019-09-13 20:00:00,0.005595103
8349,2019-09-13 21:00:00,0.004489903
8350,2019-09-13 22:00:00,0.002839581
8351,2019-09-13 23:00:00,0.001493449
8352,2019-09-14 00:00:00,0.000685907
8353,2019-09-14 01:00:00,0.000139665
8354,2019-09-14 02:00:00,0.000075047
8355,2019-09-14 03:00:00,0.000035444
8356,2019-09-14 04:00:00,0.000039383
8357,2019-09-14 05:00:00,0.000043424
8358,2019-09-14 06:00:00,0.002781226
8359,2019-09-14 07:00:00,0.006188726
8360,2019-09-14 08:00:00,0.006174519
8361,2019-09-14 09:00:00,0.003385845
8362,2019-09-14 10:00:00,0.000077480
8363,2019-09-14 11:00:00,0.000042556
8364,2019-09-14 12:00:00,0.000048482
8365,2019-09-14 13:00:00,0.000054879
8366,2019-09-14 14:00:00,0.000065266
8367,2019-09-14 15:00:00,0.000119899
8368,2019-09-14 16:00:00,0.000139127
8369,2019-09-14 17:00:00,0.000147575
8370,2019-09-14 18:00:00,0.000577123
8371,2019-09-14 19:00:00,0.000614913
8372,2019-09-14 20:00:00,0.000613956
8373,2019-09-14 21:00:00,0.000457088
8374,2019-09-14 22:00:00,0.000240282
8375,2019-09-14 23:00:00,0.000144579
8376,2019-09-15 00:00:00,0.000064819
8377,2019-09-15 01:00:00,0.000009348
8378,2019-09-15 02:00:00,0.000007443
8379,2019-09-15 03:00:00,0.000004999
8380,2019-09-15 04:00:00,0.000002865
8381,2019-09-15 05:00:00,0.000005103
8382,2019-09-15 06:00:00,0.000004487
8383,2019-09-15 07:00:00,0.000009035
8384,2019-09-15 08:00:00,0.000003695
8385,2019-09-15 09:00:00,0.001535373
8386,2019-09-15 10:00:00,0.002898664
8387,2019-09-15 11:00:00,0.002873608
8388,2019-09-15 12:00:00,0.000033155
8389,2019-09-15 13:00:00,0.000020987
8390,2019-09-15 14:00:00,0.000019532
8391,2019-09-15 15:00:00,0.000041693
8392,2019-09-15 16:00:00,0.000062250
8393,2019-09-15 17:00:00,0.000120972
8394,2019-09-15 18:00:00,0.000211104
8395,2019-09-15 19:00:00,0.000164675
8396,2019-09-15 20:00:00,0.000108989
8397,2019-09-15 21:00:00,0.000073143
8398,2019-09-15 22:00:00,0.000051419
8399,2019-09-15 23:00:00,0.000030383
8400,2019-09-16 00:00:00,0.000015194
8401,2019-09-16 01:00:00,0.000003441
8402,2019-09-16 02:00:00,0.000002731
8403,2019-09-16 03:00:00,0.000001759
8404,2019-09-16 04:00:00,0.000001240
8405,2019-09-16 05:00:00,0.000000000
8406,2019-09-16 06:00:00,0.000000000
8407,2019-09-16 07:00:00,0.000001739
8408,2019-09-16 08:00:00,0.000001263
8409,2019-09-16 09:00:00,0.000000000
8410,2019-09-16 10:00:00,0.000000000
8411,2019-09-16 11:00:00,0.000000000
8412,2019-09-16 12:00:00,0.000000000
8413,2019-09-16 13:00:00,0.000112299
8414,2019-09-16 14:00:00,0.000241701
8415,2019-09-16 15:00:00,0.000539105
8416,2019-09-16 16:00:00,0.000647976
8417,2019-09-16 17:00:00,0.001292881
8418,2019-09-16 18:00:00,0.001524204
8419,2019-09-16 19:00:00,0.001404595
8420,2019-09-16 20:00:00,0.000952857
8421,2019-09-16 21:00:00,0.000742969
8422,2019-09-16 22:00:00,0.000451721
8423,2019-09-16 23:00:00,0.000231133
8424,2019-09-17 00:00:00,0.000109195
8425,2019-09-17 01:00:00,0.000027798
8426,2019-09-17 02:00:00,0.000018246
8427,2019-09-17 03:00:00,0.000012160
8428,2019-09-17 04:00:00,0.000009897
8429,2019-09-17 05:00:00,0.000007631
8430,2019-09-17 06:00:00,0.000006011
8431,2019-09-17 07:00:00,0.000004625
8432,2019-09-17 08:00:00,0.000171189
8433,2019-09-17 09:00:00,0.000143700
8434,2019-09-17 10:00:00,0.000221930
8435,2019-09-17 11:00:00,0.000577668
8436,2019-09-17 12:00:00,0.001095001
8437,2019-09-17 13:00:00,0.002140757
8438,2019-09-17 14:00:00,0.002321329
8439,2019-09-17 15:00:00,0.001991862
8440,2019-09-17 16:00:00,0.001977084
8441,2019-09-17 17:00:00,0.003567063
8442,2019-09-17 18:00:00,0.002694993
8443,2019-09-17 19:00:00,0.002568782
8444,2019-09-17 20:00:00,0.002027342
8445,2019-09-17 21:00:00,0.001561969
8446,2019-09-17 22:00:00,0.001060161
8447,2019-09-17 23:00:00,0.000496303
8448,2019-09-18 00:00:00,0.000280409
8449,2019-09-18 01:00:00,0.000072107
8450,2019-09-18 02:00:00,0.000041228
8451,2019-09-18 03:00:00,0.000023648
8452,2019-09-18 04:00:00,0.000242726
8453,2019-09-18 05:00:00,0.000428014
8454,2019-09-18 06:00:00,0.000279364
8455,2019-09-18 07:00:00,0.000873542
8456,2019-09-18 08:00:00,0.001721279
8457,2019-09-18 09:00:00,0.002157744
8458,2019-09-18 10:00:00,0.003376290
8459,2019-09-18 11:00:00,0.003643410
8460,2019-09-18 12:00:00,0.026159439
8461,2019-09-18 13:00:00,0.050117344
8462,2019-09-18 14:00:00,0.075746588
8463,2019-09-18 15:00:00,0.095983386
8464,2019-09-18 16:00:00,0.007351068
8465,2019-09-18 17:00:00,0.009384553
8466,2019-09-18 18:00:00,0.013392866
8467,2019-09-18 19:00:00,0.010800112
8468,2019-09-18 20:00:00,0.007845857
8469,2019-09-18 21:00:00,0.005613258
8470,2019-09-18 22:00:00,0.003724188
8471,2019-09-18 23:00:00,0.002245051
8472,2019-09-19 00:00:00,0.000998576
8473,2019-09-19 01:00:00,0.000295003
8474,2019-09-19 02:00:00,0.000210470
8475,2019-09-19 03:00:00,0.000129882
8476,2019-09-19 04:00:00,0.000127820
8477,2019-09-19 05:00:00,0.000138757
8478,2019-09-19 06:00:00,0.000261533
8479,2019-09-19 07:00:00,0.000342133
8480,2019-09-19 08:00:00,0.000486239
8481,2019-09-19 09:00:00,0.000600111
8482,2019-09-19 10:00:00,0.000586278
8483,2019-09-19 11:00:00,0.000718933
8484,2019-09-19 12:00:00,0.000576355
8485,2019-09-19 13:00:00,0.012218489
8486,2019-09-19 14:00:00,0.024567280
8487,2019-09-19 15:00:00,0.033611577
8488,2019-09-19 16:00:00,0.003048112
8489,2019-09-19 17:00:00,0.004803177
8490,2019-09-19 18:00:00,0.004870584
8491,2019-09-19 19:00:00,0.004176416
8492,2019-09-19 20:00:00,0.003005738
8493,2019-09-19 21:00:00,0.001953373
8494,2019-09-19 22:00:00,0.001121428
8495,2019-09-19 23:00:00,0.000613979
8496,2019-09-20 00:00:00,0.000225852
8497,2019-09-20 01:00:00,0.000078767
8498,2019-09-20 02:00:00,0.000057365
8499,2019-09-20 03:00:00,0.000028777
8500,2019-09-20 04:00:00,0.000027082
8501,2019-09-20 05:00:00,0.000017879
8502,2019-09-20 06:00:00,0.000013174
8503,2019-09-20 07:00:00,0.000006935
8504,2019-09-20 08:00:00,0.000005179
8505,2019-09-20 09:00:00,0.000004098
8506,2019-09-20 10:00:00,0.000150797
8507,2019-09-20 11:00:00,0.000438675
8508,2019-09-20 12:00:00,0.000680538
8509,2019-09-20 13:00:00,0.001231382
8510,2019-09-20 14:00:00,0.001494692
8511,2019-09-20 15:00:00,0.001969735
8512,2019-09-20 16:00:00,0.002163779
8513,2019-09-20 17:00:00,0.002378108
8514,2019-09-20 18:00:00,0.001976070
8515,2019-09-20 19:00:00,0.001619609
8516,2019-09-20 20:00:00,0.001101343
8517,2019-09-20 21:00:00,0.000642493
8518,2019-09-20 22:00:00,0.000379807
8519,2019-09-20 23:00:00,0.000212439
8520,2019-09-21 00:00:00,0.000091682
8521,2019-09-21 01:00:00,0.000026430
8522,2019-09-21 02:00:00,0.000018442
8523,2019-09-21 03:00:00,0.000008976
8524,2019-09-21 04:00:00,0.000138177
8525,2019-09-21 05:00:00,0.000328584
8526,2019-09-21 06:00:00,0.004938073
8527,2019-09-21 07:00:00,0.002546562
8528,2019-09-21 08:00:00,0.003256315
8529,2019-09-21 09:00:00,0.002380493
8530,2019-09-21 10:00:00,0.002512600
8531,2019-09-21 11:00:00,0.003194338
8532,2019-09-21 12:00:00,0.003418050
8533,2019-09-21 13:00:00,0.003645417
8534,2019-09-21 14:00:00,0.003433889
8535,2019-09-21 15:00:00,0.002779464
8536,2019-09-21 16:00:00,0.005116299
8537,2019-09-21 17:00:00,0.007792359
8538,2019-09-21 18:00:00,0.012869562
8539,2019-09-21 19:00:00,0.016002655
8540,2019-09-21 20:00:00,0.014292098
8541,2019-09-21 21:00:00,0.012150890
8542,2019-09-21 22:00:00,0.007993081
8543,2019-09-21 23:00:00,0.005318551
8544,2019-09-22 00:00:00,0.002430770
8545,2019-09-22 01:00:00,0.000666146
8546,2019-09-22 02:00:00,0.000404473
8547,2019-09-22 03:00:00,0.000117759
8548,2019-09-22 04:00:00,0.002199453
8549,2019-09-22 05:00:00,0.003549813
8550,2019-09-22 06:00:00,0.002734391
8551,2019-09-22 07:00:00,0.000273831
8552,2019-09-22 08:00:00,0.000235674
8553,2019-09-22 09:00:00,0.000512326
8554,2019-09-22 10:00:00,0.000392162
8555,2019-09-22 11:00:00,0.000648924
8556,2019-09-22 12:00:00,0.000645851
8557,2019-09-22 13:00:00,0.000410592
8558,2019-09-22 14:00:00,0.000445850
8559,2019-09-22 15:00:00,0.001110178
8560,2019-09-22 16:00:00,0.000728507
8561,2019-09-22 17:00:00,0.000655210
8562,2019-09-22 18:00:00,0.001787080
8563,2019-09-22 19:00:00,0.003005685
8564,2019-09-22 20:00:00,0.002629395
8565,2019-09-22 21:00:00,0.002087379
8566,2019-09-22 22:00:00,0.001426596
8567,2019-09-22 23:00:00,0.000767237
8568,2019-09-23 00:00:00,0.000361018
8569,2019-09-23 01:00:00,0.000080173
8570,2019-09-23 02:00:00,0.000040982
8571,2019-09-23 03:00:00,0.000019091
8572,2019-09-23 04:00:00,0.004496305
8573,2019-09-23 05:00:00,0.009256730
8574,2019-09-23 06:00:00,0.008775372
8575,2019-09-23 07:00:00,0.007094854
8576,2019-09-23 08:00:00,0.004067122
8577,2019-09-23 09:00:00,0.000028719
8578,2019-09-23 10:00:00,0.000046408
8579,2019-09-23 11:00:00,0.000053246
8580,2019-09-23 12:00:00,0.000063322
8581,2019-09-23 13:00:00,0.000053598
8582,2019-09-23 14:00:00,0.000058099
8583,2019-09-23 15:00:00,0.000054859
8584,2019-09-23 16:00:00,0.000040492
8585,2019-09-23 17:00:00,0.000123186
8586,2019-09-23 18:00:00,0.000238658
8587,2019-09-23 19:00:00,0.000264207
8588,2019-09-23 20:00:00,0.000198016
8589,2019-09-23 21:00:00,0.000134900
8590,2019-09-23 22:00:00,0.000089335
8591,2019-09-23 23:00:00,0.000061089
8592,2019-09-24 00:00:00,0.000029850
8593,2019-09-24 01:00:00,0.000005490
8594,2019-09-24 02:00:00,0.000003365
8595,2019-09-24 03:00:00,0.000005064
8596,2019-09-24 04:00:00,0.000004617
8597,2019-09-24 05:00:00,0.000005144
8598,2019-09-24 06:00:00,0.000005732
8599,2019-09-24 07:00:00,0.000005892
8600,2019-09-24 08:00:00,0.000005136
8601,2019-09-24 09:00:00,0.000003796
8602,2019-09-24 10:00:00,0.000005353
8603,2019-09-24 11:00:00,0.000004485
8604,2019-09-24 12:00:00,0.000005241
8605,2019-09-24 13:00:00,0.000003740
8606,2019-09-24 14:00:00,0.000002896
8607,2019-09-24 15:00:00,0.000001653
8608,2019-09-24 16:00:00,0.000001930
8609,2019-09-24 17:00:00,0.000002261
8610,2019-09-24 18:00:00,0.000003670
8611,2019-09-24 19:00:00,0.000003773
8612,2019-09-24 20:00:00,0.000003007
8613,2019-09-24 21:00:00,0.000002106
8614,2019-09-24 22:00:00,0.000001276
8615,2019-09-24 23:00:00,0.000000000
8616,2019-09-25 00:00:00,0.000000000
8617,2019-09-25 01:00:00,0.000000000
8618,2019-09-25 02:00:00,0.000000000
8619,2019-09-25 03:00:00,0.000000000
8620,2019-09-25 04:00:00,0.000000000
8621,2019-09-25 05:00:00,0.000000000
8622,2019-09-25 06:00:00,0.000000000
8623,2019-09-25 07:00:00,0.000000000
8624,2019-09-25 08:00:00,0.000000000
8625,2019-09-25 09:00:00,0.000000000
8626,2019-09-25 10:00:00,0.000000000
8627,2019-09-25 11:00:00,0.000000000
8628,2019-09-25 12:00:00,0.000000000
8629,2019-09-25 13:00:00,0.000000000
8630,2019-09-25 14:00:00,0.000000000
8631,2019-09-25 15:00:00,0.000000000
8632,2019-09-25 16:00:00,0.000000000
8633,2019-09-25 17:00:00,0.000000000
8634,2019-09-25 18:00:00,0.000000000
8635,2019-09-25 19:00:00,0.000000000
8636,2019-09-25 20:00:00,0.000000000
8637,2019-09-25 21:00:00,0.000000000
8638,2019-09-25 22:00:00,0.000000000
8639,2019-09-25 23:00:00,0.000000000
8640,2019-09-26 00:00:00,0.000000000
8641,2019-09-26 01:00:00,0.000000000
8642,2019-09-26 02:00:00,0.000000000
8643,2019-09-26 03:00:00,0.000000000
8644,2019-09-26 04:00:00,0.000000000
8645,2019-09-26 05:00:00,0.000000000
8646,2019-09-26 06:00:00,0.000000000
8647,2019-09-26 07:00:00,0.000000000
8648,2019-09-26 08:00:00,0.000000000
8649,2019-09-26 09:00:00,0.000000000
8650,2019-09-26 10:00:00,0.000000000
8651,2019-09-26 11:00:00,0.000000000
8652,2019-09-26 12:00:00,0.000000000
8653,2019-09-26 13:00:00,0.000000000
8654,2019-09-26 14:00:00,0.000000000
8655,2019-09-26 15:00:00,0.000000000
8656,2019-09-26 16:00:00,0.000000000
8657,2019-09-26 17:00:00,0.000000000
8658,2019-09-26 18:00:00,0.000000000
8659,2019-09-26 19:00:00,0.000000000
8660,2019-09-26 20:00:00,0.000000000
8661,2019-09-26 21:00:00,0.000000000
8662,2019-09-26 22:00:00,0.000000000
8663,2019-09-26 23:00:00,0.000000000
8664,2019-09-27 00:00:00,0.000000000
8665,2019-09-27 01:00:00,0.000000000
8666,2019-09-27 02:00:00,0.000000000
8667,2019-09-27 03:00:00,0.000000000
8668,2019-09-27 04:00:00,0.000000000
8669,2019-09-27 05:00:00,0.000000000
8670,2019-09-27 06:00:00,0.000000000
8671,2019-09-27 07:00:00,0.000000000
8672,2019-09-27 08:00:00,0.000000000
8673,2019-09-27 09:00:00,0.000000000
8674,2019-09-27 10:00:00,0.000000000
8675,2019-09-27 11:00:00,0.000000000
8676,2019-09-27 12:00:00,0.000000000
8677,2019-09-27 13:00:00,0.000000000
8678,2019-09-27 14:00:00,0.000000000
8679,2019-09-27 15:00:00,0.000000000
8680,2019-09-27 16:00:00,0.000000000
8681,2019-09-27 17:00:00,0.000000000
8682,2019-09-27 18:00:00,0.000000000
8683,2019-09-27 19:00:00,0.000000000
8684,2019-09-27 20:00:00,0.000000000
8685,2019-09-27 21:00:00,0.000000000
8686,2019-09-27 22:00:00,0.000000000
8687,2019-09-27 23:00:00,0.000000000
8688,2019-09-28 00:00:00,0.000000000
8689,2019-09-28 01:00:00,0.000000000
8690,2019-09-28 02:00:00,0.000000000
8691,2019-09-28 03:00:00,0.000000000
8692,2019-09-28 04:00:00,0.000000000
8693,2019-09-28 05:00:00,0.000000000
8694,2019-09-28 06:00:00,0.000000000
8695,2019-09-28 07:00:00,0.000000000
8696,2019-09-28 08:00:00,0.000000000
8697,2019-09-28 09:00:00,0.000000000
8698,2019-09-28 10:00:00,0.000000000
8699,2019-09-28 11:00:00,0.000000000
8700,2019-09-28 12:00:00,0.000000000
8701,2019-09-28 13:00:00,0.000000000
8702,2019-09-28 14:00:00,0.000000000
8703,2019-09-28 15:00:00,0.000000000
8704,2019-09-28 16:00:00,0.000000000
8705,2019-09-28 17:00:00,0.000000000
8706,2019-09-28 18:00:00,0.000000000
8707,2019-09-28 19:00:00,0.000000000
8708,2019-09-28 20:00:00,0.000000000
8709,2019-09-28 21:00:00,0.000000000
8710,2019-09-28 22:00:00,0.000000000
8711,2019-09-28 23:00:00,0.000000000
8712,2019-09-29 00:00:00,0.000000000
8713,2019-09-29 01:00:00,0.000000000
8714,2019-09-29 02:00:00,0.000000000
8715,2019-09-29 03:00:00,0.000000000
8716,2019-09-29 04:00:00,0.000000000
8717,2019-09-29 05:00:00,0.000000000
8718,2019-09-29 06:00:00,0.000000000
8719,2019-09-29 07:00:00,0.000000000
8720,2019-09-29 08:00:00,0.000000000
8721,2019-09-29 09:00:00,0.000000000
8722,2019-09-29 10:00:00,0.000000000
8723,2019-09-29 11:00:00,0.000000000
8724,2019-09-29 12:00:00,0.000000000
8725,2019-09-29 13:00:00,0.000000000
8726,2019-09-29 14:00:00,0.000000000
8727,2019-09-29 15:00:00,0.001841193
8728,2019-09-29 16:00:00,0.001732431
8729,2019-09-29 17:00:00,0.002373866
8730,2019-09-29 18:00:00,0.001893280
8731,2019-09-29 19:00:00,0.001389841
8732,2019-09-29 20:00:00,0.000642742
8733,2019-09-29 21:00:00,0.000432450
8734,2019-09-29 22:00:00,0.000238411
8735,2019-09-29 23:00:00,0.000082229
8736,2019-09-30 00:00:00,0.000025604
8737,2019-09-30 01:00:00,0.000014770
8738,2019-09-30 02:00:00,0.000007608
8739,2019-09-30 03:00:00,0.106854349
8740,2019-09-30 04:00:00,0.020964272
8741,2019-09-30 05:00:00,0.015019655
8742,2019-09-30 06:00:00,0.010532986
8743,2019-09-30 07:00:00,0.007476483
8744,2019-09-30 08:00:00,0.005428730
8745,2019-09-30 09:00:00,0.004052232
8746,2019-09-30 10:00:00,0.003994756
8747,2019-09-30 11:00:00,0.003978110
8748,2019-09-30 12:00:00,0.004977699
8749,2019-09-30 13:00:00,0.003929367
8750,2019-09-30 14:00:00,0.003894286
8751,2019-09-30 15:00:00,0.004375055
8752,2019-09-30 16:00:00,0.004561675
8753,2019-09-30 17:00:00,0.003970774
8754,2019-09-30 18:00:00,0.004924849
8755,2019-09-30 19:00:00,0.002978954
8756,2019-09-30 20:00:00,0.002079921
8757,2019-09-30 21:00:00,0.001309501
8758,2019-09-30 22:00:00,0.000861073
8759,2019-09-30 23:00:00,0.000378079
8760,2019-10-01 00:00:00,0.000097582
8761,2019-10-01 01:00:00,0.000071560
8762,2019-10-01 02:00:00,0.000057500
8763,2019-10-01 03:00:00,0.000041700
8764,2019-10-01 04:00:00,0.000091867
8765,2019-10-01 05:00:00,0.000315587
8766,2019-10-01 06:00:00,0.000559194
8767,2019-10-01 07:00:00,0.000765785
8768,2019-10-01 08:00:00,0.000931766
8769,2019-10-01 09:00:00,0.001295992
8770,2019-10-01 10:00:00,0.001545181
8771,2019-10-01 11:00:00,0.001470295
8772,2019-10-01 12:00:00,0.001497636
8773,2019-10-01 13:00:00,0.001743376
8774,2019-10-01 14:00:00,0.001813469
8775,2019-10-01 15:00:00,0.002111739
8776,2019-10-01 16:00:00,0.002493158
8777,2019-10-01 17:00:00,0.003950351
8778,2019-10-01 18:00:00,0.004131531
8779,2019-10-01 19:00:00,0.003581308
8780,2019-10-01 20:00:00,0.002540048
8781,2019-10-01 21:00:00,0.001736297
8782,2019-10-01 22:00:00,0.000904618
8783,2019-10-01 23:00:00,0.000439775
8784,2019-10-02 00:00:00,0.000120396
8785,2019-10-02 01:00:00,0.000071030
8786,2019-10-02 02:00:00,0.000115935
8787,2019-10-02 03:00:00,0.000167626
8788,2019-10-02 04:00:00,0.000355422
8789,2019-10-02 05:00:00,0.000511948
8790,2019-10-02 06:00:00,0.000711650
8791,2019-10-02 07:00:00,0.001017904
8792,2019-10-02 08:00:00,0.000941836
8793,2019-10-02 09:00:00,0.001003575
8794,2019-10-02 10:00:00,0.001376820
8795,2019-10-02 11:00:00,0.001682400
8796,2019-10-02 12:00:00,0.002162687
8797,2019-10-02 13:00:00,0.001679258
8798,2019-10-02 14:00:00,0.001076391
8799,2019-10-02 15:00:00,0.000982125
8800,2019-10-02 16:00:00,0.001890685
8801,2019-10-02 17:00:00,0.001960184
8802,2019-10-02 18:00:00,0.001973534
8803,2019-10-02 19:00:00,0.001997538
8804,2019-10-02 20:00:00,0.001678646
8805,2019-10-02 21:00:00,0.001211418
8806,2019-10-02 22:00:00,0.000783579
8807,2019-10-02 23:00:00,0.000477940
8808,2019-10-03 00:00:00,0.000096479
8809,2019-10-03 01:00:00,0.000060227
8810,2019-10-03 02:00:00,0.000072363
8811,2019-10-03 03:00:00,0.001125802
8812,2019-10-03 04:00:00,0.000225245
8813,2019-10-03 05:00:00,0.000337180
8814,2019-10-03 06:00:00,0.000382642
8815,2019-10-03 07:00:00,0.000530327
8816,2019-10-03 08:00:00,0.000524297
8817,2019-10-03 09:00:00,0.000577757
8818,2019-10-03 10:00:00,0.000405492
8819,2019-10-03 11:00:00,0.000488292
8820,2019-10-03 12:00:00,0.000548260
8821,2019-10-03 13:00:00,0.000466395
8822,2019-10-03 14:00:00,0.000408407
8823,2019-10-03 15:00:00,0.000365083
8824,2019-10-03 16:00:00,0.000394326
8825,2019-10-03 17:00:00,0.000528967
8826,2019-10-03 18:00:00,0.001122769
8827,2019-10-03 19:00:00,0.001186556
8828,2019-10-03 20:00:00,0.001086321
8829,2019-10-03 21:00:00,0.000765914
8830,2019-10-03 22:00:00,0.000426720
8831,2019-10-03 23:00:00,0.000241287
8832,2019-10-04 00:00:00,0.000058527
8833,2019-10-04 01:00:00,0.000039806
8834,2019-10-04 02:00:00,0.000025941
8835,2019-10-04 03:00:00,0.000016879
8836,2019-10-04 04:00:00,0.000016134
8837,2019-10-04 05:00:00,0.000013027
8838,2019-10-04 06:00:00,0.000009716
8839,2019-10-04 07:00:00,0.000008885
8840,2019-10-04 08:00:00,0.000009083
8841,2019-10-04 09:00:00,0.000009912
8842,2019-10-04 10:00:00,0.000009274
8843,2019-10-04 11:00:00,0.000008172
8844,2019-10-04 12:00:00,0.000007792
8845,2019-10-04 13:00:00,0.000006707
8846,2019-10-04 14:00:00,0.000043455
8847,2019-10-04 15:00:00,0.000083090
8848,2019-10-04 16:00:00,0.000126774
8849,2019-10-04 17:00:00,0.000162901
8850,2019-10-04 18:00:00,0.000118255
8851,2019-10-04 19:00:00,0.000092036
8852,2019-10-04 20:00:00,0.000056884
8853,2019-10-04 21:00:00,0.000035250
8854,2019-10-04 22:00:00,0.000017729
8855,2019-10-04 23:00:00,0.000009505
8856,2019-10-05 00:00:00,0.000002492
8857,2019-10-05 01:00:00,0.000001459
8858,2019-10-05 02:00:00,0.000000000
8859,2019-10-05 03:00:00,0.000008741
8860,2019-10-05 04:00:00,0.000027336
8861,2019-10-05 05:00:00,0.003942648
8862,2019-10-05 06:00:00,0.004838123
8863,2019-10-05 07:00:00,0.003094931
8864,2019-10-05 08:00:00,0.000294753
8865,2019-10-05 09:00:00,0.000390572
8866,2019-10-05 10:00:00,0.000504092
8867,2019-10-05 11:00:00,0.000441319
8868,2019-10-05 12:00:00,0.000362284
8869,2019-10-05 13:00:00,0.000177174
8870,2019-10-05 14:00:00,0.000359027
8871,2019-10-05 15:00:00,0.000548738
8872,2019-10-05 16:00:00,0.000788976
8873,2019-10-05 17:00:00,0.001435570
8874,2019-10-05 18:00:00,0.002810596
8875,2019-10-05 19:00:00,0.003521343
8876,2019-10-05 20:00:00,0.002964144
8877,2019-10-05 21:00:00,0.002052919
8878,2019-10-05 22:00:00,0.001192457
8879,2019-10-05 23:00:00,0.000597205
8880,2019-10-06 00:00:00,0.000142120
8881,2019-10-06 01:00:00,0.000080756
8882,2019-10-06 02:00:00,0.000048781
8883,2019-10-06 03:00:00,0.000027947
8884,2019-10-06 04:00:00,0.000013719
8885,2019-10-06 05:00:00,0.000017179
8886,2019-10-06 06:00:00,0.000017166
8887,2019-10-06 07:00:00,0.000015464
8888,2019-10-06 08:00:00,0.000013111
8889,2019-10-06 09:00:00,0.000014664
8890,2019-10-06 10:00:00,0.000023182
8891,2019-10-06 11:00:00,0.000025082
8892,2019-10-06 12:00:00,0.000028616
8893,2019-10-06 13:00:00,0.000040246
8894,2019-10-06 14:00:00,0.000035977
8895,2019-10-06 15:00:00,0.000020487
8896,2019-10-06 16:00:00,0.000030952
8897,2019-10-06 17:00:00,0.000020868
8898,2019-10-06 18:00:00,0.000038169
8899,2019-10-06 19:00:00,0.000044269
8900,2019-10-06 20:00:00,0.000042221
8901,2019-10-06 21:00:00,0.000031001
8902,2019-10-06 22:00:00,0.000021056
8903,2019-10-06 23:00:00,0.000011192
8904,2019-10-07 00:00:00,0.000000000
8905,2019-10-07 01:00:00,0.000002068
8906,2019-10-07 02:00:00,0.004670022
8907,2019-10-07 03:00:00,0.006580832
8908,2019-10-07 04:00:00,0.004613430
8909,2019-10-07 05:00:00,0.000004113
8910,2019-10-07 06:00:00,0.000005085
8911,2019-10-07 07:00:00,0.000011395
8912,2019-10-07 08:00:00,0.000011987
8913,2019-10-07 09:00:00,0.000011047
8914,2019-10-07 10:00:00,0.000008487
8915,2019-10-07 11:00:00,0.000007525
8916,2019-10-07 12:00:00,0.000009997
8917,2019-10-07 13:00:00,0.000019258
8918,2019-10-07 14:00:00,0.000020558
8919,2019-10-07 15:00:00,0.000020203
8920,2019-10-07 16:00:00,0.000018853
8921,2019-10-07 17:00:00,0.000032734
8922,2019-10-07 18:00:00,0.000039242
8923,2019-10-07 19:00:00,0.000062769
8924,2019-10-07 20:00:00,0.000060785
8925,2019-10-07 21:00:00,0.000044318
8926,2019-10-07 22:00:00,0.000030920
8927,2019-10-07 23:00:00,0.000017011
8928,2019-10-08 00:00:00,0.018833779
8929,2019-10-08 01:00:00,0.035807341
8930,2019-10-08 02:00:00,0.042996552
8931,2019-10-08 03:00:00,0.043373656
8932,2019-10-08 04:00:00,0.037882753
8933,2019-10-08 05:00:00,0.029619467
8934,2019-10-08 06:00:00,0.020308558
8935,2019-10-08 07:00:00,0.014240770
8936,2019-10-08 08:00:00,0.006472033
8937,2019-10-08 09:00:00,0.000007536
8938,2019-10-08 10:00:00,0.000009447
8939,2019-10-08 11:00:00,0.000004710
8940,2019-10-08 12:00:00,0.000005472
8941,2019-10-08 13:00:00,0.000004693
8942,2019-10-08 14:00:00,0.000005917
8943,2019-10-08 15:00:00,0.000013382
8944,2019-10-08 16:00:00,0.000018035
8945,2019-10-08 17:00:00,0.000021734
8946,2019-10-08 18:00:00,0.000071855
8947,2019-10-08 19:00:00,0.000069433
8948,2019-10-08 20:00:00,0.000056202
8949,2019-10-08 21:00:00,0.000041014
8950,2019-10-08 22:00:00,0.000023993
8951,2019-10-08 23:00:00,0.000012193
8952,2019-10-09 00:00:00,0.000002834
8953,2019-10-09 01:00:00,0.000001489
8954,2019-10-09 02:00:00,0.005814117
8955,2019-10-09 03:00:00,0.013567839
8956,2019-10-09 04:00:00,0.016435204
8957,2019-10-09 05:00:00,0.015114039
8958,2019-10-09 06:00:00,0.011268840
8959,2019-10-09 07:00:00,0.006410860
8960,2019-10-09 08:00:00,0.000344023
8961,2019-10-09 09:00:00,0.000001620
8962,2019-10-09 10:00:00,0.000002194
8963,2019-10-09 11:00:00,0.000011790
8964,2019-10-09 12:00:00,0.000003459
8965,2019-10-09 13:00:00,0.000006638
8966,2019-10-09 14:00:00,0.000011349
8967,2019-10-09 15:00:00,0.000016529
8968,2019-10-09 16:00:00,0.000020069
8969,2019-10-09 17:00:00,0.000022014
8970,2019-10-09 18:00:00,0.000044240
8971,2019-10-09 19:00:00,0.000054175
8972,2019-10-09 20:00:00,0.000040010
8973,2019-10-09 21:00:00,0.000026978
8974,2019-10-09 22:00:00,0.000015713
8975,2019-10-09 23:00:00,0.000008158
8976,2019-10-10 00:00:00,0.000002231
8977,2019-10-10 01:00:00,0.000000000
8978,2019-10-10 02:00:00,0.000000000
8979,2019-10-10 03:00:00,0.000000000
8980,2019-10-10 04:00:00,0.000000000
8981,2019-10-10 05:00:00,0.000000000
8982,2019-10-10 06:00:00,0.000000000
8983,2019-10-10 07:00:00,0.000000000
8984,2019-10-10 08:00:00,0.000000000
8985,2019-10-10 09:00:00,0.000000000
8986,2019-10-10 10:00:00,0.000000000
8987,2019-10-10 11:00:00,0.000000000
8988,2019-10-10 12:00:00,0.000000000
8989,2019-10-10 13:00:00,0.000000000
8990,2019-10-10 14:00:00,0.000000000
8991,2019-10-10 15:00:00,0.000000000
8992,2019-10-10 16:00:00,0.000000000
8993,2019-10-10 17:00:00,0.000000000
8994,2019-10-10 18:00:00,0.000000000
8995,2019-10-10 19:00:00,0.000000000
8996,2019-10-10 20:00:00,0.000000000
8997,2019-10-10 21:00:00,0.000000000
8998,2019-10-10 22:00:00,0.000000000
8999,2019-10-10 23:00:00,0.000000000
9000,2019-10-11 00:00:00,0.000000000
9001,2019-10-11 01:00:00,0.000000000
9002,2019-10-11 02:00:00,0.000000000
9003,2019-10-11 03:00:00,0.000000000
9004,2019-10-11 04:00:00,0.000000000
9005,2019-10-11 05:00:00,0.000000000
9006,2019-10-11 06:00:00,0.000000000
9007,2019-10-11 07:00:00,0.000000000
9008,2019-10-11 08:00:00,0.000000000
9009,2019-10-11 09:00:00,0.000000000
9010,2019-10-11 10:00:00,0.000000000
9011,2019-10-11 11:00:00,0.000000000
9012,2019-10-11 12:00:00,0.000000000
9013,2019-10-11 13:00:00,0.000000000
9014,2019-10-11 14:00:00,0.000000000
9015,2019-10-11 15:00:00,0.000000000
9016,2019-10-11 16:00:00,0.000000000
9017,2019-10-11 17:00:00,0.000000000
9018,2019-10-11 18:00:00,0.000000000
9019,2019-10-11 19:00:00,0.000000000
9020,2019-10-11 20:00:00,0.000000000
9021,2019-10-11 21:00:00,0.000000000
9022,2019-10-11 22:00:00,0.000000000
9023,2019-10-11 23:00:00,0.000000000
9024,2019-10-12 00:00:00,0.000000000
9025,2019-10-12 01:00:00,0.000000000
9026,2019-10-12 02:00:00,0.000000000
9027,2019-10-12 03:00:00,0.000000000
9028,2019-10-12 04:00:00,0.000000000
9029,2019-10-12 05:00:00,0.000000000
9030,2019-10-12 06:00:00,0.000000000
9031,2019-10-12 07:00:00,0.000000000
9032,2019-10-12 08:00:00,0.000000000
9033,2019-10-12 09:00:00,0.000000000
9034,2019-10-12 10:00:00,0.000000000
9035,2019-10-12 11:00:00,0.000000000
9036,2019-10-12 12:00:00,0.000000000
9037,2019-10-12 13:00:00,0.000000000
9038,2019-10-12 14:00:00,0.000000000
9039,2019-10-12 15:00:00,0.000000000
9040,2019-10-12 16:00:00,0.000000000
9041,2019-10-12 17:00:00,0.000000000
9042,2019-10-12 18:00:00,0.000000000
9043,2019-10-12 19:00:00,0.000000000
9044,2019-10-12 20:00:00,0.000000000
9045,2019-10-12 21:00:00,0.000000000
9046,2019-10-12 22:00:00,0.000000000
9047,2019-10-12 23:00:00,0.000000000
9048,2019-10-13 00:00:00,0.000000000
9049,2019-10-13 01:00:00,0.000000000
9050,2019-10-13 02:00:00,0.000000000
9051,2019-10-13 03:00:00,0.000000000
9052,2019-10-13 04:00:00,0.000000000
9053,2019-10-13 05:00:00,0.000000000
9054,2019-10-13 06:00:00,0.000000000
9055,2019-10-13 07:00:00,0.000000000
9056,2019-10-13 08:00:00,0.000000000
9057,2019-10-13 09:00:00,0.000000000
9058,2019-10-13 10:00:00,0.000000000
9059,2019-10-13 11:00:00,0.000000000
9060,2019-10-13 12:00:00,0.000000000
9061,2019-10-13 13:00:00,0.000000000
9062,2019-10-13 14:00:00,0.000000000
9063,2019-10-13 15:00:00,0.000000000
9064,2019-10-13 16:00:00,0.000000000
9065,2019-10-13 17:00:00,0.000000000
9066,2019-10-13 18:00:00,0.000000000
9067,2019-10-13 19:00:00,0.000000000
9068,2019-10-13 20:00:00,0.000000000
9069,2019-10-13 21:00:00,0.000000000
9070,2019-10-13 22:00:00,0.000000000
9071,2019-10-13 23:00:00,0.000000000
9072,2019-10-14 00:00:00,0.000000000
9073,2019-10-14 01:00:00,0.000000000
9074,2019-10-14 02:00:00,0.000000000
9075,2019-10-14 03:00:00,0.000000000
9076,2019-10-14 04:00:00,0.000000000
9077,2019-10-14 05:00:00,0.000000000
9078,2019-10-14 06:00:00,0.000000000
9079,2019-10-14 07:00:00,0.000000000
9080,2019-10-14 08:00:00,0.000000000
9081,2019-10-14 09:00:00,0.000000000
9082,2019-10-14 10:00:00,0.000000000
9083,2019-10-14 11:00:00,0.000000000
9084,2019-10-14 12:00:00,0.000000000
9085,2019-10-14 13:00:00,0.000000000
9086,2019-10-14 14:00:00,0.000000000
9087,2019-10-14 15:00:00,0.000000000
9088,2019-10-14 16:00:00,0.000000000
9089,2019-10-14 17:00:00,0.000000000
9090,2019-10-14 18:00:00,0.000000000
9091,2019-10-14 19:00:00,0.000000000
9092,2019-10-14 20:00:00,0.000000000
9093,2019-10-14 21:00:00,0.000000000
9094,2019-10-14 22:00:00,0.000000000
9095,2019-10-14 23:00:00,0.000000000
9096,2019-10-15 00:00:00,0.000000000
9097,2019-10-15 01:00:00,0.000000000
9098,2019-10-15 02:00:00,0.000000000
9099,2019-10-15 03:00:00,0.000000000
9100,2019-10-15 04:00:00,0.000000000
9101,2019-10-15 05:00:00,0.000000000
9102,2019-10-15 06:00:00,0.000000000
9103,2019-10-15 07:00:00,0.000000000
9104,2019-10-15 08:00:00,0.000000000
9105,2019-10-15 09:00:00,0.000000000
9106,2019-10-15 10:00:00,0.000000000
9107,2019-10-15 11:00:00,0.000000000
9108,2019-10-15 12:00:00,0.000000000
9109,2019-10-15 13:00:00,0.000000000
9110,2019-10-15 14:00:00,0.000000000
9111,2019-10-15 15:00:00,0.000000000
9112,2019-10-15 16:00:00,0.000000000
9113,2019-10-15 17:00:00,0.000000000
9114,2019-10-15 18:00:00,0.000000000
9115,2019-10-15 19:00:00,0.000000000
9116,2019-10-15 20:00:00,0.000000000
9117,2019-10-15 21:00:00,0.000000000
9118,2019-10-15 22:00:00,0.000000000
9119,2019-10-15 23:00:00,0.000000000
9120,2019-10-16 00:00:00,0.000000000
9121,2019-10-16 01:00:00,0.000000000
9122,2019-10-16 02:00:00,0.000000000
9123,2019-10-16 03:00:00,0.000000000
9124,2019-10-16 04:00:00,0.000000000
9125,2019-10-16 05:00:00,0.000000000
9126,2019-10-16 06:00:00,0.000000000
9127,2019-10-16 07:00:00,0.000000000
9128,2019-10-16 08:00:00,0.000000000
9129,2019-10-16 09:00:00,0.000000000
9130,2019-10-16 10:00:00,0.000000000
9131,2019-10-16 11:00:00,0.000000000
9132,2019-10-16 12:00:00,0.000000000
9133,2019-10-16 13:00:00,0.000000000
9134,2019-10-16 14:00:00,0.000000000
9135,2019-10-16 15:00:00,0.000000000
9136,2019-10-16 16:00:00,0.000000000
9137,2019-10-16 17:00:00,0.000000000
9138,2019-10-16 18:00:00,0.000000000
9139,2019-10-16 19:00:00,0.000000000
9140,2019-10-16 20:00:00,0.000000000
9141,2019-10-16 21:00:00,0.000000000
9142,2019-10-16 22:00:00,0.000000000
9143,2019-10-16 23:00:00,0.000000000
9144,2019-10-17 00:00:00,0.000000000
9145,2019-10-17 01:00:00,0.000000000
9146,2019-10-17 02:00:00,0.000000000
9147,2019-10-17 03:00:00,0.000000000
9148,2019-10-17 04:00:00,0.000000000
9149,2019-10-17 05:00:00,0.000000000
9150,2019-10-17 06:00:00,0.000000000
9151,2019-10-17 07:00:00,0.000000000
9152,2019-10-17 08:00:00,0.000000000
9153,2019-10-17 09:00:00,0.000000000
9154,2019-10-17 10:00:00,0.000000000
9155,2019-10-17 11:00:00,0.000000000
9156,2019-10-17 12:00:00,0.000000000
9157,2019-10-17 13:00:00,0.000000000
9158,2019-10-17 14:00:00,0.000000000
9159,2019-10-17 15:00:00,0.000000000
9160,2019-10-17 16:00:00,0.000000000
9161,2019-10-17 17:00:00,0.000000000
9162,2019-10-17 18:00:00,0.000000000
9163,2019-10-17 19:00:00,0.000000000
9164,2019-10-17 20:00:00,0.000000000
9165,2019-10-17 21:00:00,0.000000000
9166,2019-10-17 22:00:00,0.000000000
9167,2019-10-17 23:00:00,0.000000000
9168,2019-10-18 00:00:00,0.000000000
9169,2019-10-18 01:00:00,0.000000000
9170,2019-10-18 02:00:00,0.000000000
9171,2019-10-18 03:00:00,0.000000000
9172,2019-10-18 04:00:00,0.000000000
9173,2019-10-18 05:00:00,0.000000000
9174,2019-10-18 06:00:00,0.000000000
9175,2019-10-18 07:00:00,0.000000000
9176,2019-10-18 08:00:00,0.000000000
9177,2019-10-18 09:00:00,0.000000000
9178,2019-10-18 10:00:00,0.000000000
9179,2019-10-18 11:00:00,0.000000000
9180,2019-10-18 12:00:00,0.000000000
9181,2019-10-18 13:00:00,0.000000000
9182,2019-10-18 14:00:00,0.000000000
9183,2019-10-18 15:00:00,0.000000000
9184,2019-10-18 16:00:00,0.000000000
9185,2019-10-18 17:00:00,0.000865397
9186,2019-10-18 18:00:00,0.004349530
9187,2019-10-18 19:00:00,0.000846649
9188,2019-10-18 20:00:00,0.000692009
9189,2019-10-18 21:00:00,0.000466871
9190,2019-10-18 22:00:00,0.000435270
9191,2019-10-18 23:00:00,0.000283522
9192,2019-10-19 00:00:00,0.000053654
9193,2019-10-19 01:00:00,0.000040073
9194,2019-10-19 02:00:00,0.000031065
9195,2019-10-19 03:00:00,0.000030984
9196,2019-10-19 04:00:00,0.000025131
9197,2019-10-19 05:00:00,0.000030043
9198,2019-10-19 06:00:00,0.000022573
9199,2019-10-19 07:00:00,0.000013622
9200,2019-10-19 08:00:00,0.000016793
9201,2019-10-19 09:00:00,0.000024010
9202,2019-10-19 10:00:00,0.000018828
9203,2019-10-19 11:00:00,0.000015645
9204,2019-10-19 12:00:00,0.000015614
9205,2019-10-19 13:00:00,0.000010351
9206,2019-10-19 14:00:00,0.000005481
9207,2019-10-19 15:00:00,0.000007742
9208,2019-10-19 16:00:00,0.000008938
9209,2019-10-19 17:00:00,0.000011327
9210,2019-10-19 18:00:00,0.000007384
9211,2019-10-19 19:00:00,0.000014063
9212,2019-10-19 20:00:00,0.000012888
9213,2019-10-19 21:00:00,0.000009643
9214,2019-10-19 22:00:00,0.000005489
9215,2019-10-19 23:00:00,0.000002947
9216,2019-10-20 00:00:00,0.000000000
9217,2019-10-20 01:00:00,0.000000000
9218,2019-10-20 02:00:00,0.000000000
9219,2019-10-20 03:00:00,0.000000000
9220,2019-10-20 04:00:00,0.000000000
9221,2019-10-20 05:00:00,0.035443507
9222,2019-10-20 06:00:00,0.157230765
9223,2019-10-20 07:00:00,0.497355521
9224,2019-10-20 08:00:00,0.512201309
9225,2019-10-20 09:00:00,0.529386342
9226,2019-10-20 10:00:00,0.534537971
9227,2019-10-20 11:00:00,1.984997034
9228,2019-10-20 12:00:00,2.309007883
9229,2019-10-20 13:00:00,2.514001846
9230,2019-10-20 14:00:00,2.695051432
9231,2019-10-20 15:00:00,2.786385775
9232,2019-10-20 16:00:00,2.855978251
9233,2019-10-20 17:00:00,2.887243032
9234,2019-10-20 18:00:00,2.889777422
9235,2019-10-20 19:00:00,2.900377512
9236,2019-10-20 20:00:00,2.895012140
9237,2019-10-20 21:00:00,2.882629395
9238,2019-10-20 22:00:00,2.832732677
9239,2019-10-20 23:00:00,2.828810930
9240,2019-10-21 00:00:00,2.811778784
9241,2019-10-21 01:00:00,2.806545019
9242,2019-10-21 02:00:00,2.802226543
9243,2019-10-21 03:00:00,2.801175117
9244,2019-10-21 04:00:00,2.801271677
9245,2019-10-21 05:00:00,2.800078869
9246,2019-10-21 06:00:00,2.802485466
9247,2019-10-21 07:00:00,2.806502104
9248,2019-10-21 08:00:00,2.811719179
9249,2019-10-21 09:00:00,2.816663980
9250,2019-10-21 10:00:00,2.822666883
9251,2019-10-21 11:00:00,2.828521967
9252,2019-10-21 12:00:00,2.833100080
9253,2019-10-21 13:00:00,2.836325884
9254,2019-10-21 14:00:00,2.842914581
9255,2019-10-21 15:00:00,2.847972393
9256,2019-10-21 16:00:00,2.849361658
9257,2019-10-21 17:00:00,2.840969563
9258,2019-10-21 18:00:00,2.817409277
9259,2019-10-21 19:00:00,2.775566816
9260,2019-10-21 20:00:00,2.713827610
9261,2019-10-21 21:00:00,2.639553785
9262,2019-10-21 22:00:00,2.554206610
9263,2019-10-21 23:00:00,2.534293890
9264,2019-10-22 00:00:00,2.521271229
9265,2019-10-22 01:00:00,2.512855768
9266,2019-10-22 02:00:00,2.505860329
9267,2019-10-22 03:00:00,2.500790596
9268,2019-10-22 04:00:00,2.499732256
9269,2019-10-22 05:00:00,2.509646416
9270,2019-10-22 06:00:00,2.520346165
9271,2019-10-22 07:00:00,2.531091452
9272,2019-10-22 08:00:00,2.539035320
9273,2019-10-22 09:00:00,2.541615486
9274,2019-10-22 10:00:00,2.542404175
9275,2019-10-22 11:00:00,2.541800022
9276,2019-10-22 12:00:00,2.537878275
9277,2019-10-22 13:00:00,2.532735348
9278,2019-10-22 14:00:00,2.528194904
9279,2019-10-22 15:00:00,2.513245344
9280,2019-10-22 16:00:00,2.486565590
9281,2019-10-22 17:00:00,2.438384771
9282,2019-10-22 18:00:00,2.360525370
9283,2019-10-22 19:00:00,2.257498980
9284,2019-10-22 20:00:00,2.105792999
9285,2019-10-22 21:00:00,1.944284558
9286,2019-10-22 22:00:00,1.791332960
9287,2019-10-22 23:00:00,1.734093308
9288,2019-10-23 00:00:00,1.695066452
9289,2019-10-23 01:00:00,1.665145993
9290,2019-10-23 02:00:00,1.636172533
9291,2019-10-23 03:00:00,1.617436767
9292,2019-10-23 04:00:00,1.604444861
9293,2019-10-23 05:00:00,1.592446446
9294,2019-10-23 06:00:00,1.516684651
9295,2019-10-23 07:00:00,1.499997020
9296,2019-10-23 08:00:00,1.483065009
9297,2019-10-23 09:00:00,1.465365887
9298,2019-10-23 10:00:00,1.445127726
9299,2019-10-23 11:00:00,1.427227497
9300,2019-10-23 12:00:00,1.403508544
9301,2019-10-23 13:00:00,1.383708239
9302,2019-10-23 14:00:00,1.360598564
9303,2019-10-23 15:00:00,1.337347507
9304,2019-10-23 16:00:00,1.320487142
9305,2019-10-23 17:00:00,1.297790408
9306,2019-10-23 18:00:00,1.244787574
9307,2019-10-23 19:00:00,0.633949101
9308,2019-10-23 20:00:00,0.000000000
9309,2019-10-23 21:00:00,0.000000000
9310,2019-10-23 22:00:00,0.000000000
9311,2019-10-23 23:00:00,0.000000000
9312,2019-10-24 00:00:00,0.000000000
9313,2019-10-24 01:00:00,0.000000000
9314,2019-10-24 02:00:00,0.000000000
9315,2019-10-24 03:00:00,0.000000000
9316,2019-10-24 04:00:00,0.000000000
9317,2019-10-24 05:00:00,0.000000000
9318,2019-10-24 06:00:00,0.000000000
9319,2019-10-24 07:00:00,0.000000000
9320,2019-10-24 08:00:00,0.000000000
9321,2019-10-24 09:00:00,0.000000000
9322,2019-10-24 10:00:00,0.000000000
9323,2019-10-24 11:00:00,0.000000000
9324,2019-10-24 12:00:00,0.000000000
9325,2019-10-24 13:00:00,0.000000000
9326,2019-10-24 14:00:00,0.000000000
9327,2019-10-24 15:00:00,0.000000000
9328,2019-10-24 16:00:00,0.000000000
9329,2019-10-24 17:00:00,0.000000000
9330,2019-10-24 18:00:00,0.000000000
9331,2019-10-24 19:00:00,0.000000000
9332,2019-10-24 20:00:00,0.000000000
9333,2019-10-24 21:00:00,0.000000000
9334,2019-10-24 22:00:00,0.000000000
9335,2019-10-24 23:00:00,0.000000000
9336,2019-10-25 00:00:00,0.000000000
9337,2019-10-25 01:00:00,0.000000000
9338,2019-10-25 02:00:00,0.000000000
9339,2019-10-25 03:00:00,0.000000000
9340,2019-10-25 04:00:00,0.000000000
9341,2019-10-25 05:00:00,0.000000000
9342,2019-10-25 06:00:00,0.000000000
9343,2019-10-25 07:00:00,0.000000000
9344,2019-10-25 08:00:00,0.000000000
9345,2019-10-25 09:00:00,0.000000000
9346,2019-10-25 10:00:00,0.000000000
9347,2019-10-25 11:00:00,0.000000000
9348,2019-10-25 12:00:00,0.000000000
9349,2019-10-25 13:00:00,0.000000000
9350,2019-10-25 14:00:00,0.000000000
9351,2019-10-25 15:00:00,0.000000000
9352,2019-10-25 16:00:00,0.000000000
9353,2019-10-25 17:00:00,0.000000000
9354,2019-10-25 18:00:00,0.000000000
9355,2019-10-25 19:00:00,0.000000000
9356,2019-10-25 20:00:00,0.000000000
9357,2019-10-25 21:00:00,0.000000000
9358,2019-10-25 22:00:00,0.000000000
9359,2019-10-25 23:00:00,0.000000000
9360,2019-10-26 00:00:00,0.000000000
9361,2019-10-26 01:00:00,0.000000000
9362,2019-10-26 02:00:00,0.000000000
9363,2019-10-26 03:00:00,0.000000000
9364,2019-10-26 04:00:00,0.000000000
9365,2019-10-26 05:00:00,0.000000000
9366,2019-10-26 06:00:00,0.000000000
9367,2019-10-26 07:00:00,0.000000000
9368,2019-10-26 08:00:00,0.000000000
9369,2019-10-26 09:00:00,0.000000000
9370,2019-10-26 10:00:00,0.000000000
9371,2019-10-26 11:00:00,0.000000000
9372,2019-10-26 12:00:00,0.000000000
9373,2019-10-26 13:00:00,0.000000000
9374,2019-10-26 14:00:00,0.000000000
9375,2019-10-26 15:00:00,0.000000000
9376,2019-10-26 16:00:00,0.000000000
9377,2019-10-26 17:00:00,0.000000000
9378,2019-10-26 18:00:00,0.000000000
9379,2019-10-26 19:00:00,0.000000000
9380,2019-10-26 20:00:00,0.000000000
9381,2019-10-26 21:00:00,0.000000000
9382,2019-10-26 22:00:00,0.000000000
9383,2019-10-26 23:00:00,0.000000000
9384,2019-10-27 00:00:00,0.000000000
9385,2019-10-27 01:00:00,0.000000000
9386,2019-10-27 02:00:00,0.000000000
9387,2019-10-27 03:00:00,0.000000000
9388,2019-10-27 04:00:00,0.000000000
9389,2019-10-27 05:00:00,0.000000000
9390,2019-10-27 06:00:00,0.000000000
9391,2019-10-27 07:00:00,0.000000000
9392,2019-10-27 08:00:00,0.000000000
9393,2019-10-27 09:00:00,0.000000000
9394,2019-10-27 10:00:00,0.000000000
9395,2019-10-27 11:00:00,0.000000000
9396,2019-10-27 12:00:00,0.000000000
9397,2019-10-27 13:00:00,0.000000000
9398,2019-10-27 14:00:00,0.000000000
9399,2019-10-27 15:00:00,0.000000000
9400,2019-10-27 16:00:00,0.000000000
9401,2019-10-27 17:00:00,0.000000000
9402,2019-10-27 18:00:00,0.000000000
9403,2019-10-27 19:00:00,0.000000000
9404,2019-10-27 20:00:00,0.000000000
9405,2019-10-27 21:00:00,0.000000000
9406,2019-10-27 22:00:00,0.000000000
9407,2019-10-27 23:00:00,0.000000000
9408,2019-10-28 00:00:00,0.000000000
9409,2019-10-28 01:00:00,0.000000000
9410,2019-10-28 02:00:00,0.000000000
9411,2019-10-28 03:00:00,0.000000000
9412,2019-10-28 04:00:00,0.000000000
9413,2019-10-28 05:00:00,0.000000000
9414,2019-10-28 06:00:00,0.000000000
9415,2019-10-28 07:00:00,0.360998720
9416,2019-10-28 08:00:00,0.764583945
9417,2019-10-28 09:00:00,1.463602424
9418,2019-10-28 10:00:00,2.102543831
9419,2019-10-28 11:00:00,2.709396601
9420,2019-10-28 12:00:00,3.327713966
9421,2019-10-28 13:00:00,3.511617661
9422,2019-10-28 14:00:00,3.702948570
9423,2019-10-28 15:00:00,3.773721695
9424,2019-10-28 16:00:00,3.821084499
9425,2019-10-28 17:00:00,3.877198219
9426,2019-10-28 18:00:00,3.919487953
9427,2019-10-28 19:00:00,3.971128464
9428,2019-10-28 20:00:00,4.032947540
9429,2019-10-28 21:00:00,4.039781570
9430,2019-10-28 22:00:00,4.039403915
9431,2019-10-28 23:00:00,4.093391418
9432,2019-10-29 00:00:00,4.103482246
9433,2019-10-29 01:00:00,4.111837387
9434,2019-10-29 02:00:00,4.123268127
9435,2019-10-29 03:00:00,4.136044502
9436,2019-10-29 04:00:00,4.149674416
9437,2019-10-29 05:00:00,4.163042068
9438,2019-10-29 06:00:00,4.169842720
9439,2019-10-29 07:00:00,4.176681042
9440,2019-10-29 08:00:00,4.182945251
9441,2019-10-29 09:00:00,4.188629150
9442,2019-10-29 10:00:00,4.193495274
9443,2019-10-29 11:00:00,4.196855545
9444,2019-10-29 12:00:00,4.201496124
9445,2019-10-29 13:00:00,4.327905655
9446,2019-10-29 14:00:00,4.456908703
9447,2019-10-29 15:00:00,4.586650848
9448,2019-10-29 16:00:00,4.751590729
9449,2019-10-29 17:00:00,4.920113564
9450,2019-10-29 18:00:00,5.085340500
9451,2019-10-29 19:00:00,5.265628338
9452,2019-10-29 20:00:00,5.470780373
9453,2019-10-29 21:00:00,5.645847321
9454,2019-10-29 22:00:00,5.855751991
9455,2019-10-29 23:00:00,6.088262558
9456,2019-10-30 00:00:00,6.234753609
9457,2019-10-30 01:00:00,6.467793465
9458,2019-10-30 02:00:00,6.690736771
9459,2019-10-30 03:00:00,6.925065994
9460,2019-10-30 04:00:00,7.171481133
9461,2019-10-30 05:00:00,7.393389702
9462,2019-10-30 06:00:00,7.592164516
9463,2019-10-30 07:00:00,7.749306679
9464,2019-10-30 08:00:00,7.921071053
9465,2019-10-30 09:00:00,8.089469910
9466,2019-10-30 10:00:00,8.287409782
9467,2019-10-30 11:00:00,8.506811142
9468,2019-10-30 12:00:00,8.772360802
9469,2019-10-30 13:00:00,8.899949074
9470,2019-10-30 14:00:00,9.014254570
9471,2019-10-30 15:00:00,9.123718262
9472,2019-10-30 16:00:00,9.204189301
9473,2019-10-30 17:00:00,9.274472237
9474,2019-10-30 18:00:00,9.323859215
9475,2019-10-30 19:00:00,9.362491608
9476,2019-10-30 20:00:00,9.376952171
9477,2019-10-30 21:00:00,9.378868103
9478,2019-10-30 22:00:00,9.377600670
9479,2019-10-30 23:00:00,9.394269943
9480,2019-10-31 00:00:00,9.397476196
9481,2019-10-31 01:00:00,9.398500443
9482,2019-10-31 02:00:00,9.397245407
9483,2019-10-31 03:00:00,9.392079353
9484,2019-10-31 04:00:00,9.383537292
9485,2019-10-31 05:00:00,9.369722366
9486,2019-10-31 06:00:00,9.351153374
9487,2019-10-31 07:00:00,9.330803871
9488,2019-10-31 08:00:00,9.304648399
9489,2019-10-31 09:00:00,9.272887230
9490,2019-10-31 10:00:00,9.240143776
9491,2019-10-31 11:00:00,9.208724022
9492,2019-10-31 12:00:00,9.171722412
9493,2019-10-31 13:00:00,9.140596390
9494,2019-10-31 14:00:00,9.116080284
9495,2019-10-31 15:00:00,9.101613045
9496,2019-10-31 16:00:00,9.082966805
9497,2019-10-31 17:00:00,9.044227600
9498,2019-10-31 18:00:00,8.961993217
9499,2019-10-31 19:00:00,8.839342117
9500,2019-10-31 20:00:00,8.410581589
9501,2019-10-31 21:00:00,5.058967113
9502,2019-10-31 22:00:00,0.731508911
9503,2019-10-31 23:00:00,0.678089738
9504,2019-11-01 00:00:00,0.649677753
9505,2019-11-01 01:00:00,0.658982396
9506,2019-11-01 02:00:00,0.665437341
9507,2019-11-01 03:00:00,0.669682264
9508,2019-11-01 04:00:00,0.669765294
9509,2019-11-01 05:00:00,0.669628799
9510,2019-11-01 06:00:00,0.669144273
9511,2019-11-01 07:00:00,0.674842775
9512,2019-11-01 08:00:00,0.677770853
9513,2019-11-01 09:00:00,0.680277586
9514,2019-11-01 10:00:00,0.681463242
9515,2019-11-01 11:00:00,0.678623199
9516,2019-11-01 12:00:00,0.674192786
9517,2019-11-01 13:00:00,0.670535862
9518,2019-11-01 14:00:00,0.670216978
9519,2019-11-01 15:00:00,0.665589094
9520,2019-11-01 16:00:00,0.646786928
9521,2019-11-01 17:00:00,0.609413624
9522,2019-11-01 18:00:00,0.545098007
9523,2019-11-01 19:00:00,0.207810640
9524,2019-11-01 20:00:00,0.083142087
9525,2019-11-01 21:00:00,0.000000000
9526,2019-11-01 22:00:00,0.000000000
9527,2019-11-01 23:00:00,0.000000000
9528,2019-11-02 00:00:00,0.000000000
9529,2019-11-02 01:00:00,0.000000000
9530,2019-11-02 02:00:00,0.000000000
9531,2019-11-02 03:00:00,0.000000000
9532,2019-11-02 04:00:00,0.000000000
9533,2019-11-02 05:00:00,0.000000000
9534,2019-11-02 06:00:00,0.000000000
9535,2019-11-02 07:00:00,0.000000000
9536,2019-11-02 08:00:00,0.000000000
9537,2019-11-02 09:00:00,0.000000000
9538,2019-11-02 10:00:00,0.000000000
9539,2019-11-02 11:00:00,0.000000000
9540,2019-11-02 12:00:00,0.000000000
9541,2019-11-02 13:00:00,0.000000000
9542,2019-11-02 14:00:00,0.000000000
9543,2019-11-02 15:00:00,0.000000000
9544,2019-11-02 16:00:00,0.000000000
9545,2019-11-02 17:00:00,0.000000000
9546,2019-11-02 18:00:00,0.000000000
9547,2019-11-02 19:00:00,0.000000000
9548,2019-11-02 20:00:00,0.000000000
9549,2019-11-02 21:00:00,0.000000000
9550,2019-11-02 22:00:00,0.000000000
9551,2019-11-02 23:00:00,0.000000000
9552,2019-11-03 00:00:00,0.000000000
9553,2019-11-03 01:00:00,0.000000000
9554,2019-11-03 02:00:00,0.000000000
9555,2019-11-03 03:00:00,0.000000000
9556,2019-11-03 04:00:00,0.000000000
9557,2019-11-03 05:00:00,0.000000000
9558,2019-11-03 06:00:00,0.000000000
9559,2019-11-03 07:00:00,0.000000000
9560,2019-11-03 08:00:00,0.000000000
9561,2019-11-03 09:00:00,0.000000000
9562,2019-11-03 10:00:00,0.000000000
9563,2019-11-03 11:00:00,0.000000000
9564,2019-11-03 12:00:00,0.000000000
9565,2019-11-03 13:00:00,0.000000000
9566,2019-11-03 14:00:00,0.000000000
9567,2019-11-03 15:00:00,0.000000000
9568,2019-11-03 16:00:00,0.000000000
9569,2019-11-03 17:00:00,0.000000000
9570,2019-11-03 18:00:00,0.000000000
9571,2019-11-03 19:00:00,0.000000000
9572,2019-11-03 20:00:00,0.000000000
9573,2019-11-03 21:00:00,0.000000000
9574,2019-11-03 22:00:00,0.000000000
9575,2019-11-03 23:00:00,0.000000000
9576,2019-11-04 00:00:00,0.000000000
9577,2019-11-04 01:00:00,0.000000000
9578,2019-11-04 02:00:00,0.000000000
9579,2019-11-04 03:00:00,0.000000000
9580,2019-11-04 04:00:00,0.000000000
9581,2019-11-04 05:00:00,0.000000000
9582,2019-11-04 06:00:00,0.000000000
9583,2019-11-04 07:00:00,0.000000000
9584,2019-11-04 08:00:00,0.000000000
9585,2019-11-04 09:00:00,0.000000000
9586,2019-11-04 10:00:00,0.000000000
9587,2019-11-04 11:00:00,0.000000000
9588,2019-11-04 12:00:00,0.000000000
9589,2019-11-04 13:00:00,0.000000000
9590,2019-11-04 14:00:00,0.000000000
9591,2019-11-04 15:00:00,0.000000000
9592,2019-11-04 16:00:00,0.000000000
9593,2019-11-04 17:00:00,0.000000000
9594,2019-11-04 18:00:00,0.000000000
9595,2019-11-04 19:00:00,0.000000000
9596,2019-11-04 20:00:00,0.000000000
9597,2019-11-04 21:00:00,0.000000000
9598,2019-11-04 22:00:00,0.000000000
9599,2019-11-04 23:00:00,0.000000000
9600,2019-11-05 00:00:00,0.000000000
9601,2019-11-05 01:00:00,0.000000000
9602,2019-11-05 02:00:00,0.000000000
9603,2019-11-05 03:00:00,0.000000000
9604,2019-11-05 04:00:00,0.000000000
9605,2019-11-05 05:00:00,0.000000000
9606,2019-11-05 06:00:00,0.000000000
9607,2019-11-05 07:00:00,0.000000000
9608,2019-11-05 08:00:00,0.000000000
9609,2019-11-05 09:00:00,0.000000000
9610,2019-11-05 10:00:00,0.000000000
9611,2019-11-05 11:00:00,0.000000000
9612,2019-11-05 12:00:00,0.000000000
9613,2019-11-05 13:00:00,0.000000000
9614,2019-11-05 14:00:00,0.000000000
9615,2019-11-05 15:00:00,0.000000000
9616,2019-11-05 16:00:00,0.000000000
9617,2019-11-05 17:00:00,0.000000000
9618,2019-11-05 18:00:00,0.000000000
9619,2019-11-05 19:00:00,0.000000000
9620,2019-11-05 20:00:00,0.000000000
9621,2019-11-05 21:00:00,0.000000000
9622,2019-11-05 22:00:00,0.000000000
9623,2019-11-05 23:00:00,0.000000000
9624,2019-11-06 00:00:00,0.000000000
9625,2019-11-06 01:00:00,0.000000000
9626,2019-11-06 02:00:00,0.000000000
9627,2019-11-06 03:00:00,0.000000000
9628,2019-11-06 04:00:00,0.000000000
9629,2019-11-06 05:00:00,0.000000000
9630,2019-11-06 06:00:00,0.000000000
9631,2019-11-06 07:00:00,0.000000000
9632,2019-11-06 08:00:00,0.000000000
9633,2019-11-06 09:00:00,0.000000000
9634,2019-11-06 10:00:00,0.000000000
9635,2019-11-06 11:00:00,0.000000000
9636,2019-11-06 12:00:00,0.000000000
9637,2019-11-06 13:00:00,0.000000000
9638,2019-11-06 14:00:00,0.000000000
9639,2019-11-06 15:00:00,0.000000000
9640,2019-11-06 16:00:00,0.000000000
9641,2019-11-06 17:00:00,0.000000000
9642,2019-11-06 18:00:00,0.000000000
9643,2019-11-06 19:00:00,0.000000000
9644,2019-11-06 20:00:00,0.000000000
9645,2019-11-06 21:00:00,0.000000000
9646,2019-11-06 22:00:00,0.000000000
9647,2019-11-06 23:00:00,0.000000000
9648,2019-11-07 00:00:00,0.000000000
9649,2019-11-07 01:00:00,0.000000000
9650,2019-11-07 02:00:00,0.000000000
9651,2019-11-07 03:00:00,0.000000000
9652,2019-11-07 04:00:00,0.000000000
9653,2019-11-07 05:00:00,0.000000000
9654,2019-11-07 06:00:00,0.000000000
9655,2019-11-07 07:00:00,0.000000000
9656,2019-11-07 08:00:00,0.000000000
9657,2019-11-07 09:00:00,0.000000000
9658,2019-11-07 10:00:00,0.000000000
9659,2019-11-07 11:00:00,0.000000000
9660,2019-11-07 12:00:00,0.000000000
9661,2019-11-07 13:00:00,0.000000000
9662,2019-11-07 14:00:00,0.000000000
9663,2019-11-07 15:00:00,0.000000000
9664,2019-11-07 16:00:00,0.000000000
9665,2019-11-07 17:00:00,0.000000000
9666,2019-11-07 18:00:00,0.000000000
9667,2019-11-07 19:00:00,0.000000000
9668,2019-11-07 20:00:00,0.000000000
9669,2019-11-07 21:00:00,0.000000000
9670,2019-11-07 22:00:00,0.000000000
9671,2019-11-07 23:00:00,0.000000000
9672,2019-11-08 00:00:00,0.000000000
9673,2019-11-08 01:00:00,0.000000000
9674,2019-11-08 02:00:00,0.000000000
9675,2019-11-08 03:00:00,0.000000000
9676,2019-11-08 04:00:00,0.000000000
9677,2019-11-08 05:00:00,0.000000000
9678,2019-11-08 06:00:00,0.000000000
9679,2019-11-08 07:00:00,0.000000000
9680,2019-11-08 08:00:00,0.000000000
9681,2019-11-08 09:00:00,0.000000000
9682,2019-11-08 10:00:00,0.000000000
9683,2019-11-08 11:00:00,0.000000000
9684,2019-11-08 12:00:00,0.000000000
9685,2019-11-08 13:00:00,0.000000000
9686,2019-11-08 14:00:00,0.000000000
9687,2019-11-08 15:00:00,0.000000000
9688,2019-11-08 16:00:00,0.000000000
9689,2019-11-08 17:00:00,0.000000000
9690,2019-11-08 18:00:00,0.000000000
9691,2019-11-08 19:00:00,0.000000000
9692,2019-11-08 20:00:00,0.000000000
9693,2019-11-08 21:00:00,0.000000000
9694,2019-11-08 22:00:00,0.000000000
9695,2019-11-08 23:00:00,0.000000000
9696,2019-11-09 00:00:00,0.000000000
9697,2019-11-09 01:00:00,0.000000000
9698,2019-11-09 02:00:00,0.000000000
9699,2019-11-09 03:00:00,0.000000000
9700,2019-11-09 04:00:00,0.000000000
9701,2019-11-09 05:00:00,0.000000000
9702,2019-11-09 06:00:00,0.000000000
9703,2019-11-09 07:00:00,0.000000000
9704,2019-11-09 08:00:00,0.000000000
9705,2019-11-09 09:00:00,0.000000000
9706,2019-11-09 10:00:00,0.000000000
9707,2019-11-09 11:00:00,0.000000000
9708,2019-11-09 12:00:00,0.000000000
9709,2019-11-09 13:00:00,0.000000000
9710,2019-11-09 14:00:00,0.000000000
9711,2019-11-09 15:00:00,0.000000000
9712,2019-11-09 16:00:00,0.000000000
9713,2019-11-09 17:00:00,0.000000000
9714,2019-11-09 18:00:00,0.000000000
9715,2019-11-09 19:00:00,0.000000000
9716,2019-11-09 20:00:00,0.000000000
9717,2019-11-09 21:00:00,0.000000000
9718,2019-11-09 22:00:00,0.000000000
9719,2019-11-09 23:00:00,0.000000000
9720,2019-11-10 00:00:00,0.000000000
9721,2019-11-10 01:00:00,0.000000000
9722,2019-11-10 02:00:00,0.000000000
9723,2019-11-10 03:00:00,0.000000000
9724,2019-11-10 04:00:00,0.000000000
9725,2019-11-10 05:00:00,0.000000000
9726,2019-11-10 06:00:00,0.000000000
9727,2019-11-10 07:00:00,0.000000000
9728,2019-11-10 08:00:00,0.000000000
9729,2019-11-10 09:00:00,0.000000000
9730,2019-11-10 10:00:00,0.000000000
9731,2019-11-10 11:00:00,0.000000000
9732,2019-11-10 12:00:00,0.000000000
9733,2019-11-10 13:00:00,0.000000000
9734,2019-11-10 14:00:00,0.000000000
9735,2019-11-10 15:00:00,0.000000000
9736,2019-11-10 16:00:00,0.000000000
9737,2019-11-10 17:00:00,0.000000000
9738,2019-11-10 18:00:00,0.000000000
9739,2019-11-10 19:00:00,0.000000000
9740,2019-11-10 20:00:00,0.000000000
9741,2019-11-10 21:00:00,0.000000000
9742,2019-11-10 22:00:00,0.000000000
9743,2019-11-10 23:00:00,0.000000000
9744,2019-11-11 00:00:00,0.000000000
9745,2019-11-11 01:00:00,0.000000000
9746,2019-11-11 02:00:00,0.000000000
9747,2019-11-11 03:00:00,0.000000000
9748,2019-11-11 04:00:00,0.000000000
9749,2019-11-11 05:00:00,0.000000000
9750,2019-11-11 06:00:00,0.000000000
9751,2019-11-11 07:00:00,0.000000000
9752,2019-11-11 08:00:00,0.000000000
9753,2019-11-11 09:00:00,0.000000000
9754,2019-11-11 10:00:00,0.000000000
9755,2019-11-11 11:00:00,0.000000000
9756,2019-11-11 12:00:00,0.000000000
9757,2019-11-11 13:00:00,0.000000000
9758,2019-11-11 14:00:00,0.000000000
9759,2019-11-11 15:00:00,0.000000000
9760,2019-11-11 16:00:00,0.000000000
9761,2019-11-11 17:00:00,0.000000000
9762,2019-11-11 18:00:00,0.000000000
9763,2019-11-11 19:00:00,0.000000000
9764,2019-11-11 20:00:00,0.000000000
9765,2019-11-11 21:00:00,0.000000000
9766,2019-11-11 22:00:00,0.000000000
9767,2019-11-11 23:00:00,0.000000000
9768,2019-11-12 00:00:00,0.000000000
9769,2019-11-12 01:00:00,0.000000000
9770,2019-11-12 02:00:00,0.000000000
9771,2019-11-12 03:00:00,0.000000000
9772,2019-11-12 04:00:00,0.000000000
9773,2019-11-12 05:00:00,0.000000000
9774,2019-11-12 06:00:00,0.000000000
9775,2019-11-12 07:00:00,0.000000000
9776,2019-11-12 08:00:00,0.000000000
9777,2019-11-12 09:00:00,0.000000000
9778,2019-11-12 10:00:00,0.000000000
9779,2019-11-12 11:00:00,0.000000000
9780,2019-11-12 12:00:00,0.000000000
9781,2019-11-12 13:00:00,0.000000000
9782,2019-11-12 14:00:00,0.000000000
9783,2019-11-12 15:00:00,0.000000000
9784,2019-11-12 16:00:00,0.000000000
9785,2019-11-12 17:00:00,0.000000000
9786,2019-11-12 18:00:00,0.000000000
9787,2019-11-12 19:00:00,0.000000000
9788,2019-11-12 20:00:00,0.000000000
9789,2019-11-12 21:00:00,0.000000000
9790,2019-11-12 22:00:00,0.000000000
9791,2019-11-12 23:00:00,0.000000000
9792,2019-11-13 00:00:00,0.000000000
9793,2019-11-13 01:00:00,0.000000000
9794,2019-11-13 02:00:00,0.000000000
9795,2019-11-13 03:00:00,0.000000000
9796,2019-11-13 04:00:00,0.000000000
9797,2019-11-13 05:00:00,0.000000000
9798,2019-11-13 06:00:00,0.000000000
9799,2019-11-13 07:00:00,0.000000000
9800,2019-11-13 08:00:00,0.000000000
9801,2019-11-13 09:00:00,0.000000000
9802,2019-11-13 10:00:00,0.000000000
9803,2019-11-13 11:00:00,0.000000000
9804,2019-11-13 12:00:00,0.000000000
9805,2019-11-13 13:00:00,0.000000000
9806,2019-11-13 14:00:00,0.000000000
9807,2019-11-13 15:00:00,0.000000000
9808,2019-11-13 16:00:00,0.000000000
9809,2019-11-13 17:00:00,0.000000000
9810,2019-11-13 18:00:00,0.000000000
9811,2019-11-13 19:00:00,0.000000000
9812,2019-11-13 20:00:00,0.000000000
9813,2019-11-13 21:00:00,0.000000000
9814,2019-11-13 22:00:00,0.000000000
9815,2019-11-13 23:00:00,0.000000000
9816,2019-11-14 00:00:00,0.000000000
9817,2019-11-14 01:00:00,0.000000000
9818,2019-11-14 02:00:00,0.000000000
9819,2019-11-14 03:00:00,0.000000000
9820,2019-11-14 04:00:00,0.000000000
9821,2019-11-14 05:00:00,0.000000000
9822,2019-11-14 06:00:00,0.000000000
9823,2019-11-14 07:00:00,0.000000000
9824,2019-11-14 08:00:00,0.000000000
9825,2019-11-14 09:00:00,0.000000000
9826,2019-11-14 10:00:00,0.000000000
9827,2019-11-14 11:00:00,0.000000000
9828,2019-11-14 12:00:00,0.000000000
9829,2019-11-14 13:00:00,0.000000000
9830,2019-11-14 14:00:00,0.000000000
9831,2019-11-14 15:00:00,0.000000000
9832,2019-11-14 16:00:00,0.000000000
9833,2019-11-14 17:00:00,0.000000000
9834,2019-11-14 18:00:00,0.000000000
9835,2019-11-14 19:00:00,0.000000000
9836,2019-11-14 20:00:00,0.000000000
9837,2019-11-14 21:00:00,0.000000000
9838,2019-11-14 22:00:00,0.000000000
9839,2019-11-14 23:00:00,0.000000000
9840,2019-11-15 00:00:00,0.000000000
9841,2019-11-15 01:00:00,0.000000000
9842,2019-11-15 02:00:00,0.000000000
9843,2019-11-15 03:00:00,0.000000000
9844,2019-11-15 04:00:00,0.000000000
9845,2019-11-15 05:00:00,0.000000000
9846,2019-11-15 06:00:00,0.000000000
9847,2019-11-15 07:00:00,0.000000000
9848,2019-11-15 08:00:00,0.000000000
9849,2019-11-15 09:00:00,0.000000000
9850,2019-11-15 10:00:00,0.000000000
9851,2019-11-15 11:00:00,0.000000000
9852,2019-11-15 12:00:00,0.000000000
9853,2019-11-15 13:00:00,0.000000000
9854,2019-11-15 14:00:00,0.000000000
9855,2019-11-15 15:00:00,0.000000000
9856,2019-11-15 16:00:00,0.000000000
9857,2019-11-15 17:00:00,0.000000000
9858,2019-11-15 18:00:00,0.000000000
9859,2019-11-15 19:00:00,0.000000000
9860,2019-11-15 20:00:00,0.000000000
9861,2019-11-15 21:00:00,0.000000000
9862,2019-11-15 22:00:00,0.000000000
9863,2019-11-15 23:00:00,0.000000000
9864,2019-11-16 00:00:00,0.000000000
9865,2019-11-16 01:00:00,0.000000000
9866,2019-11-16 02:00:00,0.000000000
9867,2019-11-16 03:00:00,0.000000000
9868,2019-11-16 04:00:00,0.000000000
9869,2019-11-16 05:00:00,0.000000000
9870,2019-11-16 06:00:00,0.000000000
9871,2019-11-16 07:00:00,0.000000000
9872,2019-11-16 08:00:00,0.000000000
9873,2019-11-16 09:00:00,0.000000000
9874,2019-11-16 10:00:00,0.000000000
9875,2019-11-16 11:00:00,0.000000000
9876,2019-11-16 12:00:00,0.000000000
9877,2019-11-16 13:00:00,0.000000000
9878,2019-11-16 14:00:00,0.000000000
9879,2019-11-16 15:00:00,0.000000000
9880,2019-11-16 16:00:00,0.000000000
9881,2019-11-16 17:00:00,0.000000000
9882,2019-11-16 18:00:00,0.000000000
9883,2019-11-16 19:00:00,0.000000000
9884,2019-11-16 20:00:00,0.000000000
9885,2019-11-16 21:00:00,0.000000000
9886,2019-11-16 22:00:00,0.000000000
9887,2019-11-16 23:00:00,0.000000000
9888,2019-11-17 00:00:00,0.000000000
9889,2019-11-17 01:00:00,0.000000000
9890,2019-11-17 02:00:00,0.000000000
9891,2019-11-17 03:00:00,0.000000000
9892,2019-11-17 04:00:00,0.000000000
9893,2019-11-17 05:00:00,0.000000000
9894,2019-11-17 06:00:00,0.000000000
9895,2019-11-17 07:00:00,0.000000000
9896,2019-11-17 08:00:00,0.000000000
9897,2019-11-17 09:00:00,0.000000000
9898,2019-11-17 10:00:00,0.000000000
9899,2019-11-17 11:00:00,0.000000000
9900,2019-11-17 12:00:00,0.000000000
9901,2019-11-17 13:00:00,0.000000000
9902,2019-11-17 14:00:00,0.000000000
9903,2019-11-17 15:00:00,0.000000000
9904,2019-11-17 16:00:00,0.000000000
9905,2019-11-17 17:00:00,0.000000000
9906,2019-11-17 18:00:00,0.000000000
9907,2019-11-17 19:00:00,0.000000000
9908,2019-11-17 20:00:00,0.000000000
9909,2019-11-17 21:00:00,0.000000000
9910,2019-11-17 22:00:00,0.000000000
9911,2019-11-17 23:00:00,0.000000000
9912,2019-11-18 00:00:00,0.000000000
9913,2019-11-18 01:00:00,0.000000000
9914,2019-11-18 02:00:00,0.000000000
9915,2019-11-18 03:00:00,0.000000000
9916,2019-11-18 04:00:00,0.000000000
9917,2019-11-18 05:00:00,0.000000000
9918,2019-11-18 06:00:00,0.000000000
9919,2019-11-18 07:00:00,0.000000000
9920,2019-11-18 08:00:00,0.000000000
9921,2019-11-18 09:00:00,0.000000000
9922,2019-11-18 10:00:00,0.000000000
9923,2019-11-18 11:00:00,0.000000000
9924,2019-11-18 12:00:00,0.000000000
9925,2019-11-18 13:00:00,0.000000000
9926,2019-11-18 14:00:00,0.000000000
9927,2019-11-18 15:00:00,0.000000000
9928,2019-11-18 16:00:00,0.000000000
9929,2019-11-18 17:00:00,0.000000000
9930,2019-11-18 18:00:00,0.000000000
9931,2019-11-18 19:00:00,0.000000000
9932,2019-11-18 20:00:00,0.000000000
9933,2019-11-18 21:00:00,0.000000000
9934,2019-11-18 22:00:00,0.000000000
9935,2019-11-18 23:00:00,0.000000000
9936,2019-11-19 00:00:00,0.000000000
9937,2019-11-19 01:00:00,0.000000000
9938,2019-11-19 02:00:00,0.000000000
9939,2019-11-19 03:00:00,0.000000000
9940,2019-11-19 04:00:00,0.000000000
9941,2019-11-19 05:00:00,0.000000000
9942,2019-11-19 06:00:00,0.000000000
9943,2019-11-19 07:00:00,0.000000000
9944,2019-11-19 08:00:00,0.000000000
9945,2019-11-19 09:00:00,0.000000000
9946,2019-11-19 10:00:00,0.000000000
9947,2019-11-19 11:00:00,0.000000000
9948,2019-11-19 12:00:00,0.000000000
9949,2019-11-19 13:00:00,0.000000000
9950,2019-11-19 14:00:00,0.000000000
9951,2019-11-19 15:00:00,0.000000000
9952,2019-11-19 16:00:00,0.000000000
9953,2019-11-19 17:00:00,0.000000000
9954,2019-11-19 18:00:00,0.000000000
9955,2019-11-19 19:00:00,0.000000000
9956,2019-11-19 20:00:00,0.000000000
9957,2019-11-19 21:00:00,0.000000000
9958,2019-11-19 22:00:00,0.000000000
9959,2019-11-19 23:00:00,0.000000000
9960,2019-11-20 00:00:00,0.000000000
9961,2019-11-20 01:00:00,0.000000000
9962,2019-11-20 02:00:00,0.000000000
9963,2019-11-20 03:00:00,0.000000000
9964,2019-11-20 04:00:00,0.000000000
9965,2019-11-20 05:00:00,0.000000000
9966,2019-11-20 06:00:00,0.000000000
9967,2019-11-20 07:00:00,0.000000000
9968,2019-11-20 08:00:00,0.000000000
9969,2019-11-20 09:00:00,0.210191891
9970,2019-11-20 10:00:00,0.338561326
9971,2019-11-20 11:00:00,1.156254053
9972,2019-11-20 12:00:00,1.843881726
9973,2019-11-20 13:00:00,2.656575680
9974,2019-11-20 14:00:00,3.713146687
9975,2019-11-20 15:00:00,4.965569973
9976,2019-11-20 16:00:00,5.861140251
9977,2019-11-20 17:00:00,6.807493687
9978,2019-11-20 18:00:00,7.701098919
9979,2019-11-20 19:00:00,8.330710411
9980,2019-11-20 20:00:00,7.608383179
9981,2019-11-20 21:00:00,2.984433174
9982,2019-11-20 22:00:00,0.345300585
9983,2019-11-20 23:00:00,0.674608290
9984,2019-11-21 00:00:00,1.027689099
9985,2019-11-21 01:00:00,1.543749809
9986,2019-11-21 02:00:00,1.828545690
9987,2019-11-21 03:00:00,1.957360744
9988,2019-11-21 04:00:00,2.187058210
9989,2019-11-21 05:00:00,2.706788301
9990,2019-11-21 06:00:00,3.332770586
9991,2019-11-21 07:00:00,3.965790749
9992,2019-11-21 08:00:00,4.470910072
9993,2019-11-21 09:00:00,5.094878674
9994,2019-11-21 10:00:00,6.421472549
9995,2019-11-21 11:00:00,8.002485275
9996,2019-11-21 12:00:00,8.573509216
9997,2019-11-21 13:00:00,9.488937378
9998,2019-11-21 14:00:00,10.688146591
9999,2019-11-21 15:00:00,11.149484634
10000,2019-11-21 16:00:00,11.359834671
10001,2019-11-21 17:00:00,13.211038589
10002,2019-11-21 18:00:00,17.585458755
10003,2019-11-21 19:00:00,21.166128159
10004,2019-11-21 20:00:00,21.500717163
10005,2019-11-21 21:00:00,21.358858109
10006,2019-11-21 22:00:00,21.325174332
10007,2019-11-21 23:00:00,21.560306549
10008,2019-11-22 00:00:00,22.031679153
10009,2019-11-22 01:00:00,22.331895828
10010,2019-11-22 02:00:00,22.631793976
10011,2019-11-22 03:00:00,22.936635971
10012,2019-11-22 04:00:00,23.236885071
10013,2019-11-22 05:00:00,23.542741776
10014,2019-11-22 06:00:00,23.718679428
10015,2019-11-22 07:00:00,23.731544495
10016,2019-11-22 08:00:00,23.743106842
10017,2019-11-22 09:00:00,23.737848282
10018,2019-11-22 10:00:00,23.710979462
10019,2019-11-22 11:00:00,23.670593262
10020,2019-11-22 12:00:00,23.622009277
10021,2019-11-22 13:00:00,23.643569946
10022,2019-11-22 14:00:00,23.661682129
10023,2019-11-22 15:00:00,23.747196198
10024,2019-11-22 16:00:00,23.835557938
10025,2019-11-22 17:00:00,23.933076859
10026,2019-11-22 18:00:00,24.031036377
10027,2019-11-22 19:00:00,24.118511200
10028,2019-11-22 20:00:00,24.251548767
10029,2019-11-22 21:00:00,24.388763428
10030,2019-11-22 22:00:00,24.519344330
10031,2019-11-22 23:00:00,24.718507767
10032,2019-11-23 00:00:00,24.862764359
10033,2019-11-23 01:00:00,24.895692825
10034,2019-11-23 02:00:00,24.916957855
10035,2019-11-23 03:00:00,24.930795670
10036,2019-11-23 04:00:00,24.936454773
10037,2019-11-23 05:00:00,24.936502457
10038,2019-11-23 06:00:00,24.932756424
10039,2019-11-23 07:00:00,24.931341171
10040,2019-11-23 08:00:00,24.926868439
10041,2019-11-23 09:00:00,24.915094376
10042,2019-11-23 10:00:00,24.898181915
10043,2019-11-23 11:00:00,24.875970840
10044,2019-11-23 12:00:00,24.854394913
10045,2019-11-23 13:00:00,24.834609985
10046,2019-11-23 14:00:00,24.812034607
10047,2019-11-23 15:00:00,24.795782089
10048,2019-11-23 16:00:00,24.781370163
10049,2019-11-23 17:00:00,24.747732162
10050,2019-11-23 18:00:00,24.662681580
10051,2019-11-23 19:00:00,24.495412827
10052,2019-11-23 20:00:00,23.874912262
10053,2019-11-23 21:00:00,23.108791351
10054,2019-11-23 22:00:00,22.152303696
10055,2019-11-23 23:00:00,21.498277664
10056,2019-11-24 00:00:00,20.947216034
10057,2019-11-24 01:00:00,20.474689484
10058,2019-11-24 02:00:00,20.084854126
10059,2019-11-24 03:00:00,19.759794235
10060,2019-11-24 04:00:00,19.488197327
10061,2019-11-24 05:00:00,19.265113831
10062,2019-11-24 06:00:00,19.082952499
10063,2019-11-24 07:00:00,18.934354782
10064,2019-11-24 08:00:00,18.818851471
10065,2019-11-24 09:00:00,18.732368469
10066,2019-11-24 10:00:00,18.669225693
10067,2019-11-24 11:00:00,18.627454758
10068,2019-11-24 12:00:00,18.600185394
10069,2019-11-24 13:00:00,18.586000443
10070,2019-11-24 14:00:00,18.577392578
10071,2019-11-24 15:00:00,18.559391022
10072,2019-11-24 16:00:00,18.534545898
10073,2019-11-24 17:00:00,18.490560532
10074,2019-11-24 18:00:00,18.422584534
10075,2019-11-24 19:00:00,18.327625275
10076,2019-11-24 20:00:00,18.176055908
10077,2019-11-24 21:00:00,17.777202606
10078,2019-11-24 22:00:00,17.165758133
10079,2019-11-24 23:00:00,16.723157883
10080,2019-11-25 00:00:00,16.345211029
10081,2019-11-25 01:00:00,16.035724640
10082,2019-11-25 02:00:00,15.783843040
10083,2019-11-25 03:00:00,15.566639900
10084,2019-11-25 04:00:00,15.385111809
10085,2019-11-25 05:00:00,15.235401154
10086,2019-11-25 06:00:00,15.111211777
10087,2019-11-25 07:00:00,15.024169922
10088,2019-11-25 08:00:00,14.954989433
10089,2019-11-25 09:00:00,14.897361755
10090,2019-11-25 10:00:00,14.850526810
10091,2019-11-25 11:00:00,14.811872482
10092,2019-11-25 12:00:00,14.780012131
10093,2019-11-25 13:00:00,14.754265785
10094,2019-11-25 14:00:00,14.734257698
10095,2019-11-25 15:00:00,14.715174675
10096,2019-11-25 16:00:00,14.692447662
10097,2019-11-25 17:00:00,14.647516251
10098,2019-11-25 18:00:00,14.584456444
10099,2019-11-25 19:00:00,14.640883446
10100,2019-11-25 20:00:00,14.666369438
10101,2019-11-25 21:00:00,14.726152420
10102,2019-11-25 22:00:00,14.782475471
10103,2019-11-25 23:00:00,14.930883408
10104,2019-11-26 00:00:00,15.045458794
10105,2019-11-26 01:00:00,15.475548744
10106,2019-11-26 02:00:00,15.941043854
10107,2019-11-26 03:00:00,16.442264557
10108,2019-11-26 04:00:00,16.968168259
10109,2019-11-26 05:00:00,17.555118561
10110,2019-11-26 06:00:00,18.144565582
10111,2019-11-26 07:00:00,18.667062759
10112,2019-11-26 08:00:00,19.178119659
10113,2019-11-26 09:00:00,19.639089584
10114,2019-11-26 10:00:00,20.096450806
10115,2019-11-26 11:00:00,20.533889771
10116,2019-11-26 12:00:00,20.958637238
10117,2019-11-26 13:00:00,21.468547821
10118,2019-11-26 14:00:00,22.026866913
10119,2019-11-26 15:00:00,22.617626190
10120,2019-11-26 16:00:00,23.218469620
10121,2019-11-26 17:00:00,23.843044281
10122,2019-11-26 18:00:00,24.423124313
10123,2019-11-26 19:00:00,24.787212372
10124,2019-11-26 20:00:00,25.119951248
10125,2019-11-26 21:00:00,25.439701080
10126,2019-11-26 22:00:00,25.819835663
10127,2019-11-26 23:00:00,26.092718124
10128,2019-11-27 00:00:00,26.383815765
10129,2019-11-27 01:00:00,26.464008331
10130,2019-11-27 02:00:00,26.537174225
10131,2019-11-27 03:00:00,26.586610794
10132,2019-11-27 04:00:00,26.615194321
10133,2019-11-27 05:00:00,26.637685776
10134,2019-11-27 06:00:00,26.652301788
10135,2019-11-27 07:00:00,26.664047241
10136,2019-11-27 08:00:00,26.677400589
10137,2019-11-27 09:00:00,26.700641632
10138,2019-11-27 10:00:00,26.719221115
10139,2019-11-27 11:00:00,26.770915985
10140,2019-11-27 12:00:00,26.847089767
10141,2019-11-27 13:00:00,26.923629761
10142,2019-11-27 14:00:00,26.985141754
10143,2019-11-27 15:00:00,27.034004211
10144,2019-11-27 16:00:00,27.080402374
10145,2019-11-27 17:00:00,27.103292465
10146,2019-11-27 18:00:00,27.122863770
10147,2019-11-27 19:00:00,27.282274246
10148,2019-11-27 20:00:00,27.426164627
10149,2019-11-27 21:00:00,27.607437134
10150,2019-11-27 22:00:00,27.846166611
10151,2019-11-27 23:00:00,28.032674789
10152,2019-11-28 00:00:00,28.228441238
10153,2019-11-28 01:00:00,28.485040665
10154,2019-11-28 02:00:00,28.735527039
10155,2019-11-28 03:00:00,28.984498978
10156,2019-11-28 04:00:00,29.250833511
10157,2019-11-28 05:00:00,29.544948578
10158,2019-11-28 06:00:00,29.837574005
10159,2019-11-28 07:00:00,30.305500031
10160,2019-11-28 08:00:00,30.810289383
10161,2019-11-28 09:00:00,31.421089172
10162,2019-11-28 10:00:00,32.697555542
10163,2019-11-28 11:00:00,33.210342407
10164,2019-11-28 12:00:00,33.741863251
10165,2019-11-28 13:00:00,33.799976349
10166,2019-11-28 14:00:00,33.858093262
10167,2019-11-28 15:00:00,33.906715393
10168,2019-11-28 16:00:00,33.945869446
10169,2019-11-28 17:00:00,33.963531494
10170,2019-11-28 18:00:00,33.949073792
10171,2019-11-28 19:00:00,33.934707642
10172,2019-11-28 20:00:00,33.866790771
10173,2019-11-28 21:00:00,33.762256622
10174,2019-11-28 22:00:00,33.850765228
10175,2019-11-28 23:00:00,33.940414429
10176,2019-11-29 00:00:00,34.039718628
10177,2019-11-29 01:00:00,34.239830017
10178,2019-11-29 02:00:00,34.432300568
10179,2019-11-29 03:00:00,34.628414154
10180,2019-11-29 04:00:00,34.819576263
10181,2019-11-29 05:00:00,35.013633728
10182,2019-11-29 06:00:00,35.209877014
10183,2019-11-29 07:00:00,35.459407806
10184,2019-11-29 08:00:00,35.707248688
10185,2019-11-29 09:00:00,35.952674866
10186,2019-11-29 10:00:00,36.196781158
10187,2019-11-29 11:00:00,36.438964844
10188,2019-11-29 12:00:00,36.678695679
10189,2019-11-29 13:00:00,39.474582672
10190,2019-11-29 14:00:00,42.096435547
10191,2019-11-29 15:00:00,44.717311859
10192,2019-11-29 16:00:00,47.325878143
10193,2019-11-29 17:00:00,49.918537140
10194,2019-11-29 18:00:00,52.487514496
10195,2019-11-29 19:00:00,54.024913788
10196,2019-11-29 20:00:00,55.537250519
10197,2019-11-29 21:00:00,57.035427094
10198,2019-11-29 22:00:00,58.661006927
10199,2019-11-29 23:00:00,60.283428192
10200,2019-11-30 00:00:00,61.905162811
10201,2019-11-30 01:00:00,62.213333130
10202,2019-11-30 02:00:00,62.509094238
10203,2019-11-30 03:00:00,62.801517487
10204,2019-11-30 04:00:00,63.106460571
10205,2019-11-30 05:00:00,63.397991180
10206,2019-11-30 06:00:00,63.693851471
10207,2019-11-30 07:00:00,63.811954498
10208,2019-11-30 08:00:00,63.929855347
10209,2019-11-30 09:00:00,64.046051025
10210,2019-11-30 10:00:00,64.162147522
10211,2019-11-30 11:00:00,64.284072876
10212,2019-11-30 12:00:00,64.409019470
10213,2019-11-30 13:00:00,64.776115417
10214,2019-11-30 14:00:00,65.142730713
10215,2019-11-30 15:00:00,65.548645020
10216,2019-11-30 16:00:00,65.949592590
10217,2019-11-30 17:00:00,66.340835571
10218,2019-11-30 18:00:00,66.706947327
10219,2019-11-30 19:00:00,66.854499817
10220,2019-11-30 20:00:00,66.972839355
10221,2019-11-30 21:00:00,67.090133667
10222,2019-11-30 22:00:00,67.300956726
10223,2019-11-30 23:00:00,67.507316589
10224,2019-12-01 00:00:00,67.710617065
10225,2019-12-01 01:00:00,67.719543457
10226,2019-12-01 02:00:00,67.726776123
10227,2019-12-01 03:00:00,67.732345581
10228,2019-12-01 04:00:00,67.737472534
10229,2019-12-01 05:00:00,67.741539001
10230,2019-12-01 06:00:00,67.743576050
10231,2019-12-01 07:00:00,67.941574097
10232,2019-12-01 08:00:00,68.138618469
10233,2019-12-01 09:00:00,68.334877014
10234,2019-12-01 10:00:00,68.529479980
10235,2019-12-01 11:00:00,68.723579407
10236,2019-12-01 12:00:00,68.916557312
10237,2019-12-01 13:00:00,68.915679932
10238,2019-12-01 14:00:00,68.915733337
10239,2019-12-01 15:00:00,68.909812927
10240,2019-12-01 16:00:00,68.894775391
10241,2019-12-01 17:00:00,68.858566284
10242,2019-12-01 18:00:00,68.777404785
10243,2019-12-01 19:00:00,68.653900146
10244,2019-12-01 20:00:00,68.463233948
10245,2019-12-01 21:00:00,68.231040955
10246,2019-12-01 22:00:00,68.234794617
10247,2019-12-01 23:00:00,68.237739563
10248,2019-12-02 00:00:00,68.242324829
10249,2019-12-02 01:00:00,68.246665955
10250,2019-12-02 02:00:00,68.250831604
10251,2019-12-02 03:00:00,68.255187988
10252,2019-12-02 04:00:00,68.259506226
10253,2019-12-02 05:00:00,68.263854980
10254,2019-12-02 06:00:00,68.268867493
10255,2019-12-02 07:00:00,68.273483276
10256,2019-12-02 08:00:00,68.278518677
10257,2019-12-02 09:00:00,68.282920837
10258,2019-12-02 10:00:00,68.287292480
10259,2019-12-02 11:00:00,68.295463562
10260,2019-12-02 12:00:00,68.300254822
10261,2019-12-02 13:00:00,68.304931641
10262,2019-12-02 14:00:00,68.309349060
10263,2019-12-02 15:00:00,68.313529968
10264,2019-12-02 16:00:00,68.316741943
10265,2019-12-02 17:00:00,68.313537598
10266,2019-12-02 18:00:00,68.254173279
10267,2019-12-02 19:00:00,68.135093689
10268,2019-12-02 20:00:00,67.950508118
10269,2019-12-02 21:00:00,67.647064209
10270,2019-12-02 22:00:00,67.576042175
10271,2019-12-02 23:00:00,67.511764526
10272,2019-12-03 00:00:00,67.456291199
10273,2019-12-03 01:00:00,67.407081604
10274,2019-12-03 02:00:00,67.361511230
10275,2019-12-03 03:00:00,67.321540833
10276,2019-12-03 04:00:00,67.284095764
10277,2019-12-03 05:00:00,67.249725342
10278,2019-12-03 06:00:00,67.219055176
10279,2019-12-03 07:00:00,67.192291260
10280,2019-12-03 08:00:00,67.168197632
10281,2019-12-03 09:00:00,67.145278931
10282,2019-12-03 10:00:00,67.124969482
10283,2019-12-03 11:00:00,67.107185364
10284,2019-12-03 12:00:00,67.093002319
10285,2019-12-03 13:00:00,67.082351685
10286,2019-12-03 14:00:00,67.074569702
10287,2019-12-03 15:00:00,67.066307068
10288,2019-12-03 16:00:00,67.047622681
10289,2019-12-03 17:00:00,67.006217957
10290,2019-12-03 18:00:00,66.922523499
10291,2019-12-03 19:00:00,66.667381287
10292,2019-12-03 20:00:00,66.177864075
10293,2019-12-03 21:00:00,65.384765625
10294,2019-12-03 22:00:00,64.883583069
10295,2019-12-03 23:00:00,64.470489502
10296,2019-12-04 00:00:00,64.129478455
10297,2019-12-04 01:00:00,63.847366333
10298,2019-12-04 02:00:00,63.613384247
10299,2019-12-04 03:00:00,63.418487549
10300,2019-12-04 04:00:00,63.256366730
10301,2019-12-04 05:00:00,63.121257782
10302,2019-12-04 06:00:00,63.006797791
10303,2019-12-04 07:00:00,62.911064148
10304,2019-12-04 08:00:00,62.830162048
10305,2019-12-04 09:00:00,62.759674072
10306,2019-12-04 10:00:00,62.699398041
10307,2019-12-04 11:00:00,62.647445679
10308,2019-12-04 12:00:00,62.602550507
10309,2019-12-04 13:00:00,62.563804626
10310,2019-12-04 14:00:00,62.529987335
10311,2019-12-04 15:00:00,62.499637604
10312,2019-12-04 16:00:00,62.462394714
10313,2019-12-04 17:00:00,62.404956818
10314,2019-12-04 18:00:00,62.324295044
10315,2019-12-04 19:00:00,62.505390167
10316,2019-12-04 20:00:00,62.502227783
10317,2019-12-04 21:00:00,62.165466309
10318,2019-12-04 22:00:00,62.118007660
10319,2019-12-04 23:00:00,62.135799408
10320,2019-12-05 00:00:00,62.203147888
10321,2019-12-05 01:00:00,62.318386078
10322,2019-12-05 02:00:00,62.468536377
10323,2019-12-05 03:00:00,62.645275116
10324,2019-12-05 04:00:00,62.846046448
10325,2019-12-05 05:00:00,63.065032959
10326,2019-12-05 06:00:00,63.300495148
10327,2019-12-05 07:00:00,63.549743652
10328,2019-12-05 08:00:00,63.809261322
10329,2019-12-05 09:00:00,64.078384399
10330,2019-12-05 10:00:00,64.353004456
10331,2019-12-05 11:00:00,64.635810852
10332,2019-12-05 12:00:00,64.922294617
10333,2019-12-05 13:00:00,65.176322937
10334,2019-12-05 14:00:00,65.457389832
10335,2019-12-05 15:00:00,65.741966248
10336,2019-12-05 16:00:00,66.021980286
10337,2019-12-05 17:00:00,66.252403259
10338,2019-12-05 18:00:00,66.464248657
10339,2019-12-05 19:00:00,66.625602722
10340,2019-12-05 20:00:00,66.726234436
10341,2019-12-05 21:00:00,66.702690125
10342,2019-12-05 22:00:00,66.856819153
10343,2019-12-05 23:00:00,67.025321960
10344,2019-12-06 00:00:00,67.222366333
10345,2019-12-06 01:00:00,67.173454285
10346,2019-12-06 02:00:00,67.127372742
10347,2019-12-06 03:00:00,67.082656860
10348,2019-12-06 04:00:00,67.041572571
10349,2019-12-06 05:00:00,67.002716064
10350,2019-12-06 06:00:00,66.964981079
10351,2019-12-06 07:00:00,66.930511475
10352,2019-12-06 08:00:00,66.899162292
10353,2019-12-06 09:00:00,66.870285034
10354,2019-12-06 10:00:00,66.844047546
10355,2019-12-06 11:00:00,66.819770813
10356,2019-12-06 12:00:00,66.798515320
10357,2019-12-06 13:00:00,66.780479431
10358,2019-12-06 14:00:00,66.764953613
10359,2019-12-06 15:00:00,66.752777100
10360,2019-12-06 16:00:00,66.737747192
10361,2019-12-06 17:00:00,66.705131531
10362,2019-12-06 18:00:00,66.616058350
10363,2019-12-06 19:00:00,66.402534485
10364,2019-12-06 20:00:00,65.899497986
10365,2019-12-06 21:00:00,65.112655640
10366,2019-12-06 22:00:00,64.621032715
10367,2019-12-06 23:00:00,64.213966370
10368,2019-12-07 00:00:00,63.873836517
10369,2019-12-07 01:00:00,63.591186523
10370,2019-12-07 02:00:00,63.355632782
10371,2019-12-07 03:00:00,63.161144257
10372,2019-12-07 04:00:00,62.998428345
10373,2019-12-07 05:00:00,62.862983704
10374,2019-12-07 06:00:00,62.748413086
10375,2019-12-07 07:00:00,62.652046204
10376,2019-12-07 08:00:00,62.570800781
10377,2019-12-07 09:00:00,62.502155304
10378,2019-12-07 10:00:00,62.443798065
10379,2019-12-07 11:00:00,62.394096375
10380,2019-12-07 12:00:00,62.351333618
10381,2019-12-07 13:00:00,62.315517426
10382,2019-12-07 14:00:00,62.284481049
10383,2019-12-07 15:00:00,62.256477356
10384,2019-12-07 16:00:00,62.229862213
10385,2019-12-07 17:00:00,62.195587158
10386,2019-12-07 18:00:00,62.113002777
10387,2019-12-07 19:00:00,61.979583740
10388,2019-12-07 20:00:00,61.767631531
10389,2019-12-07 21:00:00,61.116119385
10390,2019-12-07 22:00:00,60.751628876
10391,2019-12-07 23:00:00,60.452919006
10392,2019-12-08 00:00:00,60.203067780
10393,2019-12-08 01:00:00,60.501098633
10394,2019-12-08 02:00:00,60.831279755
10395,2019-12-08 03:00:00,61.187461853
10396,2019-12-08 04:00:00,61.568378448
10397,2019-12-08 05:00:00,61.969711304
10398,2019-12-08 06:00:00,62.386894226
10399,2019-12-08 07:00:00,63.509857178
10400,2019-12-08 08:00:00,64.589607239
10401,2019-12-08 09:00:00,65.683883667
10402,2019-12-08 10:00:00,66.813842773
10403,2019-12-08 11:00:00,67.956039429
10404,2019-12-08 12:00:00,69.099937439
10405,2019-12-08 13:00:00,70.418029785
10406,2019-12-08 14:00:00,71.736862183
10407,2019-12-08 15:00:00,73.203590393
10408,2019-12-08 16:00:00,74.661987305
10409,2019-12-08 17:00:00,76.099906921
10410,2019-12-08 18:00:00,77.516609192
10411,2019-12-08 19:00:00,78.597930908
10412,2019-12-08 20:00:00,79.517326355
10413,2019-12-08 21:00:00,80.413948059
10414,2019-12-08 22:00:00,81.487373352
10415,2019-12-08 23:00:00,82.555099487
10416,2019-12-09 00:00:00,83.626228333
10417,2019-12-09 01:00:00,84.204322815
10418,2019-12-09 02:00:00,84.778869629
10419,2019-12-09 03:00:00,85.357780457
10420,2019-12-09 04:00:00,85.934539795
10421,2019-12-09 05:00:00,86.507308960
10422,2019-12-09 06:00:00,87.081115723
10423,2019-12-09 07:00:00,87.386421204
10424,2019-12-09 08:00:00,87.697654724
10425,2019-12-09 09:00:00,88.007881165
10426,2019-12-09 10:00:00,88.311614990
10427,2019-12-09 11:00:00,88.618324280
10428,2019-12-09 12:00:00,88.925788879
10429,2019-12-09 13:00:00,88.936645508
10430,2019-12-09 14:00:00,88.947341919
10431,2019-12-09 15:00:00,88.955970764
10432,2019-12-09 16:00:00,88.959289551
10433,2019-12-09 17:00:00,88.947761536
10434,2019-12-09 18:00:00,88.904235840
10435,2019-12-09 19:00:00,88.824966431
10436,2019-12-09 20:00:00,88.688659668
10437,2019-12-09 21:00:00,88.549133301
10438,2019-12-09 22:00:00,88.563812256
10439,2019-12-09 23:00:00,88.577392578
10440,2019-12-10 00:00:00,88.592285156
10441,2019-12-10 01:00:00,88.603820801
10442,2019-12-10 02:00:00,88.614120483
10443,2019-12-10 03:00:00,88.620819092
10444,2019-12-10 04:00:00,88.622039795
10445,2019-12-10 05:00:00,88.620277405
10446,2019-12-10 06:00:00,88.619064331
10447,2019-12-10 07:00:00,88.622863770
10448,2019-12-10 08:00:00,88.623977661
10449,2019-12-10 09:00:00,88.624664307
10450,2019-12-10 10:00:00,88.624908447
10451,2019-12-10 11:00:00,88.627655029
10452,2019-12-10 12:00:00,88.631072998
10453,2019-12-10 13:00:00,88.635795593
10454,2019-12-10 14:00:00,88.641311646
10455,2019-12-10 15:00:00,88.644714355
10456,2019-12-10 16:00:00,88.640899658
10457,2019-12-10 17:00:00,88.619140625
10458,2019-12-10 18:00:00,88.559654236
10459,2019-12-10 19:00:00,88.459770203
10460,2019-12-10 20:00:00,88.210464478
10461,2019-12-10 21:00:00,87.857994080
10462,2019-12-10 22:00:00,87.695831299
10463,2019-12-10 23:00:00,87.556640625
10464,2019-12-11 00:00:00,87.434318542
10465,2019-12-11 01:00:00,87.326873779
10466,2019-12-11 02:00:00,87.233963013
10467,2019-12-11 03:00:00,87.151489258
10468,2019-12-11 04:00:00,87.078079224
10469,2019-12-11 05:00:00,87.012557983
10470,2019-12-11 06:00:00,86.953994751
10471,2019-12-11 07:00:00,86.901603699
10472,2019-12-11 08:00:00,86.853164673
10473,2019-12-11 09:00:00,86.808441162
10474,2019-12-11 10:00:00,86.767341614
10475,2019-12-11 11:00:00,86.728965759
10476,2019-12-11 12:00:00,86.693855286
10477,2019-12-11 13:00:00,86.661422729
10478,2019-12-11 14:00:00,86.630256653
10479,2019-12-11 15:00:00,86.600601196
10480,2019-12-11 16:00:00,86.571952820
10481,2019-12-11 17:00:00,86.540695190
10482,2019-12-11 18:00:00,86.456359863
10483,2019-12-11 19:00:00,86.317245483
10484,2019-12-11 20:00:00,86.115768433
10485,2019-12-11 21:00:00,85.689163208
10486,2019-12-11 22:00:00,85.499359131
10487,2019-12-11 23:00:00,85.339523315
10488,2019-12-12 00:00:00,85.205856323
10489,2019-12-12 01:00:00,85.095268250
10490,2019-12-12 02:00:00,85.001365662
10491,2019-12-12 03:00:00,84.922119141
10492,2019-12-12 04:00:00,84.853706360
10493,2019-12-12 05:00:00,84.796524048
10494,2019-12-12 06:00:00,84.748649597
10495,2019-12-12 07:00:00,84.708160400
10496,2019-12-12 08:00:00,84.673553467
10497,2019-12-12 09:00:00,84.643058777
10498,2019-12-12 10:00:00,84.616233826
10499,2019-12-12 11:00:00,84.592430115
10500,2019-12-12 12:00:00,84.571968079
10501,2019-12-12 13:00:00,84.555816650
10502,2019-12-12 14:00:00,84.542579651
10503,2019-12-12 15:00:00,84.527366638
10504,2019-12-12 16:00:00,84.509963989
10505,2019-12-12 17:00:00,84.475021362
10506,2019-12-12 18:00:00,84.397926331
10507,2019-12-12 19:00:00,84.780067444
10508,2019-12-12 20:00:00,85.088630676
10509,2019-12-12 21:00:00,84.969635010
10510,2019-12-12 22:00:00,85.122261047
10511,2019-12-12 23:00:00,85.332397461
10512,2019-12-13 00:00:00,85.595382690
10513,2019-12-13 01:00:00,85.701034546
10514,2019-12-13 02:00:00,85.743171692
10515,2019-12-13 03:00:00,85.881011963
10516,2019-12-13 04:00:00,85.972778320
10517,2019-12-13 05:00:00,86.155822754
10518,2019-12-13 06:00:00,86.283683777
10519,2019-12-13 07:00:00,86.504425049
10520,2019-12-13 08:00:00,86.757507324
10521,2019-12-13 09:00:00,86.984367371
10522,2019-12-13 10:00:00,87.251945496
10523,2019-12-13 11:00:00,87.521713257
10524,2019-12-13 12:00:00,87.808410645
10525,2019-12-13 13:00:00,87.945358276
10526,2019-12-13 14:00:00,88.085853577
10527,2019-12-13 15:00:00,88.225959778
10528,2019-12-13 16:00:00,88.357803345
10529,2019-12-13 17:00:00,88.474693298
10530,2019-12-13 18:00:00,88.564872742
10531,2019-12-13 19:00:00,88.795425415
10532,2019-12-13 20:00:00,88.976943970
10533,2019-12-13 21:00:00,89.148918152
10534,2019-12-13 22:00:00,89.469985962
10535,2019-12-13 23:00:00,89.789115906
10536,2019-12-14 00:00:00,90.105697632
10537,2019-12-14 01:00:00,90.200416565
10538,2019-12-14 02:00:00,90.293937683
10539,2019-12-14 03:00:00,90.384475708
10540,2019-12-14 04:00:00,90.477905273
10541,2019-12-14 05:00:00,90.573341370
10542,2019-12-14 06:00:00,90.670494080
10543,2019-12-14 07:00:00,90.815902710
10544,2019-12-14 08:00:00,90.957824707
10545,2019-12-14 09:00:00,91.099822998
10546,2019-12-14 10:00:00,91.242073059
10547,2019-12-14 11:00:00,91.383445740
10548,2019-12-14 12:00:00,91.524841309
10549,2019-12-14 13:00:00,91.658569336
10550,2019-12-14 14:00:00,91.791313171
10551,2019-12-14 15:00:00,91.917579651
10552,2019-12-14 16:00:00,92.033653259
10553,2019-12-14 17:00:00,92.136444092
10554,2019-12-14 18:00:00,92.204139709
10555,2019-12-14 19:00:00,92.572967529
10556,2019-12-14 20:00:00,92.895004272
10557,2019-12-14 21:00:00,92.943450928
10558,2019-12-14 22:00:00,93.197799683
10559,2019-12-14 23:00:00,93.487174988
10560,2019-12-15 00:00:00,93.808296204
10561,2019-12-15 01:00:00,93.821060181
10562,2019-12-15 02:00:00,93.855888367
10563,2019-12-15 03:00:00,93.900962830
10564,2019-12-15 04:00:00,93.958351135
10565,2019-12-15 05:00:00,94.025085449
10566,2019-12-15 06:00:00,94.070930481
10567,2019-12-15 07:00:00,94.123542786
10568,2019-12-15 08:00:00,94.181610107
10569,2019-12-15 09:00:00,94.244499207
10570,2019-12-15 10:00:00,94.311637878
10571,2019-12-15 11:00:00,94.381866455
10572,2019-12-15 12:00:00,94.455055237
10573,2019-12-15 13:00:00,95.192085266
10574,2019-12-15 14:00:00,95.941528320
10575,2019-12-15 15:00:00,96.563079834
10576,2019-12-15 16:00:00,97.185546875
10577,2019-12-15 17:00:00,97.803001404
10578,2019-12-15 18:00:00,98.392295837
10579,2019-12-15 19:00:00,99.269531250
10580,2019-12-15 20:00:00,100.117805481
10581,2019-12-15 21:00:00,100.934150696
10582,2019-12-15 22:00:00,101.887611389
10583,2019-12-15 23:00:00,102.838752747
10584,2019-12-16 00:00:00,103.765274048
10585,2019-12-16 01:00:00,104.371032715
10586,2019-12-16 02:00:00,104.979454041
10587,2019-12-16 03:00:00,105.587760925
10588,2019-12-16 04:00:00,106.194526672
10589,2019-12-16 05:00:00,106.801376343
10590,2019-12-16 06:00:00,107.408332825
10591,2019-12-16 07:00:00,107.415168762
10592,2019-12-16 08:00:00,107.420562744
10593,2019-12-16 09:00:00,107.424919128
10594,2019-12-16 10:00:00,107.430442810
10595,2019-12-16 11:00:00,107.434654236
10596,2019-12-16 12:00:00,107.438804626
10597,2019-12-16 13:00:00,107.442176819
10598,2019-12-16 14:00:00,107.445564270
10599,2019-12-16 15:00:00,107.448608398
10600,2019-12-16 16:00:00,107.446472168
10601,2019-12-16 17:00:00,107.437828064
10602,2019-12-16 18:00:00,107.413734436
10603,2019-12-16 19:00:00,107.364158630
10604,2019-12-16 20:00:00,107.284919739
10605,2019-12-16 21:00:00,107.189315796
10606,2019-12-16 22:00:00,107.194419861
10607,2019-12-16 23:00:00,107.199165344
10608,2019-12-17 00:00:00,107.205482483
10609,2019-12-17 01:00:00,107.211448669
10610,2019-12-17 02:00:00,107.217826843
10611,2019-12-17 03:00:00,107.220214844
10612,2019-12-17 04:00:00,107.217788696
10613,2019-12-17 05:00:00,107.211990356
10614,2019-12-17 06:00:00,107.202247620
10615,2019-12-17 07:00:00,107.190177917
10616,2019-12-17 08:00:00,107.175460815
10617,2019-12-17 09:00:00,107.156547546
10618,2019-12-17 10:00:00,107.136207581
10619,2019-12-17 11:00:00,107.114791870
10620,2019-12-17 12:00:00,107.092430115
10621,2019-12-17 13:00:00,107.067878723
10622,2019-12-17 14:00:00,107.041259766
10623,2019-12-17 15:00:00,107.008331299
10624,2019-12-17 16:00:00,106.967033386
10625,2019-12-17 17:00:00,106.918022156
10626,2019-12-17 18:00:00,106.847785950
10627,2019-12-17 19:00:00,106.745368958
10628,2019-12-17 20:00:00,106.597869873
10629,2019-12-17 21:00:00,106.436393738
10630,2019-12-17 22:00:00,106.422370911
10631,2019-12-17 23:00:00,106.407028198
10632,2019-12-18 00:00:00,106.391204834
10633,2019-12-18 01:00:00,106.374847412
10634,2019-12-18 02:00:00,106.358543396
10635,2019-12-18 03:00:00,106.341934204
10636,2019-12-18 04:00:00,106.324645996
10637,2019-12-18 05:00:00,106.305564880
10638,2019-12-18 06:00:00,106.287742615
10639,2019-12-18 07:00:00,106.271934509
10640,2019-12-18 08:00:00,106.256179810
10641,2019-12-18 09:00:00,106.241165161
10642,2019-12-18 10:00:00,106.226577759
10643,2019-12-18 11:00:00,106.210685730
10644,2019-12-18 12:00:00,106.195106506
10645,2019-12-18 13:00:00,106.179611206
10646,2019-12-18 14:00:00,106.164291382
10647,2019-12-18 15:00:00,106.148834229
10648,2019-12-18 16:00:00,106.133300781
10649,2019-12-18 17:00:00,106.114257812
10650,2019-12-18 18:00:00,106.043380737
10651,2019-12-18 19:00:00,105.913703918
10652,2019-12-18 20:00:00,105.724014282
10653,2019-12-18 21:00:00,105.528465271
10654,2019-12-18 22:00:00,105.529083252
10655,2019-12-18 23:00:00,105.524063110
10656,2019-12-19 00:00:00,105.515419006
10657,2019-12-19 01:00:00,105.505187988
10658,2019-12-19 02:00:00,105.492202759
10659,2019-12-19 03:00:00,105.478958130
10660,2019-12-19 04:00:00,105.464889526
10661,2019-12-19 05:00:00,105.449913025
10662,2019-12-19 06:00:00,105.434570312
10663,2019-12-19 07:00:00,105.421302795
10664,2019-12-19 08:00:00,105.408607483
10665,2019-12-19 09:00:00,105.394454956
10666,2019-12-19 10:00:00,105.379867554
10667,2019-12-19 11:00:00,105.365005493
10668,2019-12-19 12:00:00,105.349678040
10669,2019-12-19 13:00:00,105.335144043
10670,2019-12-19 14:00:00,105.320709229
10671,2019-12-19 15:00:00,105.306327820
10672,2019-12-19 16:00:00,105.291969299
10673,2019-12-19 17:00:00,105.274917603
10674,2019-12-19 18:00:00,105.216957092
10675,2019-12-19 19:00:00,105.104064941
10676,2019-12-19 20:00:00,104.931190491
10677,2019-12-19 21:00:00,104.761535645
10678,2019-12-19 22:00:00,104.752975464
10679,2019-12-19 23:00:00,104.742500305
10680,2019-12-20 00:00:00,104.730354309
10681,2019-12-20 01:00:00,104.717796326
10682,2019-12-20 02:00:00,104.706161499
10683,2019-12-20 03:00:00,104.692672729
10684,2019-12-20 04:00:00,104.682121277
10685,2019-12-20 05:00:00,104.672279358
10686,2019-12-20 06:00:00,104.660293579
10687,2019-12-20 07:00:00,104.649978638
10688,2019-12-20 08:00:00,104.639579773
10689,2019-12-20 09:00:00,104.627662659
10690,2019-12-20 10:00:00,104.618896484
10691,2019-12-20 11:00:00,104.604034424
10692,2019-12-20 12:00:00,104.597160339
10693,2019-12-20 13:00:00,104.585449219
10694,2019-12-20 14:00:00,104.574043274
10695,2019-12-20 15:00:00,104.557929993
10696,2019-12-20 16:00:00,104.528343201
10697,2019-12-20 17:00:00,104.481719971
10698,2019-12-20 18:00:00,104.404495239
10699,2019-12-20 19:00:00,104.287414551
10700,2019-12-20 20:00:00,104.108383179
10701,2019-12-20 21:00:00,103.912704468
10702,2019-12-20 22:00:00,103.902717590
10703,2019-12-20 23:00:00,103.895950317
10704,2019-12-21 00:00:00,103.885986328
10705,2019-12-21 01:00:00,103.876281738
10706,2019-12-21 02:00:00,103.865982056
10707,2019-12-21 03:00:00,103.855911255
10708,2019-12-21 04:00:00,103.847610474
10709,2019-12-21 05:00:00,103.841064453
10710,2019-12-21 06:00:00,103.835479736
10711,2019-12-21 07:00:00,103.828201294
10712,2019-12-21 08:00:00,103.821823120
10713,2019-12-21 09:00:00,103.815452576
10714,2019-12-21 10:00:00,103.808486938
10715,2019-12-21 11:00:00,103.801849365
10716,2019-12-21 12:00:00,103.794914246
10717,2019-12-21 13:00:00,103.787307739
10718,2019-12-21 14:00:00,103.778938293
10719,2019-12-21 15:00:00,103.770927429
10720,2019-12-21 16:00:00,103.759819031
10721,2019-12-21 17:00:00,103.744285583
10722,2019-12-21 18:00:00,103.661804199
10723,2019-12-21 19:00:00,103.510284424
10724,2019-12-21 20:00:00,102.827217102
10725,2019-12-21 21:00:00,102.041336060
10726,2019-12-21 22:00:00,101.595458984
10727,2019-12-21 23:00:00,101.230079651
10728,2019-12-22 00:00:00,100.929870605
10729,2019-12-22 01:00:00,100.682182312
10730,2019-12-22 02:00:00,100.478424072
10731,2019-12-22 03:00:00,100.310615540
10732,2019-12-22 04:00:00,100.172599792
10733,2019-12-22 05:00:00,100.059654236
10734,2019-12-22 06:00:00,99.966949463
10735,2019-12-22 07:00:00,99.891120911
10736,2019-12-22 08:00:00,99.829109192
10737,2019-12-22 09:00:00,99.778434753
10738,2019-12-22 10:00:00,99.737144470
10739,2019-12-22 11:00:00,99.703277588
10740,2019-12-22 12:00:00,99.675079346
10741,2019-12-22 13:00:00,99.652267456
10742,2019-12-22 14:00:00,99.635597229
10743,2019-12-22 15:00:00,99.625411987
10744,2019-12-22 16:00:00,99.620468140
10745,2019-12-22 17:00:00,99.612411499
10746,2019-12-22 18:00:00,99.542861938
10747,2019-12-22 19:00:00,99.407676697
10748,2019-12-22 20:00:00,99.210937500
10749,2019-12-22 21:00:00,98.879570007
10750,2019-12-22 22:00:00,98.792671204
10751,2019-12-22 23:00:00,98.719093323
10752,2019-12-23 00:00:00,98.657028198
10753,2019-12-23 01:00:00,98.602508545
10754,2019-12-23 02:00:00,98.558288574
10755,2019-12-23 03:00:00,98.522171021
10756,2019-12-23 04:00:00,98.492454529
10757,2019-12-23 05:00:00,98.467834473
10758,2019-12-23 06:00:00,98.447380066
10759,2019-12-23 07:00:00,98.429450989
10760,2019-12-23 08:00:00,98.414810181
10761,2019-12-23 09:00:00,98.403556824
10762,2019-12-23 10:00:00,98.394470215
10763,2019-12-23 11:00:00,98.386062622
10764,2019-12-23 12:00:00,98.378814697
10765,2019-12-23 13:00:00,98.372947693
10766,2019-12-23 14:00:00,98.368331909
10767,2019-12-23 15:00:00,98.364158630
10768,2019-12-23 16:00:00,98.359825134
10769,2019-12-23 17:00:00,98.349517822
10770,2019-12-23 18:00:00,98.274787903
10771,2019-12-23 19:00:00,98.133590698
10772,2019-12-23 20:00:00,97.918472290
10773,2019-12-23 21:00:00,97.198402405
10774,2019-12-23 22:00:00,96.817306519
10775,2019-12-23 23:00:00,96.503639221
10776,2019-12-24 00:00:00,96.245780945
10777,2019-12-24 01:00:00,96.033874512
10778,2019-12-24 02:00:00,95.858665466
10779,2019-12-24 03:00:00,95.714157104
10780,2019-12-24 04:00:00,95.606346130
10781,2019-12-24 05:00:00,95.512687683
10782,2019-12-24 06:00:00,95.441169739
10783,2019-12-24 07:00:00,95.378883362
10784,2019-12-24 08:00:00,95.328475952
10785,2019-12-24 09:00:00,95.286407471
10786,2019-12-24 10:00:00,95.266044617
10787,2019-12-24 11:00:00,95.240600586
10788,2019-12-24 12:00:00,95.221832275
10789,2019-12-24 13:00:00,96.201866150
10790,2019-12-24 14:00:00,97.185333252
10791,2019-12-24 15:00:00,98.172019958
10792,2019-12-24 16:00:00,99.162147522
10793,2019-12-24 17:00:00,100.143257141
10794,2019-12-24 18:00:00,101.086853027
10795,2019-12-24 19:00:00,101.985786438
10796,2019-12-24 20:00:00,102.833953857
10797,2019-12-24 21:00:00,103.555580139
10798,2019-12-24 22:00:00,104.491546631
10799,2019-12-24 23:00:00,105.439590454
10800,2019-12-25 00:00:00,106.407035828
10801,2019-12-25 01:00:00,107.132331848
10802,2019-12-25 02:00:00,107.867774963
10803,2019-12-25 03:00:00,108.609199524
10804,2019-12-25 04:00:00,109.360557556
10805,2019-12-25 05:00:00,110.112907410
10806,2019-12-25 06:00:00,110.862976074
10807,2019-12-25 07:00:00,111.222579956
10808,2019-12-25 08:00:00,111.577049255
10809,2019-12-25 09:00:00,111.933914185
10810,2019-12-25 10:00:00,112.289947510
10811,2019-12-25 11:00:00,112.644042969
10812,2019-12-25 12:00:00,112.997695923
10813,2019-12-25 13:00:00,113.831275940
10814,2019-12-25 14:00:00,114.663330078
10815,2019-12-25 15:00:00,115.490394592
10816,2019-12-25 16:00:00,116.311531067
10817,2019-12-25 17:00:00,117.119720459
10818,2019-12-25 18:00:00,117.905395508
10819,2019-12-25 19:00:00,118.143310547
10820,2019-12-25 20:00:00,118.337127686
10821,2019-12-25 21:00:00,118.519981384
10822,2019-12-25 22:00:00,118.832641602
10823,2019-12-25 23:00:00,119.143600464
10824,2019-12-26 00:00:00,119.453857422
10825,2019-12-26 01:00:00,119.458366394
10826,2019-12-26 02:00:00,119.462379456
10827,2019-12-26 03:00:00,119.465438843
10828,2019-12-26 04:00:00,119.468513489
10829,2019-12-26 05:00:00,119.473365784
10830,2019-12-26 06:00:00,119.478103638
10831,2019-12-26 07:00:00,119.877853394
10832,2019-12-26 08:00:00,120.277557373
10833,2019-12-26 09:00:00,120.678169250
10834,2019-12-26 10:00:00,121.080047607
10835,2019-12-26 11:00:00,121.481597900
10836,2019-12-26 12:00:00,121.882347107
10837,2019-12-26 13:00:00,121.885856628
10838,2019-12-26 14:00:00,121.889144897
10839,2019-12-26 15:00:00,121.891998291
10840,2019-12-26 16:00:00,121.894027710
10841,2019-12-26 17:00:00,121.889556885
10842,2019-12-26 18:00:00,121.848251343
10843,2019-12-26 19:00:00,121.840415955
10844,2019-12-26 20:00:00,121.764488220
10845,2019-12-26 21:00:00,121.673011780
10846,2019-12-26 22:00:00,121.750312805
10847,2019-12-26 23:00:00,121.827865601
10848,2019-12-27 00:00:00,121.904273987
10849,2019-12-27 01:00:00,122.295104980
10850,2019-12-27 02:00:00,122.685668945
10851,2019-12-27 03:00:00,123.077316284
10852,2019-12-27 04:00:00,123.470855713
10853,2019-12-27 05:00:00,123.865638733
10854,2019-12-27 06:00:00,124.259185791
10855,2019-12-27 07:00:00,124.693405151
10856,2019-12-27 08:00:00,125.128059387
10857,2019-12-27 09:00:00,125.559661865
10858,2019-12-27 10:00:00,125.987434387
10859,2019-12-27 11:00:00,126.419227600
10860,2019-12-27 12:00:00,126.850959778
10861,2019-12-27 13:00:00,128.271102905
10862,2019-12-27 14:00:00,129.689559937
10863,2019-12-27 15:00:00,131.105880737
10864,2019-12-27 16:00:00,132.514816284
10865,2019-12-27 17:00:00,133.905059814
10866,2019-12-27 18:00:00,135.273635864
10867,2019-12-27 19:00:00,137.180343628
10868,2019-12-27 20:00:00,139.034454346
10869,2019-12-27 21:00:00,140.909545898
10870,2019-12-27 22:00:00,142.908081055
10871,2019-12-27 23:00:00,144.898849487
10872,2019-12-28 00:00:00,146.896896362
10873,2019-12-28 01:00:00,147.405120850
10874,2019-12-28 02:00:00,147.911300659
10875,2019-12-28 03:00:00,148.415496826
10876,2019-12-28 04:00:00,148.915634155
10877,2019-12-28 05:00:00,149.417251587
10878,2019-12-28 06:00:00,149.921447754
10879,2019-12-28 07:00:00,150.126480103
10880,2019-12-28 08:00:00,150.432891846
10881,2019-12-28 09:00:00,150.637634277
10882,2019-12-28 10:00:00,150.842773438
10883,2019-12-28 11:00:00,151.131759644
10884,2019-12-28 12:00:00,151.336425781
10885,2019-12-28 13:00:00,151.342437744
10886,2019-12-28 14:00:00,151.348068237
10887,2019-12-28 15:00:00,151.352325439
10888,2019-12-28 16:00:00,151.354492188
10889,2019-12-28 17:00:00,151.346527100
10890,2019-12-28 18:00:00,151.312255859
10891,2019-12-28 19:00:00,151.238983154
10892,2019-12-28 20:00:00,151.104278564
10893,2019-12-28 21:00:00,150.968841553
10894,2019-12-28 22:00:00,150.974914551
10895,2019-12-28 23:00:00,150.980773926
10896,2019-12-29 00:00:00,150.986938477
10897,2019-12-29 01:00:00,150.991394043
10898,2019-12-29 02:00:00,150.995147705
10899,2019-12-29 03:00:00,150.999679565
10900,2019-12-29 04:00:00,151.003829956
10901,2019-12-29 05:00:00,151.007873535
10902,2019-12-29 06:00:00,151.013214111
10903,2019-12-29 07:00:00,151.018966675
10904,2019-12-29 08:00:00,151.024520874
10905,2019-12-29 09:00:00,151.030578613
10906,2019-12-29 10:00:00,151.036163330
10907,2019-12-29 11:00:00,151.041748047
10908,2019-12-29 12:00:00,151.046630859
10909,2019-12-29 13:00:00,151.051055908
10910,2019-12-29 14:00:00,151.055541992
10911,2019-12-29 15:00:00,151.059753418
10912,2019-12-29 16:00:00,151.060272217
10913,2019-12-29 17:00:00,151.053649902
10914,2019-12-29 18:00:00,151.030670166
10915,2019-12-29 19:00:00,150.978485107
10916,2019-12-29 20:00:00,150.887466431
10917,2019-12-29 21:00:00,150.791000366
10918,2019-12-29 22:00:00,150.798141479
10919,2019-12-29 23:00:00,150.804687500
10920,2019-12-30 00:00:00,150.811248779
10921,2019-12-30 01:00:00,150.816253662
10922,2019-12-30 02:00:00,150.819885254
10923,2019-12-30 03:00:00,150.822570801
10924,2019-12-30 04:00:00,150.823577881
10925,2019-12-30 05:00:00,150.824310303
10926,2019-12-30 06:00:00,150.824462891
10927,2019-12-30 07:00:00,150.827346802
10928,2019-12-30 08:00:00,150.829406738
10929,2019-12-30 09:00:00,150.832046509
10930,2019-12-30 10:00:00,150.833343506
10931,2019-12-30 11:00:00,150.837097168
10932,2019-12-30 12:00:00,150.837234497
10933,2019-12-30 13:00:00,150.839263916
10934,2019-12-30 14:00:00,150.843978882
10935,2019-12-30 15:00:00,150.846786499
10936,2019-12-30 16:00:00,150.839294434
10937,2019-12-30 17:00:00,150.820693970
10938,2019-12-30 18:00:00,150.767333984
10939,2019-12-30 19:00:00,150.678710938
10940,2019-12-30 20:00:00,150.522338867
10941,2019-12-30 21:00:00,150.354522705
10942,2019-12-30 22:00:00,150.360412598
10943,2019-12-30 23:00:00,150.360977173
10944,2019-12-31 00:00:00,150.364929199
10945,2019-12-31 01:00:00,150.368682861
10946,2019-12-31 02:00:00,150.373092651
10947,2019-12-31 03:00:00,150.377990723
10948,2019-12-31 04:00:00,150.384246826
10949,2019-12-31 05:00:00,150.391448975
10950,2019-12-31 06:00:00,150.396255493
10951,2019-12-31 07:00:00,150.400604248
10952,2019-12-31 08:00:00,150.404022217
10953,2019-12-31 09:00:00,150.406799316
10954,2019-12-31 10:00:00,150.409164429
10955,2019-12-31 11:00:00,150.411102295
10956,2019-12-31 12:00:00,150.412750244
10957,2019-12-31 13:00:00,150.413818359
10958,2019-12-31 14:00:00,150.414733887
10959,2019-12-31 15:00:00,150.415069580
10960,2019-12-31 16:00:00,150.413818359
10961,2019-12-31 17:00:00,150.406890869
10962,2019-12-31 18:00:00,150.356735229
10963,2019-12-31 19:00:00,150.263122559
10964,2019-12-31 20:00:00,150.112304688
10965,2019-12-31 21:00:00,150.127319336
10966,2019-12-31 22:00:00,150.231414795
10967,2019-12-31 23:00:00,150.235412598
10968,2020-01-01 00:00:00,150.238891602
10969,2020-01-01 01:00:00,150.240783691
10970,2020-01-01 02:00:00,150.241851807
10971,2020-01-01 03:00:00,150.242950439
10972,2020-01-01 04:00:00,150.243469238
10973,2020-01-01 05:00:00,150.244277954
10974,2020-01-01 06:00:00,150.243804932
10975,2020-01-01 07:00:00,150.243316650
10976,2020-01-01 08:00:00,150.244415283
10977,2020-01-01 09:00:00,150.246871948
10978,2020-01-01 10:00:00,150.249938965
10979,2020-01-01 11:00:00,150.253341675
10980,2020-01-01 12:00:00,150.257629395
10981,2020-01-01 13:00:00,150.792510986
10982,2020-01-01 14:00:00,151.324600220
10983,2020-01-01 15:00:00,151.857467651
10984,2020-01-01 16:00:00,152.391937256
10985,2020-01-01 17:00:00,152.905822754
10986,2020-01-01 18:00:00,153.383087158
10987,2020-01-01 19:00:00,153.732192993
10988,2020-01-01 20:00:00,154.039306641
10989,2020-01-01 21:00:00,154.330596924
10990,2020-01-01 22:00:00,154.783660889
10991,2020-01-01 23:00:00,155.234191895
10992,2020-01-02 00:00:00,155.693847656
10993,2020-01-02 01:00:00,156.007461548
10994,2020-01-02 02:00:00,156.319091797
10995,2020-01-02 03:00:00,156.633529663
10996,2020-01-02 04:00:00,156.947479248
10997,2020-01-02 05:00:00,157.259643555
10998,2020-01-02 06:00:00,157.568008423
10999,2020-01-02 07:00:00,157.876022339
11000,2020-01-02 08:00:00,158.185058594
11001,2020-01-02 09:00:00,158.491836548
11002,2020-01-02 10:00:00,158.788360596
11003,2020-01-02 11:00:00,159.093780518
11004,2020-01-02 12:00:00,159.389984131
11005,2020-01-02 13:00:00,159.394317627
11006,2020-01-02 14:00:00,159.397842407
11007,2020-01-02 15:00:00,159.403900146
11008,2020-01-02 16:00:00,159.404342651
11009,2020-01-02 17:00:00,159.393615723
11010,2020-01-02 18:00:00,159.358673096
11011,2020-01-02 19:00:00,159.295135498
11012,2020-01-02 20:00:00,159.188690186
11013,2020-01-02 21:00:00,159.074279785
11014,2020-01-02 22:00:00,159.084197998
11015,2020-01-02 23:00:00,159.093444824
11016,2020-01-03 00:00:00,159.102386475
11017,2020-01-03 01:00:00,159.109985352
11018,2020-01-03 02:00:00,159.115646362
11019,2020-01-03 03:00:00,159.122055054
11020,2020-01-03 04:00:00,159.129333496
11021,2020-01-03 05:00:00,159.137725830
11022,2020-01-03 06:00:00,159.145828247
11023,2020-01-03 07:00:00,159.152923584
11024,2020-01-03 08:00:00,159.159667969
11025,2020-01-03 09:00:00,159.166366577
11026,2020-01-03 10:00:00,159.173492432
11027,2020-01-03 11:00:00,159.180557251
11028,2020-01-03 12:00:00,159.186126709
11029,2020-01-03 13:00:00,159.190017700
11030,2020-01-03 14:00:00,159.192367554
11031,2020-01-03 15:00:00,159.188018799
11032,2020-01-03 16:00:00,159.170745850
11033,2020-01-03 17:00:00,159.140396118
11034,2020-01-03 18:00:00,159.082519531
11035,2020-01-03 19:00:00,158.985809326
11036,2020-01-03 20:00:00,158.841735840
11037,2020-01-03 21:00:00,158.677215576
11038,2020-01-03 22:00:00,158.670455933
11039,2020-01-03 23:00:00,158.662277222
11040,2020-01-04 00:00:00,158.658691406
11041,2020-01-04 01:00:00,158.653366089
11042,2020-01-04 02:00:00,158.644180298
11043,2020-01-04 03:00:00,158.630798340
11044,2020-01-04 04:00:00,158.615509033
11045,2020-01-04 05:00:00,158.599578857
11046,2020-01-04 06:00:00,158.584762573
11047,2020-01-04 07:00:00,158.577529907
11048,2020-01-04 08:00:00,158.572357178
11049,2020-01-04 09:00:00,158.565826416
11050,2020-01-04 10:00:00,158.558715820
11051,2020-01-04 11:00:00,158.550338745
11052,2020-01-04 12:00:00,158.541778564
11053,2020-01-04 13:00:00,158.533340454
11054,2020-01-04 14:00:00,158.525863647
11055,2020-01-04 15:00:00,158.515670776
11056,2020-01-04 16:00:00,158.501876831
11057,2020-01-04 17:00:00,158.478439331
11058,2020-01-04 18:00:00,158.399475098
11059,2020-01-04 19:00:00,158.097564697
11060,2020-01-04 20:00:00,157.592086792
11061,2020-01-04 21:00:00,156.808074951
11062,2020-01-04 22:00:00,156.311981201
11063,2020-01-04 23:00:00,155.898071289
11064,2020-01-05 00:00:00,155.555709839
11065,2020-01-05 01:00:00,155.271774292
11066,2020-01-05 02:00:00,155.035980225
11067,2020-01-05 03:00:00,154.841278076
11068,2020-01-05 04:00:00,154.680831909
11069,2020-01-05 05:00:00,154.547363281
11070,2020-01-05 06:00:00,154.434463501
11071,2020-01-05 07:00:00,154.338531494
11072,2020-01-05 08:00:00,154.254867554
11073,2020-01-05 09:00:00,154.183715820
11074,2020-01-05 10:00:00,154.122146606
11075,2020-01-05 11:00:00,154.067535400
11076,2020-01-05 12:00:00,154.019409180
11077,2020-01-05 13:00:00,153.977447510
11078,2020-01-05 14:00:00,153.940444946
11079,2020-01-05 15:00:00,153.907012939
11080,2020-01-05 16:00:00,153.876358032
11081,2020-01-05 17:00:00,153.845855713
11082,2020-01-05 18:00:00,153.771011353
11083,2020-01-05 19:00:00,153.645767212
11084,2020-01-05 20:00:00,153.465728760
11085,2020-01-05 21:00:00,153.281463623
11086,2020-01-05 22:00:00,153.269683838
11087,2020-01-05 23:00:00,153.253768921
11088,2020-01-06 00:00:00,153.244262695
11089,2020-01-06 01:00:00,153.226043701
11090,2020-01-06 02:00:00,153.211608887
11091,2020-01-06 03:00:00,153.199935913
11092,2020-01-06 04:00:00,153.191299438
11093,2020-01-06 05:00:00,153.183929443
11094,2020-01-06 06:00:00,153.178482056
11095,2020-01-06 07:00:00,153.174209595
11096,2020-01-06 08:00:00,153.172973633
11097,2020-01-06 09:00:00,153.168502808
11098,2020-01-06 10:00:00,153.161956787
11099,2020-01-06 11:00:00,153.155212402
11100,2020-01-06 12:00:00,153.148513794
11101,2020-01-06 13:00:00,153.140502930
11102,2020-01-06 14:00:00,153.133316040
11103,2020-01-06 15:00:00,153.125381470
11104,2020-01-06 16:00:00,153.112319946
11105,2020-01-06 17:00:00,153.088119507
11106,2020-01-06 18:00:00,153.036056519
11107,2020-01-06 19:00:00,152.949462891
11108,2020-01-06 20:00:00,152.813613892
11109,2020-01-06 21:00:00,152.659530640
11110,2020-01-06 22:00:00,152.644149780
11111,2020-01-06 23:00:00,152.631500244
11112,2020-01-07 00:00:00,152.619766235
11113,2020-01-07 01:00:00,152.608612061
11114,2020-01-07 02:00:00,152.600082397
11115,2020-01-07 03:00:00,152.592056274
11116,2020-01-07 04:00:00,152.585067749
11117,2020-01-07 05:00:00,152.579071045
11118,2020-01-07 06:00:00,152.573623657
11119,2020-01-07 07:00:00,152.568923950
11120,2020-01-07 08:00:00,152.565429688
11121,2020-01-07 09:00:00,152.562225342
11122,2020-01-07 10:00:00,152.559371948
11123,2020-01-07 11:00:00,152.554992676
11124,2020-01-07 12:00:00,152.551696777
11125,2020-01-07 13:00:00,152.548461914
11126,2020-01-07 14:00:00,152.545135498
11127,2020-01-07 15:00:00,152.540451050
11128,2020-01-07 16:00:00,152.532745361
11129,2020-01-07 17:00:00,152.514694214
11130,2020-01-07 18:00:00,152.445953369
11131,2020-01-07 19:00:00,152.318756104
11132,2020-01-07 20:00:00,152.121505737
11133,2020-01-07 21:00:00,151.591537476
11134,2020-01-07 22:00:00,151.334182739
11135,2020-01-07 23:00:00,151.121978760
11136,2020-01-08 00:00:00,150.946777344
11137,2020-01-08 01:00:00,150.801712036
11138,2020-01-08 02:00:00,150.679183960
11139,2020-01-08 03:00:00,150.576843262
11140,2020-01-08 04:00:00,150.491180420
11141,2020-01-08 05:00:00,150.419021606
11142,2020-01-08 06:00:00,150.358200073
11143,2020-01-08 07:00:00,150.307281494
11144,2020-01-08 08:00:00,150.263671875
11145,2020-01-08 09:00:00,150.226730347
11146,2020-01-08 10:00:00,150.194686890
11147,2020-01-08 11:00:00,150.167160034
11148,2020-01-08 12:00:00,150.146820068
11149,2020-01-08 13:00:00,150.129959106
11150,2020-01-08 14:00:00,150.113265991
11151,2020-01-08 15:00:00,150.097076416
11152,2020-01-08 16:00:00,150.080917358
11153,2020-01-08 17:00:00,150.050338745
11154,2020-01-08 18:00:00,149.974472046
11155,2020-01-08 19:00:00,149.854492188
11156,2020-01-08 20:00:00,149.394027710
11157,2020-01-08 21:00:00,148.676559448
11158,2020-01-08 22:00:00,148.215713501
11159,2020-01-08 23:00:00,147.834701538
11160,2020-01-09 00:00:00,147.525527954
11161,2020-01-09 01:00:00,147.275451660
11162,2020-01-09 02:00:00,147.071990967
11163,2020-01-09 03:00:00,146.908004761
11164,2020-01-09 04:00:00,146.771972656
11165,2020-01-09 05:00:00,146.659423828
11166,2020-01-09 06:00:00,146.565124512
11167,2020-01-09 07:00:00,146.488510132
11168,2020-01-09 08:00:00,146.428192139
11169,2020-01-09 09:00:00,146.377410889
11170,2020-01-09 10:00:00,146.336105347
11171,2020-01-09 11:00:00,146.302246094
11172,2020-01-09 12:00:00,146.275070190
11173,2020-01-09 13:00:00,146.252853394
11174,2020-01-09 14:00:00,146.237136841
11175,2020-01-09 15:00:00,146.223205566
11176,2020-01-09 16:00:00,146.212387085
11177,2020-01-09 17:00:00,146.200469971
11178,2020-01-09 18:00:00,146.156921387
11179,2020-01-09 19:00:00,146.073944092
11180,2020-01-09 20:00:00,145.926208496
11181,2020-01-09 21:00:00,145.773864746
11182,2020-01-09 22:00:00,145.786468506
11183,2020-01-09 23:00:00,145.798019409
11184,2020-01-10 00:00:00,145.798339844
11185,2020-01-10 01:00:00,145.809783936
11186,2020-01-10 02:00:00,145.812408447
11187,2020-01-10 03:00:00,145.814575195
11188,2020-01-10 04:00:00,145.814666748
11189,2020-01-10 05:00:00,145.812911987
11190,2020-01-10 06:00:00,145.811386108
11191,2020-01-10 07:00:00,145.810272217
11192,2020-01-10 08:00:00,145.811447144
11193,2020-01-10 09:00:00,145.814971924
11194,2020-01-10 10:00:00,145.820831299
11195,2020-01-10 11:00:00,145.826477051
11196,2020-01-10 12:00:00,145.834259033
11197,2020-01-10 13:00:00,145.840240479
11198,2020-01-10 14:00:00,145.846923828
11199,2020-01-10 15:00:00,145.852752686
11200,2020-01-10 16:00:00,145.855667114
11201,2020-01-10 17:00:00,145.848632812
11202,2020-01-10 18:00:00,145.818481445
11203,2020-01-10 19:00:00,145.755371094
11204,2020-01-10 20:00:00,145.707031250
11205,2020-01-10 21:00:00,145.647323608
11206,2020-01-10 22:00:00,145.726654053
11207,2020-01-10 23:00:00,145.791046143
11208,2020-01-11 00:00:00,145.855194092
11209,2020-01-11 01:00:00,145.856353760
11210,2020-01-11 02:00:00,145.856811523
11211,2020-01-11 03:00:00,145.850143433
11212,2020-01-11 04:00:00,145.842056274
11213,2020-01-11 05:00:00,145.836547852
11214,2020-01-11 06:00:00,145.827606201
11215,2020-01-11 07:00:00,145.824707031
11216,2020-01-11 08:00:00,145.823822021
11217,2020-01-11 09:00:00,145.825347900
11218,2020-01-11 10:00:00,145.827682495
11219,2020-01-11 11:00:00,145.831481934
11220,2020-01-11 12:00:00,145.835998535
11221,2020-01-11 13:00:00,145.839752197
11222,2020-01-11 14:00:00,145.843795776
11223,2020-01-11 15:00:00,145.848602295
11224,2020-01-11 16:00:00,145.850646973
11225,2020-01-11 17:00:00,145.848846436
11226,2020-01-11 18:00:00,145.808959961
11227,2020-01-11 19:00:00,145.725952148
11228,2020-01-11 20:00:00,145.687835693
11229,2020-01-11 21:00:00,145.636611938
11230,2020-01-11 22:00:00,145.744415283
11231,2020-01-11 23:00:00,145.844863892
11232,2020-01-12 00:00:00,145.951431274
11233,2020-01-12 01:00:00,145.954437256
11234,2020-01-12 02:00:00,145.956268311
11235,2020-01-12 03:00:00,145.957885742
11236,2020-01-12 04:00:00,145.960693359
11237,2020-01-12 05:00:00,145.963592529
11238,2020-01-12 06:00:00,145.966247559
11239,2020-01-12 07:00:00,146.242858887
11240,2020-01-12 08:00:00,146.520019531
11241,2020-01-12 09:00:00,146.795959473
11242,2020-01-12 10:00:00,147.058990479
11243,2020-01-12 11:00:00,147.336273193
11244,2020-01-12 12:00:00,147.603668213
11245,2020-01-12 13:00:00,147.910110474
11246,2020-01-12 14:00:00,148.210449219
11247,2020-01-12 15:00:00,148.509872437
11248,2020-01-12 16:00:00,148.778869629
11249,2020-01-12 17:00:00,149.075790405
11250,2020-01-12 18:00:00,149.313018799
11251,2020-01-12 19:00:00,149.672836304
11252,2020-01-12 20:00:00,149.972259521
11253,2020-01-12 21:00:00,150.246994019
11254,2020-01-12 22:00:00,150.665939331
11255,2020-01-12 23:00:00,151.084045410
11256,2020-01-13 00:00:00,151.506362915
11257,2020-01-13 01:00:00,151.512481689
11258,2020-01-13 02:00:00,151.517608643
11259,2020-01-13 03:00:00,151.522155762
11260,2020-01-13 04:00:00,151.528106689
11261,2020-01-13 05:00:00,151.533676147
11262,2020-01-13 06:00:00,151.537506104
11263,2020-01-13 07:00:00,151.543197632
11264,2020-01-13 08:00:00,151.552246094
11265,2020-01-13 09:00:00,151.560974121
11266,2020-01-13 10:00:00,151.568176270
11267,2020-01-13 11:00:00,151.576263428
11268,2020-01-13 12:00:00,151.585144043
11269,2020-01-13 13:00:00,152.093414307
11270,2020-01-13 14:00:00,152.602325439
11271,2020-01-13 15:00:00,153.107574463
11272,2020-01-13 16:00:00,153.609619141
11273,2020-01-13 17:00:00,154.104690552
11274,2020-01-13 18:00:00,154.577972412
11275,2020-01-13 19:00:00,155.228546143
11276,2020-01-13 20:00:00,155.837707520
11277,2020-01-13 21:00:00,156.517425537
11278,2020-01-13 22:00:00,157.232086182
11279,2020-01-13 23:00:00,157.945693970
11280,2020-01-14 00:00:00,158.738739014
11281,2020-01-14 01:00:00,158.747146606
11282,2020-01-14 02:00:00,158.754852295
11283,2020-01-14 03:00:00,158.763458252
11284,2020-01-14 04:00:00,158.773040771
11285,2020-01-14 05:00:00,158.782562256
11286,2020-01-14 06:00:00,158.789398193
11287,2020-01-14 07:00:00,158.794006348
11288,2020-01-14 08:00:00,158.797210693
11289,2020-01-14 09:00:00,158.799942017
11290,2020-01-14 10:00:00,158.802627563
11291,2020-01-14 11:00:00,158.807006836
11292,2020-01-14 12:00:00,158.813507080
11293,2020-01-14 13:00:00,158.819763184
11294,2020-01-14 14:00:00,158.828842163
11295,2020-01-14 15:00:00,158.835357666
11296,2020-01-14 16:00:00,158.833953857
11297,2020-01-14 17:00:00,158.819549561
11298,2020-01-14 18:00:00,158.782226562
11299,2020-01-14 19:00:00,158.702301025
11300,2020-01-14 20:00:00,158.567687988
11301,2020-01-14 21:00:00,158.433166504
11302,2020-01-14 22:00:00,158.312957764
11303,2020-01-14 23:00:00,158.327789307
11304,2020-01-15 00:00:00,158.342742920
11305,2020-01-15 01:00:00,158.356338501
11306,2020-01-15 02:00:00,158.370635986
11307,2020-01-15 03:00:00,158.384826660
11308,2020-01-15 04:00:00,158.399200439
11309,2020-01-15 05:00:00,158.412719727
11310,2020-01-15 06:00:00,158.421081543
11311,2020-01-15 07:00:00,158.424835205
11312,2020-01-15 08:00:00,158.428314209
11313,2020-01-15 09:00:00,158.431869507
11314,2020-01-15 10:00:00,158.434631348
11315,2020-01-15 11:00:00,158.437515259
11316,2020-01-15 12:00:00,158.440063477
11317,2020-01-15 13:00:00,158.442718506
11318,2020-01-15 14:00:00,158.445144653
11319,2020-01-15 15:00:00,158.447387695
11320,2020-01-15 16:00:00,158.448791504
11321,2020-01-15 17:00:00,158.446731567
11322,2020-01-15 18:00:00,158.397918701
11323,2020-01-15 19:00:00,158.300506592
11324,2020-01-15 20:00:00,158.136795044
11325,2020-01-15 21:00:00,157.980209351
11326,2020-01-15 22:00:00,157.831329346
11327,2020-01-15 23:00:00,157.840179443
11328,2020-01-16 00:00:00,157.845977783
11329,2020-01-16 01:00:00,157.849960327
11330,2020-01-16 02:00:00,157.852844238
11331,2020-01-16 03:00:00,157.854934692
11332,2020-01-16 04:00:00,157.857070923
11333,2020-01-16 05:00:00,157.861145020
11334,2020-01-16 06:00:00,157.864166260
11335,2020-01-16 07:00:00,157.869125366
11336,2020-01-16 08:00:00,157.874450684
11337,2020-01-16 09:00:00,157.874237061
11338,2020-01-16 10:00:00,157.875305176
11339,2020-01-16 11:00:00,157.877227783
11340,2020-01-16 12:00:00,157.880493164
11341,2020-01-16 13:00:00,157.884826660
11342,2020-01-16 14:00:00,157.888473511
11343,2020-01-16 15:00:00,157.891265869
11344,2020-01-16 16:00:00,157.892669678
11345,2020-01-16 17:00:00,157.888931274
11346,2020-01-16 18:00:00,157.838775635
11347,2020-01-16 19:00:00,158.277343750
11348,2020-01-16 20:00:00,158.647781372
11349,2020-01-16 21:00:00,159.000411987
11350,2020-01-16 22:00:00,159.344833374
11351,2020-01-16 23:00:00,159.884948730
11352,2020-01-17 00:00:00,160.424270630
11353,2020-01-17 01:00:00,160.733612061
11354,2020-01-17 02:00:00,161.042572021
11355,2020-01-17 03:00:00,161.349822998
11356,2020-01-17 04:00:00,161.656387329
11357,2020-01-17 05:00:00,161.962432861
11358,2020-01-17 06:00:00,162.269927979
11359,2020-01-17 07:00:00,162.275894165
11360,2020-01-17 08:00:00,162.286132812
11361,2020-01-17 09:00:00,162.300003052
11362,2020-01-17 10:00:00,162.315551758
11363,2020-01-17 11:00:00,162.330352783
11364,2020-01-17 12:00:00,162.348754883
11365,2020-01-17 13:00:00,162.697479248
11366,2020-01-17 14:00:00,163.044921875
11367,2020-01-17 15:00:00,163.457550049
11368,2020-01-17 16:00:00,163.863021851
11369,2020-01-17 17:00:00,164.259872437
11370,2020-01-17 18:00:00,164.644134521
11371,2020-01-17 19:00:00,165.269058228
11372,2020-01-17 20:00:00,165.867004395
11373,2020-01-17 21:00:00,166.434112549
11374,2020-01-17 22:00:00,167.002090454
11375,2020-01-17 23:00:00,167.663497925
11376,2020-01-18 00:00:00,168.330947876
11377,2020-01-18 01:00:00,168.341156006
11378,2020-01-18 02:00:00,168.354766846
11379,2020-01-18 03:00:00,168.363800049
11380,2020-01-18 04:00:00,168.371215820
11381,2020-01-18 05:00:00,168.372070312
11382,2020-01-18 06:00:00,168.373596191
11383,2020-01-18 07:00:00,168.377593994
11384,2020-01-18 08:00:00,168.381698608
11385,2020-01-18 09:00:00,168.384948730
11386,2020-01-18 10:00:00,168.387939453
11387,2020-01-18 11:00:00,168.391326904
11388,2020-01-18 12:00:00,168.394744873
11389,2020-01-18 13:00:00,168.398864746
11390,2020-01-18 14:00:00,168.403869629
11391,2020-01-18 15:00:00,168.406616211
11392,2020-01-18 16:00:00,168.404724121
11393,2020-01-18 17:00:00,168.383483887
11394,2020-01-18 18:00:00,168.328598022
11395,2020-01-18 19:00:00,168.235092163
11396,2020-01-18 20:00:00,168.078933716
11397,2020-01-18 21:00:00,167.912658691
11398,2020-01-18 22:00:00,167.752670288
11399,2020-01-18 23:00:00,167.758132935
11400,2020-01-19 00:00:00,167.764831543
11401,2020-01-19 01:00:00,167.769592285
11402,2020-01-19 02:00:00,167.775741577
11403,2020-01-19 03:00:00,167.785095215
11404,2020-01-19 04:00:00,167.794616699
11405,2020-01-19 05:00:00,167.802856445
11406,2020-01-19 06:00:00,167.810241699
11407,2020-01-19 07:00:00,167.819168091
11408,2020-01-19 08:00:00,167.826873779
11409,2020-01-19 09:00:00,167.832717896
11410,2020-01-19 10:00:00,167.835342407
11411,2020-01-19 11:00:00,167.835861206
11412,2020-01-19 12:00:00,167.837677002
11413,2020-01-19 13:00:00,167.838653564
11414,2020-01-19 14:00:00,167.841064453
11415,2020-01-19 15:00:00,167.843139648
11416,2020-01-19 16:00:00,167.840576172
11417,2020-01-19 17:00:00,167.826660156
11418,2020-01-19 18:00:00,167.772399902
11419,2020-01-19 19:00:00,167.676910400
11420,2020-01-19 20:00:00,167.509155273
11421,2020-01-19 21:00:00,167.337280273
11422,2020-01-19 22:00:00,167.031417847
11423,2020-01-19 23:00:00,166.924316406
11424,2020-01-20 00:00:00,166.834594727
11425,2020-01-20 01:00:00,166.753402710
11426,2020-01-20 02:00:00,166.680709839
11427,2020-01-20 03:00:00,166.618041992
11428,2020-01-20 04:00:00,166.563980103
11429,2020-01-20 05:00:00,166.515106201
11430,2020-01-20 06:00:00,166.470764160
11431,2020-01-20 07:00:00,166.431884766
11432,2020-01-20 08:00:00,166.397033691
11433,2020-01-20 09:00:00,166.364669800
11434,2020-01-20 10:00:00,166.334732056
11435,2020-01-20 11:00:00,166.307052612
11436,2020-01-20 12:00:00,166.281402588
11437,2020-01-20 13:00:00,166.257919312
11438,2020-01-20 14:00:00,166.237426758
11439,2020-01-20 15:00:00,166.215881348
11440,2020-01-20 16:00:00,166.192276001
11441,2020-01-20 17:00:00,166.164291382
11442,2020-01-20 18:00:00,166.079864502
11443,2020-01-20 19:00:00,165.944793701
11444,2020-01-20 20:00:00,165.613281250
11445,2020-01-20 21:00:00,164.894271851
11446,2020-01-20 22:00:00,163.871734619
11447,2020-01-20 23:00:00,163.185852051
11448,2020-01-21 00:00:00,162.620162964
11449,2020-01-21 01:00:00,162.150253296
11450,2020-01-21 02:00:00,161.760574341
11451,2020-01-21 03:00:00,161.438720703
11452,2020-01-21 04:00:00,161.172943115
11453,2020-01-21 05:00:00,160.952667236
11454,2020-01-21 06:00:00,160.767074585
11455,2020-01-21 07:00:00,160.611633301
11456,2020-01-21 08:00:00,160.481460571
11457,2020-01-21 09:00:00,160.371032715
11458,2020-01-21 10:00:00,160.342193604
11459,2020-01-21 11:00:00,160.265975952
11460,2020-01-21 12:00:00,160.200103760
11461,2020-01-21 13:00:00,160.651000977
11462,2020-01-21 14:00:00,161.117889404
11463,2020-01-21 15:00:00,161.598449707
11464,2020-01-21 16:00:00,162.082870483
11465,2020-01-21 17:00:00,162.561462402
11466,2020-01-21 18:00:00,163.011840820
11467,2020-01-21 19:00:00,163.526794434
11468,2020-01-21 20:00:00,163.994323730
11469,2020-01-21 21:00:00,164.340240479
11470,2020-01-21 22:00:00,164.276031494
11471,2020-01-21 23:00:00,164.479187012
11472,2020-01-22 00:00:00,164.755966187
11473,2020-01-22 01:00:00,164.678283691
11474,2020-01-22 02:00:00,164.646331787
11475,2020-01-22 03:00:00,164.652709961
11476,2020-01-22 04:00:00,164.691711426
11477,2020-01-22 05:00:00,164.754913330
11478,2020-01-22 06:00:00,164.838180542
11479,2020-01-22 07:00:00,164.746078491
11480,2020-01-22 08:00:00,164.669830322
11481,2020-01-22 09:00:00,164.610168457
11482,2020-01-22 10:00:00,164.561035156
11483,2020-01-22 11:00:00,164.519393921
11484,2020-01-22 12:00:00,164.482055664
11485,2020-01-22 13:00:00,164.719818115
11486,2020-01-22 14:00:00,164.783477783
11487,2020-01-22 15:00:00,164.848068237
11488,2020-01-22 16:00:00,164.909500122
11489,2020-01-22 17:00:00,164.961410522
11490,2020-01-22 18:00:00,164.975067139
11491,2020-01-22 19:00:00,165.037109375
11492,2020-01-22 20:00:00,165.037689209
11493,2020-01-22 21:00:00,164.792999268
11494,2020-01-22 22:00:00,164.292694092
11495,2020-01-22 23:00:00,164.051528931
11496,2020-01-23 00:00:00,163.884323120
11497,2020-01-23 01:00:00,163.691970825
11498,2020-01-23 02:00:00,163.557159424
11499,2020-01-23 03:00:00,163.462097168
11500,2020-01-23 04:00:00,163.399261475
11501,2020-01-23 05:00:00,163.363006592
11502,2020-01-23 06:00:00,163.340240479
11503,2020-01-23 07:00:00,163.262161255
11504,2020-01-23 08:00:00,163.198989868
11505,2020-01-23 09:00:00,163.147338867
11506,2020-01-23 10:00:00,163.105484009
11507,2020-01-23 11:00:00,163.071456909
11508,2020-01-23 12:00:00,163.119735718
11509,2020-01-23 13:00:00,163.088973999
11510,2020-01-23 14:00:00,163.063079834
11511,2020-01-23 15:00:00,163.040115356
11512,2020-01-23 16:00:00,163.015213013
11513,2020-01-23 17:00:00,162.977416992
11514,2020-01-23 18:00:00,162.899841309
11515,2020-01-23 19:00:00,162.795333862
11516,2020-01-23 20:00:00,162.666168213
11517,2020-01-23 21:00:00,162.304061890
11518,2020-01-23 22:00:00,161.789184570
11519,2020-01-23 23:00:00,161.462081909
11520,2020-01-24 00:00:00,161.189376831
11521,2020-01-24 01:00:00,160.961181641
11522,2020-01-24 02:00:00,160.769653320
11523,2020-01-24 03:00:00,160.601821899
11524,2020-01-24 04:00:00,160.463394165
11525,2020-01-24 05:00:00,160.346328735
11526,2020-01-24 06:00:00,160.248779297
11527,2020-01-24 07:00:00,160.168685913
11528,2020-01-24 08:00:00,160.099121094
11529,2020-01-24 09:00:00,160.037567139
11530,2020-01-24 10:00:00,159.983230591
11531,2020-01-24 11:00:00,159.934722900
11532,2020-01-24 12:00:00,159.891601562
11533,2020-01-24 13:00:00,159.853332520
11534,2020-01-24 14:00:00,159.818740845
11535,2020-01-24 15:00:00,159.783676147
11536,2020-01-24 16:00:00,159.744110107
11537,2020-01-24 17:00:00,159.695617676
11538,2020-01-24 18:00:00,159.595565796
11539,2020-01-24 19:00:00,159.459259033
11540,2020-01-24 20:00:00,159.209320068
11541,2020-01-24 21:00:00,158.603683472
11542,2020-01-24 22:00:00,157.542404175
11543,2020-01-24 23:00:00,156.843124390
11544,2020-01-25 00:00:00,156.263366699
11545,2020-01-25 01:00:00,155.783264160
11546,2020-01-25 02:00:00,155.382980347
11547,2020-01-25 03:00:00,155.051589966
11548,2020-01-25 04:00:00,154.776611328
11549,2020-01-25 05:00:00,154.549758911
11550,2020-01-25 06:00:00,154.360275269
11551,2020-01-25 07:00:00,154.207229614
11552,2020-01-25 08:00:00,154.079650879
11553,2020-01-25 09:00:00,153.973831177
11554,2020-01-25 10:00:00,153.886184692
11555,2020-01-25 11:00:00,153.813049316
11556,2020-01-25 12:00:00,153.751083374
11557,2020-01-25 13:00:00,153.698486328
11558,2020-01-25 14:00:00,153.653274536
11559,2020-01-25 15:00:00,153.613647461
11560,2020-01-25 16:00:00,153.571044922
11561,2020-01-25 17:00:00,153.513153076
11562,2020-01-25 18:00:00,153.418838501
11563,2020-01-25 19:00:00,153.322540283
11564,2020-01-25 20:00:00,152.941802979
11565,2020-01-25 21:00:00,152.250640869
11566,2020-01-25 22:00:00,151.359161377
11567,2020-01-25 23:00:00,150.759384155
11568,2020-01-26 00:00:00,150.267044067
11569,2020-01-26 01:00:00,149.859283447
11570,2020-01-26 02:00:00,149.520431519
11571,2020-01-26 03:00:00,149.242019653
11572,2020-01-26 04:00:00,149.010162354
11573,2020-01-26 05:00:00,148.818618774
11574,2020-01-26 06:00:00,148.658828735
11575,2020-01-26 07:00:00,148.527069092
11576,2020-01-26 08:00:00,148.416961670
11577,2020-01-26 09:00:00,148.324661255
11578,2020-01-26 10:00:00,148.248031616
11579,2020-01-26 11:00:00,148.184478760
11580,2020-01-26 12:00:00,148.129455566
11581,2020-01-26 13:00:00,148.083068848
11582,2020-01-26 14:00:00,148.041824341
11583,2020-01-26 15:00:00,148.002624512
11584,2020-01-26 16:00:00,147.956878662
11585,2020-01-26 17:00:00,147.892288208
11586,2020-01-26 18:00:00,147.788696289
11587,2020-01-26 19:00:00,147.638168335
11588,2020-01-26 20:00:00,147.306915283
11589,2020-01-26 21:00:00,146.516494751
11590,2020-01-26 22:00:00,145.523208618
11591,2020-01-26 23:00:00,144.893112183
11592,2020-01-27 00:00:00,144.374694824
11593,2020-01-27 01:00:00,144.117568970
11594,2020-01-27 02:00:00,143.937622070
11595,2020-01-27 03:00:00,143.821701050
11596,2020-01-27 04:00:00,143.756927490
11597,2020-01-27 05:00:00,143.736297607
11598,2020-01-27 06:00:00,143.750061035
11599,2020-01-27 07:00:00,143.617538452
11600,2020-01-27 08:00:00,143.506484985
11601,2020-01-27 09:00:00,143.412597656
11602,2020-01-27 10:00:00,143.332885742
11603,2020-01-27 11:00:00,143.264312744
11604,2020-01-27 12:00:00,143.206680298
11605,2020-01-27 13:00:00,143.250534058
11606,2020-01-27 14:00:00,143.303939819
11607,2020-01-27 15:00:00,143.549560547
11608,2020-01-27 16:00:00,143.807006836
11609,2020-01-27 17:00:00,144.065475464
11610,2020-01-27 18:00:00,144.285003662
11611,2020-01-27 19:00:00,144.478378296
11612,2020-01-27 20:00:00,144.619125366
11613,2020-01-27 21:00:00,144.754013062
11614,2020-01-27 22:00:00,144.896087646
11615,2020-01-27 23:00:00,145.167388916
11616,2020-01-28 00:00:00,145.452590942
11617,2020-01-28 01:00:00,145.467468262
11618,2020-01-28 02:00:00,145.480102539
11619,2020-01-28 03:00:00,145.494476318
11620,2020-01-28 04:00:00,145.506988525
11621,2020-01-28 05:00:00,145.515029907
11622,2020-01-28 06:00:00,145.520523071
11623,2020-01-28 07:00:00,145.524383545
11624,2020-01-28 08:00:00,145.525207520
11625,2020-01-28 09:00:00,145.523468018
11626,2020-01-28 10:00:00,145.520950317
11627,2020-01-28 11:00:00,145.517761230
11628,2020-01-28 12:00:00,145.511947632
11629,2020-01-28 13:00:00,145.504714966
11630,2020-01-28 14:00:00,145.497787476
11631,2020-01-28 15:00:00,145.487945557
11632,2020-01-28 16:00:00,145.469635010
11633,2020-01-28 17:00:00,145.437011719
11634,2020-01-28 18:00:00,145.369384766
11635,2020-01-28 19:00:00,145.260772705
11636,2020-01-28 20:00:00,145.088348389
11637,2020-01-28 21:00:00,144.906188965
11638,2020-01-28 22:00:00,144.419677734
11639,2020-01-28 23:00:00,144.160079956
11640,2020-01-29 00:00:00,143.945526123
11641,2020-01-29 01:00:00,143.765197754
11642,2020-01-29 02:00:00,143.614486694
11643,2020-01-29 03:00:00,143.487350464
11644,2020-01-29 04:00:00,143.381225586
11645,2020-01-29 05:00:00,143.291824341
11646,2020-01-29 06:00:00,143.216201782
11647,2020-01-29 07:00:00,143.153457642
11648,2020-01-29 08:00:00,143.100189209
11649,2020-01-29 09:00:00,143.053298950
11650,2020-01-29 10:00:00,143.013763428
11651,2020-01-29 11:00:00,142.978775024
11652,2020-01-29 12:00:00,142.950057983
11653,2020-01-29 13:00:00,142.926010132
11654,2020-01-29 14:00:00,142.904144287
11655,2020-01-29 15:00:00,142.882537842
11656,2020-01-29 16:00:00,142.855972290
11657,2020-01-29 17:00:00,142.812377930
11658,2020-01-29 18:00:00,142.738937378
11659,2020-01-29 19:00:00,142.608734131
11660,2020-01-29 20:00:00,142.305511475
11661,2020-01-29 21:00:00,141.752548218
11662,2020-01-29 22:00:00,141.013244629
11663,2020-01-29 23:00:00,140.524566650
11664,2020-01-30 00:00:00,140.124649048
11665,2020-01-30 01:00:00,139.792190552
11666,2020-01-30 02:00:00,139.519638062
11667,2020-01-30 03:00:00,139.295867920
11668,2020-01-30 04:00:00,139.112976074
11669,2020-01-30 05:00:00,138.961547852
11670,2020-01-30 06:00:00,138.836853027
11671,2020-01-30 07:00:00,138.734588623
11672,2020-01-30 08:00:00,138.649490356
11673,2020-01-30 09:00:00,138.577499390
11674,2020-01-30 10:00:00,138.518249512
11675,2020-01-30 11:00:00,138.466110229
11676,2020-01-30 12:00:00,138.423217773
11677,2020-01-30 13:00:00,138.388366699
11678,2020-01-30 14:00:00,138.359954834
11679,2020-01-30 15:00:00,138.325866699
11680,2020-01-30 16:00:00,138.285156250
11681,2020-01-30 17:00:00,138.242370605
11682,2020-01-30 18:00:00,138.177474976
11683,2020-01-30 19:00:00,138.081146240
11684,2020-01-30 20:00:00,137.942047119
11685,2020-01-30 21:00:00,137.800109863
11686,2020-01-30 22:00:00,137.669097900
11687,2020-01-30 23:00:00,137.655075073
11688,2020-01-31 00:00:00,137.648452759
11689,2020-01-31 01:00:00,137.640243530
11690,2020-01-31 02:00:00,137.635223389
11691,2020-01-31 03:00:00,137.634140015
11692,2020-01-31 04:00:00,137.632781982
11693,2020-01-31 05:00:00,137.629486084
11694,2020-01-31 06:00:00,137.626083374
11695,2020-01-31 07:00:00,137.621917725
11696,2020-01-31 08:00:00,137.617813110
11697,2020-01-31 09:00:00,137.611709595
11698,2020-01-31 10:00:00,137.604827881
11699,2020-01-31 11:00:00,137.598449707
11700,2020-01-31 12:00:00,137.592605591
11701,2020-01-31 13:00:00,137.587539673
11702,2020-01-31 14:00:00,137.582092285
11703,2020-01-31 15:00:00,137.574066162
11704,2020-01-31 16:00:00,137.560974121
11705,2020-01-31 17:00:00,137.528121948
11706,2020-01-31 18:00:00,137.465591431
11707,2020-01-31 19:00:00,137.368728638
11708,2020-01-31 20:00:00,137.227035522
11709,2020-01-31 21:00:00,137.072433472
11710,2020-01-31 22:00:00,136.923950195
11711,2020-01-31 23:00:00,136.910232544
11712,2020-02-01 00:00:00,136.898452759
11713,2020-02-01 01:00:00,136.887557983
11714,2020-02-01 02:00:00,136.877441406
11715,2020-02-01 03:00:00,136.867141724
11716,2020-02-01 04:00:00,136.858169556
11717,2020-02-01 05:00:00,136.853912354
11718,2020-02-01 06:00:00,136.848388672
11719,2020-02-01 07:00:00,136.846145630
11720,2020-02-01 08:00:00,136.836532593
11721,2020-02-01 09:00:00,136.826919556
11722,2020-02-01 10:00:00,136.822586060
11723,2020-02-01 11:00:00,136.825424194
11724,2020-02-01 12:00:00,136.828414917
11725,2020-02-01 13:00:00,136.828384399
11726,2020-02-01 14:00:00,136.827804565
11727,2020-02-01 15:00:00,136.821975708
11728,2020-02-01 16:00:00,136.816146851
11729,2020-02-01 17:00:00,136.777709961
11730,2020-02-01 18:00:00,136.685089111
11731,2020-02-01 19:00:00,136.528228760
11732,2020-02-01 20:00:00,136.319885254
11733,2020-02-01 21:00:00,135.702911377
11734,2020-02-01 22:00:00,134.740875244
11735,2020-02-01 23:00:00,134.086776733
11736,2020-02-02 00:00:00,133.550292969
11737,2020-02-02 01:00:00,133.104568481
11738,2020-02-02 02:00:00,132.739898682
11739,2020-02-02 03:00:00,132.441604614
11740,2020-02-02 04:00:00,132.196548462
11741,2020-02-02 05:00:00,131.993469238
11742,2020-02-02 06:00:00,131.825195312
11743,2020-02-02 07:00:00,131.688400269
11744,2020-02-02 08:00:00,131.576858521
11745,2020-02-02 09:00:00,131.485137939
11746,2020-02-02 10:00:00,131.409545898
11747,2020-02-02 11:00:00,131.347152710
11748,2020-02-02 12:00:00,131.295791626
11749,2020-02-02 13:00:00,131.253845215
11750,2020-02-02 14:00:00,131.219329834
11751,2020-02-02 15:00:00,131.190780640
11752,2020-02-02 16:00:00,131.166931152
11753,2020-02-02 17:00:00,131.141708374
11754,2020-02-02 18:00:00,131.065338135
11755,2020-02-02 19:00:00,130.908294678
11756,2020-02-02 20:00:00,130.691375732
11757,2020-02-02 21:00:00,130.160888672
11758,2020-02-02 22:00:00,129.335876465
11759,2020-02-02 23:00:00,128.831542969
11760,2020-02-03 00:00:00,128.420547485
11761,2020-02-03 01:00:00,128.080780029
11762,2020-02-03 02:00:00,127.807937622
11763,2020-02-03 03:00:00,127.585311890
11764,2020-02-03 04:00:00,127.402931213
11765,2020-02-03 05:00:00,127.255531311
11766,2020-02-03 06:00:00,127.135917664
11767,2020-02-03 07:00:00,127.038543701
11768,2020-02-03 08:00:00,126.962036133
11769,2020-02-03 09:00:00,126.899124146
11770,2020-02-03 10:00:00,126.849426270
11771,2020-02-03 11:00:00,126.811416626
11772,2020-02-03 12:00:00,126.780830383
11773,2020-02-03 13:00:00,126.993675232
11774,2020-02-03 14:00:00,127.212173462
11775,2020-02-03 15:00:00,127.313903809
11776,2020-02-03 16:00:00,127.411041260
11777,2020-02-03 17:00:00,127.499237061
11778,2020-02-03 18:00:00,127.567390442
11779,2020-02-03 19:00:00,127.616867065
11780,2020-02-03 20:00:00,127.629226685
11781,2020-02-03 21:00:00,127.609481812
11782,2020-02-03 22:00:00,127.605895996
11783,2020-02-03 23:00:00,127.729324341
11784,2020-02-04 00:00:00,127.853713989
11785,2020-02-04 01:00:00,127.856155396
11786,2020-02-04 02:00:00,127.857971191
11787,2020-02-04 03:00:00,127.858581543
11788,2020-02-04 04:00:00,127.857917786
11789,2020-02-04 05:00:00,127.856094360
11790,2020-02-04 06:00:00,127.854995728
11791,2020-02-04 07:00:00,127.853881836
11792,2020-02-04 08:00:00,127.852615356
11793,2020-02-04 09:00:00,127.848358154
11794,2020-02-04 10:00:00,127.844078064
11795,2020-02-04 11:00:00,127.839363098
11796,2020-02-04 12:00:00,127.836608887
11797,2020-02-04 13:00:00,127.932601929
11798,2020-02-04 14:00:00,128.028839111
11799,2020-02-04 15:00:00,128.125701904
11800,2020-02-04 16:00:00,128.221252441
11801,2020-02-04 17:00:00,128.308349609
11802,2020-02-04 18:00:00,128.375640869
11803,2020-02-04 19:00:00,128.307479858
11804,2020-02-04 20:00:00,128.199905396
11805,2020-02-04 21:00:00,128.056015015
11806,2020-02-04 22:00:00,127.906288147
11807,2020-02-04 23:00:00,127.899337769
11808,2020-02-05 00:00:00,127.897483826
11809,2020-02-05 01:00:00,127.955055237
11810,2020-02-05 02:00:00,128.012359619
11811,2020-02-05 03:00:00,128.070312500
11812,2020-02-05 04:00:00,128.128616333
11813,2020-02-05 05:00:00,128.188186646
11814,2020-02-05 06:00:00,128.247039795
11815,2020-02-05 07:00:00,128.247177124
11816,2020-02-05 08:00:00,128.247070312
11817,2020-02-05 09:00:00,128.246643066
11818,2020-02-05 10:00:00,128.245697021
11819,2020-02-05 11:00:00,128.242431641
11820,2020-02-05 12:00:00,128.236862183
11821,2020-02-05 13:00:00,128.771347046
11822,2020-02-05 14:00:00,129.304840088
11823,2020-02-05 15:00:00,129.835235596
11824,2020-02-05 16:00:00,130.363159180
11825,2020-02-05 17:00:00,130.889389038
11826,2020-02-05 18:00:00,131.401504517
11827,2020-02-05 19:00:00,131.550354004
11828,2020-02-05 20:00:00,131.674346924
11829,2020-02-05 21:00:00,131.786163330
11830,2020-02-05 22:00:00,131.901901245
11831,2020-02-05 23:00:00,132.099075317
11832,2020-02-06 00:00:00,132.301452637
11833,2020-02-06 01:00:00,132.502716064
11834,2020-02-06 02:00:00,132.702682495
11835,2020-02-06 03:00:00,132.903060913
11836,2020-02-06 04:00:00,133.104217529
11837,2020-02-06 05:00:00,133.305404663
11838,2020-02-06 06:00:00,133.507431030
11839,2020-02-06 07:00:00,133.814102173
11840,2020-02-06 08:00:00,134.120635986
11841,2020-02-06 09:00:00,134.427078247
11842,2020-02-06 10:00:00,134.716308594
11843,2020-02-06 11:00:00,135.023437500
11844,2020-02-06 12:00:00,135.312118530
11845,2020-02-06 13:00:00,136.043289185
11846,2020-02-06 14:00:00,136.776107788
11847,2020-02-06 15:00:00,137.508468628
11848,2020-02-06 16:00:00,138.237457275
11849,2020-02-06 17:00:00,138.968902588
11850,2020-02-06 18:00:00,139.672470093
11851,2020-02-06 19:00:00,140.335189819
11852,2020-02-06 20:00:00,140.969833374
11853,2020-02-06 21:00:00,141.582107544
11854,2020-02-06 22:00:00,142.208999634
11855,2020-02-06 23:00:00,142.945693970
11856,2020-02-07 00:00:00,143.699066162
11857,2020-02-07 01:00:00,144.045898438
11858,2020-02-07 02:00:00,144.393447876
11859,2020-02-07 03:00:00,144.740814209
11860,2020-02-07 04:00:00,145.088272095
11861,2020-02-07 05:00:00,145.435699463
11862,2020-02-07 06:00:00,145.784667969
11863,2020-02-07 07:00:00,146.546218872
11864,2020-02-07 08:00:00,147.307235718
11865,2020-02-07 09:00:00,148.066665649
11866,2020-02-07 10:00:00,148.825637817
11867,2020-02-07 11:00:00,149.609756470
11868,2020-02-07 12:00:00,150.370147705
11869,2020-02-07 13:00:00,151.170501709
11870,2020-02-07 14:00:00,151.919189453
11871,2020-02-07 15:00:00,152.662719727
11872,2020-02-07 16:00:00,153.409332275
11873,2020-02-07 17:00:00,154.140533447
11874,2020-02-07 18:00:00,154.830657959
11875,2020-02-07 19:00:00,155.101165771
11876,2020-02-07 20:00:00,155.311660767
11877,2020-02-07 21:00:00,155.503646851
11878,2020-02-07 22:00:00,155.701934814
11879,2020-02-07 23:00:00,156.063003540
11880,2020-02-08 00:00:00,156.427047729
11881,2020-02-08 01:00:00,156.536499023
11882,2020-02-08 02:00:00,156.645812988
11883,2020-02-08 03:00:00,156.755401611
11884,2020-02-08 04:00:00,156.839447021
11885,2020-02-08 05:00:00,156.920532227
11886,2020-02-08 06:00:00,157.027923584
11887,2020-02-08 07:00:00,157.042236328
11888,2020-02-08 08:00:00,157.053161621
11889,2020-02-08 09:00:00,157.061126709
11890,2020-02-08 10:00:00,157.065917969
11891,2020-02-08 11:00:00,157.076126099
11892,2020-02-08 12:00:00,157.084747314
11893,2020-02-08 13:00:00,157.089492798
11894,2020-02-08 14:00:00,157.093826294
11895,2020-02-08 15:00:00,157.097564697
11896,2020-02-08 16:00:00,157.100723267
11897,2020-02-08 17:00:00,157.097396851
11898,2020-02-08 18:00:00,157.048782349
11899,2020-02-08 19:00:00,156.951248169
11900,2020-02-08 20:00:00,156.810455322
11901,2020-02-08 21:00:00,156.678405762
11902,2020-02-08 22:00:00,156.543899536
11903,2020-02-08 23:00:00,156.562240601
11904,2020-02-09 00:00:00,156.580047607
11905,2020-02-09 01:00:00,156.591262817
11906,2020-02-09 02:00:00,156.599945068
11907,2020-02-09 03:00:00,156.605239868
11908,2020-02-09 04:00:00,156.609634399
11909,2020-02-09 05:00:00,156.616394043
11910,2020-02-09 06:00:00,156.627410889
11911,2020-02-09 07:00:00,156.632278442
11912,2020-02-09 08:00:00,156.636383057
11913,2020-02-09 09:00:00,156.640472412
11914,2020-02-09 10:00:00,156.644531250
11915,2020-02-09 11:00:00,156.648284912
11916,2020-02-09 12:00:00,156.653411865
11917,2020-02-09 13:00:00,156.657302856
11918,2020-02-09 14:00:00,156.661437988
11919,2020-02-09 15:00:00,156.667053223
11920,2020-02-09 16:00:00,156.672393799
11921,2020-02-09 17:00:00,156.669677734
11922,2020-02-09 18:00:00,156.631286621
11923,2020-02-09 19:00:00,156.549636841
11924,2020-02-09 20:00:00,156.423187256
11925,2020-02-09 21:00:00,156.274002075
11926,2020-02-09 22:00:00,156.142776489
11927,2020-02-09 23:00:00,156.147583008
11928,2020-02-10 00:00:00,156.148941040
11929,2020-02-10 01:00:00,156.138122559
11930,2020-02-10 02:00:00,156.123077393
11931,2020-02-10 03:00:00,156.104827881
11932,2020-02-10 04:00:00,156.083099365
11933,2020-02-10 05:00:00,156.059600830
11934,2020-02-10 06:00:00,156.037979126
11935,2020-02-10 07:00:00,156.013671875
11936,2020-02-10 08:00:00,155.990768433
11937,2020-02-10 09:00:00,155.966918945
11938,2020-02-10 10:00:00,155.940536499
11939,2020-02-10 11:00:00,155.913589478
11940,2020-02-10 12:00:00,155.884552002
11941,2020-02-10 13:00:00,155.853805542
11942,2020-02-10 14:00:00,155.823120117
11943,2020-02-10 15:00:00,155.793304443
11944,2020-02-10 16:00:00,155.763916016
11945,2020-02-10 17:00:00,155.727081299
11946,2020-02-10 18:00:00,155.655044556
11947,2020-02-10 19:00:00,155.542068481
11948,2020-02-10 20:00:00,155.383422852
11949,2020-02-10 21:00:00,155.221817017
11950,2020-02-10 22:00:00,155.032165527
11951,2020-02-10 23:00:00,154.995452881
11952,2020-02-11 00:00:00,154.961059570
11953,2020-02-11 01:00:00,154.930206299
11954,2020-02-11 02:00:00,154.896240234
11955,2020-02-11 03:00:00,154.867538452
11956,2020-02-11 04:00:00,154.838531494
11957,2020-02-11 05:00:00,154.811065674
11958,2020-02-11 06:00:00,154.783981323
11959,2020-02-11 07:00:00,154.828552246
11960,2020-02-11 08:00:00,154.871185303
11961,2020-02-11 09:00:00,154.846557617
11962,2020-02-11 10:00:00,154.883911133
11963,2020-02-11 11:00:00,154.928497314
11964,2020-02-11 12:00:00,154.974029541
11965,2020-02-11 13:00:00,154.986846924
11966,2020-02-11 14:00:00,154.966400146
11967,2020-02-11 15:00:00,154.947647095
11968,2020-02-11 16:00:00,154.928924561
11969,2020-02-11 17:00:00,154.902801514
11970,2020-02-11 18:00:00,154.847885132
11971,2020-02-11 19:00:00,154.745819092
11972,2020-02-11 20:00:00,154.571853638
11973,2020-02-11 21:00:00,154.393554688
11974,2020-02-11 22:00:00,154.081878662
11975,2020-02-11 23:00:00,153.951812744
11976,2020-02-12 00:00:00,153.839645386
11977,2020-02-12 01:00:00,153.746292114
11978,2020-02-12 02:00:00,153.666473389
11979,2020-02-12 03:00:00,153.598464966
11980,2020-02-12 04:00:00,153.542968750
11981,2020-02-12 05:00:00,153.494644165
11982,2020-02-12 06:00:00,153.452972412
11983,2020-02-12 07:00:00,153.417678833
11984,2020-02-12 08:00:00,153.384613037
11985,2020-02-12 09:00:00,153.352996826
11986,2020-02-12 10:00:00,153.324066162
11987,2020-02-12 11:00:00,153.297821045
11988,2020-02-12 12:00:00,153.275085449
11989,2020-02-12 13:00:00,153.252670288
11990,2020-02-12 14:00:00,153.233047485
11991,2020-02-12 15:00:00,153.210296631
11992,2020-02-12 16:00:00,153.187088013
11993,2020-02-12 17:00:00,153.154251099
11994,2020-02-12 18:00:00,153.097549438
11995,2020-02-12 19:00:00,153.004806519
11996,2020-02-12 20:00:00,152.879318237
11997,2020-02-12 21:00:00,152.735168457
11998,2020-02-12 22:00:00,152.601150513
11999,2020-02-12 23:00:00,152.591751099
12000,2020-02-13 00:00:00,152.582702637
12001,2020-02-13 01:00:00,152.573547363
12002,2020-02-13 02:00:00,152.564910889
12003,2020-02-13 03:00:00,152.557617188
12004,2020-02-13 04:00:00,152.551239014
12005,2020-02-13 05:00:00,152.545486450
12006,2020-02-13 06:00:00,152.539138794
12007,2020-02-13 07:00:00,152.532516479
12008,2020-02-13 08:00:00,152.525512695
12009,2020-02-13 09:00:00,152.517929077
12010,2020-02-13 10:00:00,152.508758545
12011,2020-02-13 11:00:00,152.502105713
12012,2020-02-13 12:00:00,152.495574951
12013,2020-02-13 13:00:00,152.489608765
12014,2020-02-13 14:00:00,152.486389160
12015,2020-02-13 15:00:00,152.481414795
12016,2020-02-13 16:00:00,152.471603394
12017,2020-02-13 17:00:00,154.669677734
12018,2020-02-13 18:00:00,154.627090454
12019,2020-02-13 19:00:00,154.541290283
12020,2020-02-13 20:00:00,154.401947021
12021,2020-02-13 21:00:00,154.239578247
12022,2020-02-13 22:00:00,154.004455566
12023,2020-02-13 23:00:00,153.932510376
12024,2020-02-14 00:00:00,153.875518799
12025,2020-02-14 01:00:00,153.825775146
12026,2020-02-14 02:00:00,153.783966064
12027,2020-02-14 03:00:00,153.748306274
12028,2020-02-14 04:00:00,153.717880249
12029,2020-02-14 05:00:00,153.691955566
12030,2020-02-14 06:00:00,153.669906616
12031,2020-02-14 07:00:00,153.651184082
12032,2020-02-14 08:00:00,153.634796143
12033,2020-02-14 09:00:00,153.618225098
12034,2020-02-14 10:00:00,153.603302002
12035,2020-02-14 11:00:00,153.590988159
12036,2020-02-14 12:00:00,153.579681396
12037,2020-02-14 13:00:00,153.569168091
12038,2020-02-14 14:00:00,153.557281494
12039,2020-02-14 15:00:00,153.545791626
12040,2020-02-14 16:00:00,153.534194946
12041,2020-02-14 17:00:00,153.514236450
12042,2020-02-14 18:00:00,153.446304321
12043,2020-02-14 19:00:00,153.295120239
12044,2020-02-14 20:00:00,152.940750122
12045,2020-02-14 21:00:00,152.335647583
12046,2020-02-14 22:00:00,151.543960571
12047,2020-02-14 23:00:00,151.014495850
12048,2020-02-15 00:00:00,150.579299927
12049,2020-02-15 01:00:00,150.218841553
12050,2020-02-15 02:00:00,149.921279907
12051,2020-02-15 03:00:00,149.676025391
12052,2020-02-15 04:00:00,149.473342896
12053,2020-02-15 05:00:00,149.306259155
12054,2020-02-15 06:00:00,149.168777466
12055,2020-02-15 07:00:00,149.054199219
12056,2020-02-15 08:00:00,148.960266113
12057,2020-02-15 09:00:00,148.881515503
12058,2020-02-15 10:00:00,148.816024780
12059,2020-02-15 11:00:00,148.761413574
12060,2020-02-15 12:00:00,148.715789795
12061,2020-02-15 13:00:00,148.678359985
12062,2020-02-15 14:00:00,148.646530151
12063,2020-02-15 15:00:00,148.619369507
12064,2020-02-15 16:00:00,148.596084595
12065,2020-02-15 17:00:00,148.573211670
12066,2020-02-15 18:00:00,148.517730713
12067,2020-02-15 19:00:00,148.597503662
12068,2020-02-15 20:00:00,148.628616333
12069,2020-02-15 21:00:00,148.625869751
12070,2020-02-15 22:00:00,148.529602051
12071,2020-02-15 23:00:00,148.641342163
12072,2020-02-16 00:00:00,148.766021729
12073,2020-02-16 01:00:00,148.707168579
12074,2020-02-16 02:00:00,148.657775879
12075,2020-02-16 03:00:00,148.616989136
12076,2020-02-16 04:00:00,148.581405640
12077,2020-02-16 05:00:00,148.550888062
12078,2020-02-16 06:00:00,148.525070190
12079,2020-02-16 07:00:00,148.618972778
12080,2020-02-16 08:00:00,148.716812134
12081,2020-02-16 09:00:00,148.833679199
12082,2020-02-16 10:00:00,148.934936523
12083,2020-02-16 11:00:00,149.038513184
12084,2020-02-16 12:00:00,149.227966309
12085,2020-02-16 13:00:00,149.379074097
12086,2020-02-16 14:00:00,149.532165527
12087,2020-02-16 15:00:00,149.729232788
12088,2020-02-16 16:00:00,149.927124023
12089,2020-02-16 17:00:00,150.108932495
12090,2020-02-16 18:00:00,150.256118774
12091,2020-02-16 19:00:00,150.420944214
12092,2020-02-16 20:00:00,150.556762695
12093,2020-02-16 21:00:00,150.540023804
12094,2020-02-16 22:00:00,149.971359253
12095,2020-02-16 23:00:00,149.720672607
12096,2020-02-17 00:00:00,149.566848755
12097,2020-02-17 01:00:00,149.547027588
12098,2020-02-17 02:00:00,149.586730957
12099,2020-02-17 03:00:00,149.679046631
12100,2020-02-17 04:00:00,149.807739258
12101,2020-02-17 05:00:00,149.970703125
12102,2020-02-17 06:00:00,150.163619995
12103,2020-02-17 07:00:00,150.367691040
12104,2020-02-17 08:00:00,150.584823608
12105,2020-02-17 09:00:00,150.775253296
12106,2020-02-17 10:00:00,151.030227661
12107,2020-02-17 11:00:00,151.246917725
12108,2020-02-17 12:00:00,151.516540527
12109,2020-02-17 13:00:00,151.498870850
12110,2020-02-17 14:00:00,151.486846924
12111,2020-02-17 15:00:00,151.475357056
12112,2020-02-17 16:00:00,151.461013794
12113,2020-02-17 17:00:00,151.428070068
12114,2020-02-17 18:00:00,151.355590820
12115,2020-02-17 19:00:00,151.240417480
12116,2020-02-17 20:00:00,151.077697754
12117,2020-02-17 21:00:00,150.936691284
12118,2020-02-17 22:00:00,150.612762451
12119,2020-02-17 23:00:00,150.458740234
12120,2020-02-18 00:00:00,150.330520630
12121,2020-02-18 01:00:00,150.220077515
12122,2020-02-18 02:00:00,150.129196167
12123,2020-02-18 03:00:00,150.052810669
12124,2020-02-18 04:00:00,149.985641479
12125,2020-02-18 05:00:00,149.925018311
12126,2020-02-18 06:00:00,149.872863770
12127,2020-02-18 07:00:00,149.827636719
12128,2020-02-18 08:00:00,149.787689209
12129,2020-02-18 09:00:00,149.754364014
12130,2020-02-18 10:00:00,149.725326538
12131,2020-02-18 11:00:00,149.698226929
12132,2020-02-18 12:00:00,149.670944214
12133,2020-02-18 13:00:00,149.648300171
12134,2020-02-18 14:00:00,149.626724243
12135,2020-02-18 15:00:00,149.605377197
12136,2020-02-18 16:00:00,149.585250854
12137,2020-02-18 17:00:00,149.562454224
12138,2020-02-18 18:00:00,149.506820679
12139,2020-02-18 19:00:00,149.402160645
12140,2020-02-18 20:00:00,149.240325928
12141,2020-02-18 21:00:00,149.071853638
12142,2020-02-18 22:00:00,148.911743164
12143,2020-02-18 23:00:00,148.898925781
12144,2020-02-19 00:00:00,148.882431030
12145,2020-02-19 01:00:00,148.864761353
12146,2020-02-19 02:00:00,148.846084595
12147,2020-02-19 03:00:00,148.829360962
12148,2020-02-19 04:00:00,148.813354492
12149,2020-02-19 05:00:00,148.798065186
12150,2020-02-19 06:00:00,148.784057617
12151,2020-02-19 07:00:00,148.771316528
12152,2020-02-19 08:00:00,148.757568359
12153,2020-02-19 09:00:00,148.744720459
12154,2020-02-19 10:00:00,148.732101440
12155,2020-02-19 11:00:00,148.720291138
12156,2020-02-19 12:00:00,148.708343506
12157,2020-02-19 13:00:00,148.696228027
12158,2020-02-19 14:00:00,148.684509277
12159,2020-02-19 15:00:00,148.671813965
12160,2020-02-19 16:00:00,148.657272339
12161,2020-02-19 17:00:00,148.625503540
12162,2020-02-19 18:00:00,148.572891235
12163,2020-02-19 19:00:00,148.492660522
12164,2020-02-19 20:00:00,148.376831055
12165,2020-02-19 21:00:00,148.226943970
12166,2020-02-19 22:00:00,148.065780640
12167,2020-02-19 23:00:00,148.062042236
12168,2020-02-20 00:00:00,148.057250977
12169,2020-02-20 01:00:00,148.048492432
12170,2020-02-20 02:00:00,148.040802002
12171,2020-02-20 03:00:00,148.032531738
12172,2020-02-20 04:00:00,148.022491455
12173,2020-02-20 05:00:00,148.011978149
12174,2020-02-20 06:00:00,148.002014160
12175,2020-02-20 07:00:00,147.993560791
12176,2020-02-20 08:00:00,147.986114502
12177,2020-02-20 09:00:00,147.978607178
12178,2020-02-20 10:00:00,147.970886230
12179,2020-02-20 11:00:00,147.960952759
12180,2020-02-20 12:00:00,147.950164795
12181,2020-02-20 13:00:00,147.938262939
12182,2020-02-20 14:00:00,147.926025391
12183,2020-02-20 15:00:00,147.913040161
12184,2020-02-20 16:00:00,147.902862549
12185,2020-02-20 17:00:00,147.885330200
12186,2020-02-20 18:00:00,147.821029663
12187,2020-02-20 19:00:00,147.704650879
12188,2020-02-20 20:00:00,147.531600952
12189,2020-02-20 21:00:00,147.189575195
12190,2020-02-20 22:00:00,146.775665283
12191,2020-02-20 23:00:00,146.574035645
12192,2020-02-21 00:00:00,146.408279419
12193,2020-02-21 01:00:00,146.273727417
12194,2020-02-21 02:00:00,146.162841797
12195,2020-02-21 03:00:00,146.072113037
12196,2020-02-21 04:00:00,145.996871948
12197,2020-02-21 05:00:00,145.934585571
12198,2020-02-21 06:00:00,145.883178711
12199,2020-02-21 07:00:00,145.840744019
12200,2020-02-21 08:00:00,145.806167603
12201,2020-02-21 09:00:00,145.777801514
12202,2020-02-21 10:00:00,145.754486084
12203,2020-02-21 11:00:00,145.735809326
12204,2020-02-21 12:00:00,145.722290039
12205,2020-02-21 13:00:00,145.714126587
12206,2020-02-21 14:00:00,145.712219238
12207,2020-02-21 15:00:00,145.713500977
12208,2020-02-21 16:00:00,145.714355469
12209,2020-02-21 17:00:00,145.711044312
12210,2020-02-21 18:00:00,145.665954590
12211,2020-02-21 19:00:00,145.562896729
12212,2020-02-21 20:00:00,145.411178589
12213,2020-02-21 21:00:00,145.239669800
12214,2020-02-21 22:00:00,144.903640747
12215,2020-02-21 23:00:00,144.782257080
12216,2020-02-22 00:00:00,144.681777954
12217,2020-02-22 01:00:00,144.596008301
12218,2020-02-22 02:00:00,144.525955200
12219,2020-02-22 03:00:00,144.469390869
12220,2020-02-22 04:00:00,144.420471191
12221,2020-02-22 05:00:00,144.381042480
12222,2020-02-22 06:00:00,144.346786499
12223,2020-02-22 07:00:00,144.319290161
12224,2020-02-22 08:00:00,144.296707153
12225,2020-02-22 09:00:00,144.277328491
12226,2020-02-22 10:00:00,144.260910034
12227,2020-02-22 11:00:00,144.247589111
12228,2020-02-22 12:00:00,144.237350464
12229,2020-02-22 13:00:00,144.228271484
12230,2020-02-22 14:00:00,144.220901489
12231,2020-02-22 15:00:00,144.213912964
12232,2020-02-22 16:00:00,144.205596924
12233,2020-02-22 17:00:00,144.178222656
12234,2020-02-22 18:00:00,144.103958130
12235,2020-02-22 19:00:00,144.249969482
12236,2020-02-22 20:00:00,144.194442749
12237,2020-02-22 21:00:00,143.668029785
12238,2020-02-22 22:00:00,142.706085205
12239,2020-02-22 23:00:00,142.129394531
12240,2020-02-23 00:00:00,141.721893311
12241,2020-02-23 01:00:00,142.545303345
12242,2020-02-23 02:00:00,143.479904175
12243,2020-02-23 03:00:00,144.514312744
12244,2020-02-23 04:00:00,145.635223389
12245,2020-02-23 05:00:00,146.833175659
12246,2020-02-23 06:00:00,148.099548340
12247,2020-02-23 07:00:00,148.318511963
12248,2020-02-23 08:00:00,148.556350708
12249,2020-02-23 09:00:00,148.812896729
12250,2020-02-23 10:00:00,149.054809570
12251,2020-02-23 11:00:00,149.334976196
12252,2020-02-23 12:00:00,149.599334717
12253,2020-02-23 13:00:00,149.976150513
12254,2020-02-23 14:00:00,150.358001709
12255,2020-02-23 15:00:00,150.741409302
12256,2020-02-23 16:00:00,151.123672485
12257,2020-02-23 17:00:00,151.494995117
12258,2020-02-23 18:00:00,151.827056885
12259,2020-02-23 19:00:00,151.737792969
12260,2020-02-23 20:00:00,151.605163574
12261,2020-02-23 21:00:00,151.454010010
12262,2020-02-23 22:00:00,151.316467285
12263,2020-02-23 23:00:00,151.319305420
12264,2020-02-24 00:00:00,151.333404541
12265,2020-02-24 01:00:00,151.347503662
12266,2020-02-24 02:00:00,151.362609863
12267,2020-02-24 03:00:00,151.382873535
12268,2020-02-24 04:00:00,151.402008057
12269,2020-02-24 05:00:00,151.418853760
12270,2020-02-24 06:00:00,151.435638428
12271,2020-02-24 07:00:00,151.450256348
12272,2020-02-24 08:00:00,151.462493896
12273,2020-02-24 09:00:00,151.473434448
12274,2020-02-24 10:00:00,151.484069824
12275,2020-02-24 11:00:00,151.493774414
12276,2020-02-24 12:00:00,151.504486084
12277,2020-02-24 13:00:00,151.558013916
12278,2020-02-24 14:00:00,151.608200073
12279,2020-02-24 15:00:00,151.611709595
12280,2020-02-24 16:00:00,151.606369019
12281,2020-02-24 17:00:00,151.585296631
12282,2020-02-24 18:00:00,151.536239624
12283,2020-02-24 19:00:00,151.458465576
12284,2020-02-24 20:00:00,151.349960327
12285,2020-02-24 21:00:00,151.239990234
12286,2020-02-24 22:00:00,151.126022339
12287,2020-02-24 23:00:00,151.102340698
12288,2020-02-25 00:00:00,151.083755493
12289,2020-02-25 01:00:00,151.064895630
12290,2020-02-25 02:00:00,151.046859741
12291,2020-02-25 03:00:00,151.031784058
12292,2020-02-25 04:00:00,151.017028809
12293,2020-02-25 05:00:00,151.000732422
12294,2020-02-25 06:00:00,150.984222412
12295,2020-02-25 07:00:00,150.968948364
12296,2020-02-25 08:00:00,150.951339722
12297,2020-02-25 09:00:00,150.933029175
12298,2020-02-25 10:00:00,150.914718628
12299,2020-02-25 11:00:00,150.895721436
12300,2020-02-25 12:00:00,150.877105713
12301,2020-02-25 13:00:00,150.858352661
12302,2020-02-25 14:00:00,150.838989258
12303,2020-02-25 15:00:00,150.820983887
12304,2020-02-25 16:00:00,150.802703857
12305,2020-02-25 17:00:00,150.776885986
12306,2020-02-25 18:00:00,150.737518311
12307,2020-02-25 19:00:00,150.676513672
12308,2020-02-25 20:00:00,150.589477539
12309,2020-02-25 21:00:00,150.497146606
12310,2020-02-25 22:00:00,150.406112671
12311,2020-02-25 23:00:00,150.398544312
12312,2020-02-26 00:00:00,150.395675659
12313,2020-02-26 01:00:00,150.394729614
12314,2020-02-26 02:00:00,150.396087646
12315,2020-02-26 03:00:00,150.397293091
12316,2020-02-26 04:00:00,150.399353027
12317,2020-02-26 05:00:00,150.403594971
12318,2020-02-26 06:00:00,150.407073975
12319,2020-02-26 07:00:00,150.409973145
12320,2020-02-26 08:00:00,150.411178589
12321,2020-02-26 09:00:00,150.406707764
12322,2020-02-26 10:00:00,150.401779175
12323,2020-02-26 11:00:00,150.401184082
12324,2020-02-26 12:00:00,150.400848389
12325,2020-02-26 13:00:00,150.696777344
12326,2020-02-26 14:00:00,150.993820190
12327,2020-02-26 15:00:00,150.986511230
12328,2020-02-26 16:00:00,151.272827148
12329,2020-02-26 17:00:00,151.553070068
12330,2020-02-26 18:00:00,151.802886963
12331,2020-02-26 19:00:00,152.016265869
12332,2020-02-26 20:00:00,152.192611694
12333,2020-02-26 21:00:00,152.364669800
12334,2020-02-26 22:00:00,152.541107178
12335,2020-02-26 23:00:00,152.851943970
12336,2020-02-27 00:00:00,153.163116455
12337,2020-02-27 01:00:00,153.473098755
12338,2020-02-27 02:00:00,153.781585693
12339,2020-02-27 03:00:00,154.090026855
12340,2020-02-27 04:00:00,154.398986816
12341,2020-02-27 05:00:00,154.708892822
12342,2020-02-27 06:00:00,155.019699097
12343,2020-02-27 07:00:00,155.331878662
12344,2020-02-27 08:00:00,155.643157959
12345,2020-02-27 09:00:00,155.955444336
12346,2020-02-27 10:00:00,156.268707275
12347,2020-02-27 11:00:00,156.582214355
12348,2020-02-27 12:00:00,156.896972656
12349,2020-02-27 13:00:00,156.909271240
12350,2020-02-27 14:00:00,156.921691895
12351,2020-02-27 15:00:00,156.933227539
12352,2020-02-27 16:00:00,156.938903809
12353,2020-02-27 17:00:00,156.925140381
12354,2020-02-27 18:00:00,156.877227783
12355,2020-02-27 19:00:00,156.792984009
12356,2020-02-27 20:00:00,156.660919189
12357,2020-02-27 21:00:00,156.521209717
12358,2020-02-27 22:00:00,156.379913330
12359,2020-02-27 23:00:00,156.389923096
12360,2020-02-28 00:00:00,156.401412964
12361,2020-02-28 01:00:00,156.410644531
12362,2020-02-28 02:00:00,156.419708252
12363,2020-02-28 03:00:00,156.428359985
12364,2020-02-28 04:00:00,156.436004639
12365,2020-02-28 05:00:00,156.442443848
12366,2020-02-28 06:00:00,156.448348999
12367,2020-02-28 07:00:00,156.455139160
12368,2020-02-28 08:00:00,156.462127686
12369,2020-02-28 09:00:00,156.469299316
12370,2020-02-28 10:00:00,156.476425171
12371,2020-02-28 11:00:00,156.482666016
12372,2020-02-28 12:00:00,156.489013672
12373,2020-02-28 13:00:00,156.495208740
12374,2020-02-28 14:00:00,156.497665405
12375,2020-02-28 15:00:00,156.497711182
12376,2020-02-28 16:00:00,156.494781494
12377,2020-02-28 17:00:00,156.478637695
12378,2020-02-28 18:00:00,156.413604736
12379,2020-02-28 19:00:00,156.803192139
12380,2020-02-28 20:00:00,156.928894043
12381,2020-02-28 21:00:00,156.849517822
12382,2020-02-28 22:00:00,156.701675415
12383,2020-02-28 23:00:00,156.710128784
12384,2020-02-29 00:00:00,156.716690063
12385,2020-02-29 01:00:00,156.719543457
12386,2020-02-29 02:00:00,156.723114014
12387,2020-02-29 03:00:00,156.726058960
12388,2020-02-29 04:00:00,156.728759766
12389,2020-02-29 05:00:00,156.730621338
12390,2020-02-29 06:00:00,156.732147217
12391,2020-02-29 07:00:00,156.734252930
12392,2020-02-29 08:00:00,156.735824585
12393,2020-02-29 09:00:00,156.737762451
12394,2020-02-29 10:00:00,156.738983154
12395,2020-02-29 11:00:00,156.741958618
12396,2020-02-29 12:00:00,156.743896484
12397,2020-02-29 13:00:00,156.745788574
12398,2020-02-29 14:00:00,156.747680664
12399,2020-02-29 15:00:00,156.749908447
12400,2020-02-29 16:00:00,156.752197266
12401,2020-02-29 17:00:00,156.750732422
12402,2020-02-29 18:00:00,156.714996338
12403,2020-02-29 19:00:00,156.894317627
12404,2020-02-29 20:00:00,157.017990112
12405,2020-02-29 21:00:00,156.861175537
12406,2020-02-29 22:00:00,156.705123901
12407,2020-02-29 23:00:00,156.714263916
12408,2020-03-01 00:00:00,156.721389771
12409,2020-03-01 01:00:00,156.727706909
12410,2020-03-01 02:00:00,156.733093262
12411,2020-03-01 03:00:00,156.736007690
12412,2020-03-01 04:00:00,156.739013672
12413,2020-03-01 05:00:00,156.741867065
12414,2020-03-01 06:00:00,156.744873047
12415,2020-03-01 07:00:00,156.750198364
12416,2020-03-01 08:00:00,156.754180908
12417,2020-03-01 09:00:00,156.757812500
12418,2020-03-01 10:00:00,156.761642456
12419,2020-03-01 11:00:00,156.766754150
12420,2020-03-01 12:00:00,156.772064209
12421,2020-03-01 13:00:00,156.776092529
12422,2020-03-01 14:00:00,156.780914307
12423,2020-03-01 15:00:00,156.783782959
12424,2020-03-01 16:00:00,156.785415649
12425,2020-03-01 17:00:00,156.774169922
12426,2020-03-01 18:00:00,156.742202759
12427,2020-03-01 19:00:00,156.682937622
12428,2020-03-01 20:00:00,156.598968506
12429,2020-03-01 21:00:00,156.447189331
12430,2020-03-01 22:00:00,156.066223145
12431,2020-03-01 23:00:00,155.880966187
12432,2020-03-02 00:00:00,155.729125977
12433,2020-03-02 01:00:00,155.605361938
12434,2020-03-02 02:00:00,155.503524780
12435,2020-03-02 03:00:00,155.415115356
12436,2020-03-02 04:00:00,155.342117310
12437,2020-03-02 05:00:00,155.287368774
12438,2020-03-02 06:00:00,155.238662720
12439,2020-03-02 07:00:00,156.172805786
12440,2020-03-02 08:00:00,157.118652344
12441,2020-03-02 09:00:00,158.079345703
12442,2020-03-02 10:00:00,159.053009033
12443,2020-03-02 11:00:00,160.036865234
12444,2020-03-02 12:00:00,161.021194458
12445,2020-03-02 13:00:00,161.072723389
12446,2020-03-02 14:00:00,161.110382080
12447,2020-03-02 15:00:00,161.140625000
12448,2020-03-02 16:00:00,161.178695679
12449,2020-03-02 17:00:00,161.195770264
12450,2020-03-02 18:00:00,161.177627563
12451,2020-03-02 19:00:00,161.095214844
12452,2020-03-02 20:00:00,160.961135864
12453,2020-03-02 21:00:00,160.843292236
12454,2020-03-02 22:00:00,160.649948120
12455,2020-03-02 23:00:00,160.611251831
12456,2020-03-03 00:00:00,160.577163696
12457,2020-03-03 01:00:00,160.546875000
12458,2020-03-03 02:00:00,160.518249512
12459,2020-03-03 03:00:00,160.492431641
12460,2020-03-03 04:00:00,160.469100952
12461,2020-03-03 05:00:00,160.442794800
12462,2020-03-03 06:00:00,160.415542603
12463,2020-03-03 07:00:00,160.391021729
12464,2020-03-03 08:00:00,160.365829468
12465,2020-03-03 09:00:00,160.340637207
12466,2020-03-03 10:00:00,160.315475464
12467,2020-03-03 11:00:00,160.288909912
12468,2020-03-03 12:00:00,160.261184692
12469,2020-03-03 13:00:00,160.237533569
12470,2020-03-03 14:00:00,160.210739136
12471,2020-03-03 15:00:00,160.189254761
12472,2020-03-03 16:00:00,160.167495728
12473,2020-03-03 17:00:00,160.132232666
12474,2020-03-03 18:00:00,160.054351807
12475,2020-03-03 19:00:00,159.934753418
12476,2020-03-03 20:00:00,159.755142212
12477,2020-03-03 21:00:00,159.491546631
12478,2020-03-03 22:00:00,158.965332031
12479,2020-03-03 23:00:00,158.669769287
12480,2020-03-04 00:00:00,158.423156738
12481,2020-03-04 01:00:00,158.210800171
12482,2020-03-04 02:00:00,158.025909424
12483,2020-03-04 03:00:00,157.875061035
12484,2020-03-04 04:00:00,157.742156982
12485,2020-03-04 05:00:00,157.634231567
12486,2020-03-04 06:00:00,157.548706055
12487,2020-03-04 07:00:00,157.480819702
12488,2020-03-04 08:00:00,157.422332764
12489,2020-03-04 09:00:00,157.372711182
12490,2020-03-04 10:00:00,157.329498291
12491,2020-03-04 11:00:00,157.292190552
12492,2020-03-04 12:00:00,157.255279541
12493,2020-03-04 13:00:00,157.224594116
12494,2020-03-04 14:00:00,157.197555542
12495,2020-03-04 15:00:00,157.171722412
12496,2020-03-04 16:00:00,157.148574829
12497,2020-03-04 17:00:00,157.122528076
12498,2020-03-04 18:00:00,157.049682617
12499,2020-03-04 19:00:00,156.917846680
12500,2020-03-04 20:00:00,156.686141968
12501,2020-03-04 21:00:00,156.114486694
12502,2020-03-04 22:00:00,155.389480591
12503,2020-03-04 23:00:00,154.943908691
12504,2020-03-05 00:00:00,154.576400757
12505,2020-03-05 01:00:00,154.273254395
12506,2020-03-05 02:00:00,154.025314331
12507,2020-03-05 03:00:00,153.822006226
12508,2020-03-05 04:00:00,153.653671265
12509,2020-03-05 05:00:00,153.512985229
12510,2020-03-05 06:00:00,153.395874023
12511,2020-03-05 07:00:00,153.299682617
12512,2020-03-05 08:00:00,153.217605591
12513,2020-03-05 09:00:00,153.147994995
12514,2020-03-05 10:00:00,153.087860107
12515,2020-03-05 11:00:00,153.037490845
12516,2020-03-05 12:00:00,152.994842529
12517,2020-03-05 13:00:00,152.956253052
12518,2020-03-05 14:00:00,152.922851562
12519,2020-03-05 15:00:00,152.894622803
12520,2020-03-05 16:00:00,152.870300293
12521,2020-03-05 17:00:00,152.844680786
12522,2020-03-05 18:00:00,152.788436890
12523,2020-03-05 19:00:00,152.679412842
12524,2020-03-05 20:00:00,152.501602173
12525,2020-03-05 21:00:00,152.309280396
12526,2020-03-05 22:00:00,151.901412964
12527,2020-03-05 23:00:00,151.713623047
12528,2020-03-06 00:00:00,151.556320190
12529,2020-03-06 01:00:00,151.424865723
12530,2020-03-06 02:00:00,151.315338135
12531,2020-03-06 03:00:00,151.224212646
12532,2020-03-06 04:00:00,151.147750854
12533,2020-03-06 05:00:00,151.084884644
12534,2020-03-06 06:00:00,151.033874512
12535,2020-03-06 07:00:00,150.991592407
12536,2020-03-06 08:00:00,150.959304810
12537,2020-03-06 09:00:00,150.931228638
12538,2020-03-06 10:00:00,150.906433105
12539,2020-03-06 11:00:00,150.883682251
12540,2020-03-06 12:00:00,150.864379883
12541,2020-03-06 13:00:00,150.848937988
12542,2020-03-06 14:00:00,150.834716797
12543,2020-03-06 15:00:00,150.823348999
12544,2020-03-06 16:00:00,150.812164307
12545,2020-03-06 17:00:00,150.792587280
12546,2020-03-06 18:00:00,150.727966309
12547,2020-03-06 19:00:00,150.603134155
12548,2020-03-06 20:00:00,150.431396484
12549,2020-03-06 21:00:00,149.956054688
12550,2020-03-06 22:00:00,149.002410889
12551,2020-03-06 23:00:00,148.384674072
12552,2020-03-07 00:00:00,147.881149292
12553,2020-03-07 01:00:00,147.465774536
12554,2020-03-07 02:00:00,147.123947144
12555,2020-03-07 03:00:00,146.841323853
12556,2020-03-07 04:00:00,146.609680176
12557,2020-03-07 05:00:00,146.420379639
12558,2020-03-07 06:00:00,146.265243530
12559,2020-03-07 07:00:00,146.138793945
12560,2020-03-07 08:00:00,146.035614014
12561,2020-03-07 09:00:00,145.951721191
12562,2020-03-07 10:00:00,145.878677368
12563,2020-03-07 11:00:00,145.813552856
12564,2020-03-07 12:00:00,145.759597778
12565,2020-03-07 13:00:00,145.716491699
12566,2020-03-07 14:00:00,145.683547974
12567,2020-03-07 15:00:00,145.651748657
12568,2020-03-07 16:00:00,145.623153687
12569,2020-03-07 17:00:00,145.575592041
12570,2020-03-07 18:00:00,145.461853027
12571,2020-03-07 19:00:00,145.287414551
12572,2020-03-07 20:00:00,144.711273193
12573,2020-03-07 21:00:00,143.770828247
12574,2020-03-07 22:00:00,142.584686279
12575,2020-03-07 23:00:00,141.760208130
12576,2020-03-08 00:00:00,141.087249756
12577,2020-03-08 01:00:00,141.122039795
12578,2020-03-08 02:00:00,141.260406494
12579,2020-03-08 03:00:00,141.487609863
12580,2020-03-08 04:00:00,141.789108276
12581,2020-03-08 05:00:00,142.149291992
12582,2020-03-08 06:00:00,142.557800293
12583,2020-03-08 07:00:00,142.415466309
12584,2020-03-08 08:00:00,142.297241211
12585,2020-03-08 09:00:00,142.199417114
12586,2020-03-08 10:00:00,142.118606567
12587,2020-03-08 11:00:00,142.054458618
12588,2020-03-08 12:00:00,142.002777100
12589,2020-03-08 13:00:00,141.959304810
12590,2020-03-08 14:00:00,141.923034668
12591,2020-03-08 15:00:00,141.891387939
12592,2020-03-08 16:00:00,141.857940674
12593,2020-03-08 17:00:00,141.803756714
12594,2020-03-08 18:00:00,141.721420288
12595,2020-03-08 19:00:00,141.919799805
12596,2020-03-08 20:00:00,142.083374023
12597,2020-03-08 21:00:00,142.130905151
12598,2020-03-08 22:00:00,141.640930176
12599,2020-03-08 23:00:00,141.463226318
12600,2020-03-09 00:00:00,141.377914429
12601,2020-03-09 01:00:00,141.249984741
12602,2020-03-09 02:00:00,141.183883667
12603,2020-03-09 03:00:00,141.160873413
12604,2020-03-09 04:00:00,141.177017212
12605,2020-03-09 05:00:00,141.224761963
12606,2020-03-09 06:00:00,141.299285889
12607,2020-03-09 07:00:00,141.195755005
12608,2020-03-09 08:00:00,141.109786987
12609,2020-03-09 09:00:00,141.038696289
12610,2020-03-09 10:00:00,140.981994629
12611,2020-03-09 11:00:00,140.937164307
12612,2020-03-09 12:00:00,140.896667480
12613,2020-03-09 13:00:00,140.863998413
12614,2020-03-09 14:00:00,140.835693359
12615,2020-03-09 15:00:00,140.813156128
12616,2020-03-09 16:00:00,140.791503906
12617,2020-03-09 17:00:00,140.763778687
12618,2020-03-09 18:00:00,140.698577881
12619,2020-03-09 19:00:00,140.577804565
12620,2020-03-09 20:00:00,140.131958008
12621,2020-03-09 21:00:00,139.691635132
12622,2020-03-09 22:00:00,139.049758911
12623,2020-03-09 23:00:00,138.636810303
12624,2020-03-10 00:00:00,138.297210693
12625,2020-03-10 01:00:00,138.014968872
12626,2020-03-10 02:00:00,137.778869629
12627,2020-03-10 03:00:00,137.581298828
12628,2020-03-10 04:00:00,137.416992188
12629,2020-03-10 05:00:00,137.279586792
12630,2020-03-10 06:00:00,137.164382935
12631,2020-03-10 07:00:00,137.068817139
12632,2020-03-10 08:00:00,136.988067627
12633,2020-03-10 09:00:00,136.919509888
12634,2020-03-10 10:00:00,136.861648560
12635,2020-03-10 11:00:00,136.813507080
12636,2020-03-10 12:00:00,136.770843506
12637,2020-03-10 13:00:00,136.734146118
12638,2020-03-10 14:00:00,136.702178955
12639,2020-03-10 15:00:00,136.673080444
12640,2020-03-10 16:00:00,136.645935059
12641,2020-03-10 17:00:00,136.598678589
12642,2020-03-10 18:00:00,136.541946411
12643,2020-03-10 19:00:00,136.771392822
12644,2020-03-10 20:00:00,136.992233276
12645,2020-03-10 21:00:00,137.206115723
12646,2020-03-10 22:00:00,137.367782593
12647,2020-03-10 23:00:00,137.663116455
12648,2020-03-11 00:00:00,137.966705322
12649,2020-03-11 01:00:00,137.968490601
12650,2020-03-11 02:00:00,137.964889526
12651,2020-03-11 03:00:00,137.963348389
12652,2020-03-11 04:00:00,137.959243774
12653,2020-03-11 05:00:00,137.958572388
12654,2020-03-11 06:00:00,137.956253052
12655,2020-03-11 07:00:00,137.952941895
12656,2020-03-11 08:00:00,137.949523926
12657,2020-03-11 09:00:00,137.942321777
12658,2020-03-11 10:00:00,137.934997559
12659,2020-03-11 11:00:00,137.927673340
12660,2020-03-11 12:00:00,137.921279907
12661,2020-03-11 13:00:00,137.917938232
12662,2020-03-11 14:00:00,137.914337158
12663,2020-03-11 15:00:00,137.909652710
12664,2020-03-11 16:00:00,137.903793335
12665,2020-03-11 17:00:00,137.892181396
12666,2020-03-11 18:00:00,137.911285400
12667,2020-03-11 19:00:00,138.246429443
12668,2020-03-11 20:00:00,138.534500122
12669,2020-03-11 21:00:00,138.617065430
12670,2020-03-11 22:00:00,138.250778198
12671,2020-03-11 23:00:00,138.160018921
12672,2020-03-12 00:00:00,138.168701172
12673,2020-03-12 01:00:00,137.858474731
12674,2020-03-12 02:00:00,137.604766846
12675,2020-03-12 03:00:00,137.388793945
12676,2020-03-12 04:00:00,137.209487915
12677,2020-03-12 05:00:00,137.059036255
12678,2020-03-12 06:00:00,136.936630249
12679,2020-03-12 07:00:00,136.836700439
12680,2020-03-12 08:00:00,136.756561279
12681,2020-03-12 09:00:00,136.691787720
12682,2020-03-12 10:00:00,136.636566162
12683,2020-03-12 11:00:00,136.588516235
12684,2020-03-12 12:00:00,136.554504395
12685,2020-03-12 13:00:00,136.527618408
12686,2020-03-12 14:00:00,136.505325317
12687,2020-03-12 15:00:00,136.488800049
12688,2020-03-12 16:00:00,136.467758179
12689,2020-03-12 17:00:00,136.420928955
12690,2020-03-12 18:00:00,136.333435059
12691,2020-03-12 19:00:00,136.194183350
12692,2020-03-12 20:00:00,135.843734741
12693,2020-03-12 21:00:00,135.151062012
12694,2020-03-12 22:00:00,134.213928223
12695,2020-03-12 23:00:00,133.152862549
12696,2020-03-13 00:00:00,132.395614624
12697,2020-03-13 01:00:00,131.770065308
12698,2020-03-13 02:00:00,131.253707886
12699,2020-03-13 03:00:00,130.829025269
12700,2020-03-13 04:00:00,130.478118896
12701,2020-03-13 05:00:00,130.187927246
12702,2020-03-13 06:00:00,129.947631836
12703,2020-03-13 07:00:00,130.521408081
12704,2020-03-13 08:00:00,131.133895874
12705,2020-03-13 09:00:00,131.790145874
12706,2020-03-13 10:00:00,132.434005737
12707,2020-03-13 11:00:00,133.148803711
12708,2020-03-13 12:00:00,133.847930908
12709,2020-03-13 13:00:00,136.392547607
12710,2020-03-13 14:00:00,138.935974121
12711,2020-03-13 15:00:00,141.838439941
12712,2020-03-13 16:00:00,144.736129761
12713,2020-03-13 17:00:00,147.618453979
12714,2020-03-13 18:00:00,150.487091064
12715,2020-03-13 19:00:00,151.876220703
12716,2020-03-13 20:00:00,153.251205444
12717,2020-03-13 21:00:00,154.578994751
12718,2020-03-13 22:00:00,155.890014648
12719,2020-03-13 23:00:00,157.226516724
12720,2020-03-14 00:00:00,158.686691284
12721,2020-03-14 01:00:00,159.076583862
12722,2020-03-14 02:00:00,159.462310791
12723,2020-03-14 03:00:00,159.844100952
12724,2020-03-14 04:00:00,160.226943970
12725,2020-03-14 05:00:00,160.610473633
12726,2020-03-14 06:00:00,160.992919922
12727,2020-03-14 07:00:00,161.007568359
12728,2020-03-14 08:00:00,161.019195557
12729,2020-03-14 09:00:00,161.036056519
12730,2020-03-14 10:00:00,161.051223755
12731,2020-03-14 11:00:00,161.064956665
12732,2020-03-14 12:00:00,161.074249268
12733,2020-03-14 13:00:00,161.686309814
12734,2020-03-14 14:00:00,162.297164917
12735,2020-03-14 15:00:00,162.930160522
12736,2020-03-14 16:00:00,163.539215088
12737,2020-03-14 17:00:00,164.134689331
12738,2020-03-14 18:00:00,164.704772949
12739,2020-03-14 19:00:00,164.649261475
12740,2020-03-14 20:00:00,164.557113647
12741,2020-03-14 21:00:00,164.434616089
12742,2020-03-14 22:00:00,164.287399292
12743,2020-03-14 23:00:00,164.158416748
12744,2020-03-15 00:00:00,164.171997070
12745,2020-03-15 01:00:00,164.184906006
12746,2020-03-15 02:00:00,164.198669434
12747,2020-03-15 03:00:00,164.215209961
12748,2020-03-15 04:00:00,164.230102539
12749,2020-03-15 05:00:00,164.247985840
12750,2020-03-15 06:00:00,164.265777588
12751,2020-03-15 07:00:00,164.285736084
12752,2020-03-15 08:00:00,164.308380127
12753,2020-03-15 09:00:00,164.325973511
12754,2020-03-15 10:00:00,164.345825195
12755,2020-03-15 11:00:00,164.365234375
12756,2020-03-15 12:00:00,164.388351440
12757,2020-03-15 13:00:00,164.500213623
12758,2020-03-15 14:00:00,164.518463135
12759,2020-03-15 15:00:00,164.534423828
12760,2020-03-15 16:00:00,164.548370361
12761,2020-03-15 17:00:00,164.548461914
12762,2020-03-15 18:00:00,164.508453369
12763,2020-03-15 19:00:00,164.430358887
12764,2020-03-15 20:00:00,164.312591553
12765,2020-03-15 21:00:00,164.097106934
12766,2020-03-15 22:00:00,163.547515869
12767,2020-03-15 23:00:00,162.707901001
12768,2020-03-16 00:00:00,162.134658813
12769,2020-03-16 01:00:00,161.653884888
12770,2020-03-16 02:00:00,161.246246338
12771,2020-03-16 03:00:00,160.902069092
12772,2020-03-16 04:00:00,160.610717773
12773,2020-03-16 05:00:00,160.363677979
12774,2020-03-16 06:00:00,160.154525757
12775,2020-03-16 07:00:00,159.973892212
12776,2020-03-16 08:00:00,159.818634033
12777,2020-03-16 09:00:00,159.683593750
12778,2020-03-16 10:00:00,159.564056396
12779,2020-03-16 11:00:00,159.452850342
12780,2020-03-16 12:00:00,159.353210449
12781,2020-03-16 13:00:00,159.263626099
12782,2020-03-16 14:00:00,159.181671143
12783,2020-03-16 15:00:00,159.107147217
12784,2020-03-16 16:00:00,159.037612915
12785,2020-03-16 17:00:00,158.966674805
12786,2020-03-16 18:00:00,158.850479126
12787,2020-03-16 19:00:00,158.718750000
12788,2020-03-16 20:00:00,158.289428711
12789,2020-03-16 21:00:00,157.561706543
12790,2020-03-16 22:00:00,156.638839722
12791,2020-03-16 23:00:00,155.624404907
12792,2020-03-17 00:00:00,154.913635254
12793,2020-03-17 01:00:00,154.323379517
12794,2020-03-17 02:00:00,153.831069946
12795,2020-03-17 03:00:00,153.420471191
12796,2020-03-17 04:00:00,153.077621460
12797,2020-03-17 05:00:00,152.790100098
12798,2020-03-17 06:00:00,152.546936035
12799,2020-03-17 07:00:00,152.345703125
12800,2020-03-17 08:00:00,152.176177979
12801,2020-03-17 09:00:00,152.031936646
12802,2020-03-17 10:00:00,151.909133911
12803,2020-03-17 11:00:00,151.805313110
12804,2020-03-17 12:00:00,151.718704224
12805,2020-03-17 13:00:00,151.643981934
12806,2020-03-17 14:00:00,151.581024170
12807,2020-03-17 15:00:00,151.525283813
12808,2020-03-17 16:00:00,151.472839355
12809,2020-03-17 17:00:00,151.403366089
12810,2020-03-17 18:00:00,151.295166016
12811,2020-03-17 19:00:00,151.159194946
12812,2020-03-17 20:00:00,150.905685425
12813,2020-03-17 21:00:00,150.189208984
12814,2020-03-17 22:00:00,149.446945190
12815,2020-03-17 23:00:00,148.599441528
12816,2020-03-18 00:00:00,148.011398315
12817,2020-03-18 01:00:00,147.521606445
12818,2020-03-18 02:00:00,147.112960815
12819,2020-03-18 03:00:00,146.773880005
12820,2020-03-18 04:00:00,146.492004395
12821,2020-03-18 05:00:00,146.257385254
12822,2020-03-18 06:00:00,146.063217163
12823,2020-03-18 07:00:00,145.898651123
12824,2020-03-18 08:00:00,145.759658813
12825,2020-03-18 09:00:00,145.647109985
12826,2020-03-18 10:00:00,145.555465698
12827,2020-03-18 11:00:00,145.480819702
12828,2020-03-18 12:00:00,145.421340942
12829,2020-03-18 13:00:00,145.370376587
12830,2020-03-18 14:00:00,145.327590942
12831,2020-03-18 15:00:00,145.290740967
12832,2020-03-18 16:00:00,145.254547119
12833,2020-03-18 17:00:00,145.207382202
12834,2020-03-18 18:00:00,145.124237061
12835,2020-03-18 19:00:00,145.063781738
12836,2020-03-18 20:00:00,144.977035522
12837,2020-03-18 21:00:00,144.841323853
12838,2020-03-18 22:00:00,144.383804321
12839,2020-03-18 23:00:00,143.841171265
12840,2020-03-19 00:00:00,143.508331299
12841,2020-03-19 01:00:00,143.885223389
12842,2020-03-19 02:00:00,144.329406738
12843,2020-03-19 03:00:00,144.799591064
12844,2020-03-19 04:00:00,145.324996948
12845,2020-03-19 05:00:00,145.897537231
12846,2020-03-19 06:00:00,146.468139648
12847,2020-03-19 07:00:00,149.387405396
12848,2020-03-19 08:00:00,152.348114014
12849,2020-03-19 09:00:00,155.309616089
12850,2020-03-19 10:00:00,158.281875610
12851,2020-03-19 11:00:00,161.354064941
12852,2020-03-19 12:00:00,164.422729492
12853,2020-03-19 13:00:00,165.629653931
12854,2020-03-19 14:00:00,166.847335815
12855,2020-03-19 15:00:00,168.066146851
12856,2020-03-19 16:00:00,169.264221191
12857,2020-03-19 17:00:00,170.448867798
12858,2020-03-19 18:00:00,171.608215332
12859,2020-03-19 19:00:00,172.261611938
12860,2020-03-19 20:00:00,172.886367798
12861,2020-03-19 21:00:00,173.478027344
12862,2020-03-19 22:00:00,174.061843872
12863,2020-03-19 23:00:00,174.678085327
12864,2020-03-20 00:00:00,175.401092529
12865,2020-03-20 01:00:00,175.415847778
12866,2020-03-20 02:00:00,175.426589966
12867,2020-03-20 03:00:00,175.433868408
12868,2020-03-20 04:00:00,175.437484741
12869,2020-03-20 05:00:00,175.440658569
12870,2020-03-20 06:00:00,175.444091797
12871,2020-03-20 07:00:00,175.446914673
12872,2020-03-20 08:00:00,175.449615479
12873,2020-03-20 09:00:00,175.453918457
12874,2020-03-20 10:00:00,175.458602905
12875,2020-03-20 11:00:00,175.467193604
12876,2020-03-20 12:00:00,175.476577759
12877,2020-03-20 13:00:00,176.300567627
12878,2020-03-20 14:00:00,177.122955322
12879,2020-03-20 15:00:00,177.942489624
12880,2020-03-20 16:00:00,178.763900757
12881,2020-03-20 17:00:00,179.575271606
12882,2020-03-20 18:00:00,180.360733032
12883,2020-03-20 19:00:00,180.607925415
12884,2020-03-20 20:00:00,180.746490479
12885,2020-03-20 21:00:00,180.932876587
12886,2020-03-20 22:00:00,181.038040161
12887,2020-03-20 23:00:00,181.156784058
12888,2020-03-21 00:00:00,181.469345093
12889,2020-03-21 01:00:00,181.481216431
12890,2020-03-21 02:00:00,181.490081787
12891,2020-03-21 03:00:00,181.496551514
12892,2020-03-21 04:00:00,181.503692627
12893,2020-03-21 05:00:00,181.508575439
12894,2020-03-21 06:00:00,181.512313843
12895,2020-03-21 07:00:00,181.517608643
12896,2020-03-21 08:00:00,181.524856567
12897,2020-03-21 09:00:00,181.532760620
12898,2020-03-21 10:00:00,181.540771484
12899,2020-03-21 11:00:00,181.549987793
12900,2020-03-21 12:00:00,181.560119629
12901,2020-03-21 13:00:00,181.850662231
12902,2020-03-21 14:00:00,182.057739258
12903,2020-03-21 15:00:00,182.345825195
12904,2020-03-21 16:00:00,182.548080444
12905,2020-03-21 17:00:00,182.740112305
12906,2020-03-21 18:00:00,183.002761841
12907,2020-03-21 19:00:00,183.841522217
12908,2020-03-21 20:00:00,184.628036499
12909,2020-03-21 21:00:00,185.394241333
12910,2020-03-21 22:00:00,186.177658081
12911,2020-03-21 23:00:00,186.967529297
12912,2020-03-22 00:00:00,187.880081177
12913,2020-03-22 01:00:00,187.976684570
12914,2020-03-22 02:00:00,188.049499512
12915,2020-03-22 03:00:00,188.144683838
12916,2020-03-22 04:00:00,188.217483521
12917,2020-03-22 05:00:00,188.290054321
12918,2020-03-22 06:00:00,188.363220215
12919,2020-03-22 07:00:00,188.368545532
12920,2020-03-22 08:00:00,188.373901367
12921,2020-03-22 09:00:00,188.378952026
12922,2020-03-22 10:00:00,188.384063721
12923,2020-03-22 11:00:00,188.390762329
12924,2020-03-22 12:00:00,188.399093628
12925,2020-03-22 13:00:00,189.241760254
12926,2020-03-22 14:00:00,190.045593262
12927,2020-03-22 15:00:00,190.828277588
12928,2020-03-22 16:00:00,191.619338989
12929,2020-03-22 17:00:00,192.408538818
12930,2020-03-22 18:00:00,193.165039062
12931,2020-03-22 19:00:00,193.106918335
12932,2020-03-22 20:00:00,193.010803223
12933,2020-03-22 21:00:00,192.871643066
12934,2020-03-22 22:00:00,192.630050659
12935,2020-03-22 23:00:00,192.467330933
12936,2020-03-23 00:00:00,192.424758911
12937,2020-03-23 01:00:00,192.372512817
12938,2020-03-23 02:00:00,192.309173584
12939,2020-03-23 03:00:00,192.238906860
12940,2020-03-23 04:00:00,192.164962769
12941,2020-03-23 05:00:00,192.088867188
12942,2020-03-23 06:00:00,192.010848999
12943,2020-03-23 07:00:00,191.932968140
12944,2020-03-23 08:00:00,191.854934692
12945,2020-03-23 09:00:00,191.777328491
12946,2020-03-23 10:00:00,191.700607300
12947,2020-03-23 11:00:00,191.625305176
12948,2020-03-23 12:00:00,191.552566528
12949,2020-03-23 13:00:00,191.486724854
12950,2020-03-23 14:00:00,191.419830322
12951,2020-03-23 15:00:00,191.349731445
12952,2020-03-23 16:00:00,191.278381348
12953,2020-03-23 17:00:00,191.187561035
12954,2020-03-23 18:00:00,191.082031250
12955,2020-03-23 19:00:00,191.509521484
12956,2020-03-23 20:00:00,191.920532227
12957,2020-03-23 21:00:00,192.306594849
12958,2020-03-23 22:00:00,192.683609009
12959,2020-03-23 23:00:00,192.948394775
12960,2020-03-24 00:00:00,193.365371704
12961,2020-03-24 01:00:00,193.551193237
12962,2020-03-24 02:00:00,193.754638672
12963,2020-03-24 03:00:00,193.962997437
12964,2020-03-24 04:00:00,194.182388306
12965,2020-03-24 05:00:00,194.408920288
12966,2020-03-24 06:00:00,194.647613525
12967,2020-03-24 07:00:00,194.578323364
12968,2020-03-24 08:00:00,194.513900757
12969,2020-03-24 09:00:00,194.451385498
12970,2020-03-24 10:00:00,194.390747070
12971,2020-03-24 11:00:00,194.332870483
12972,2020-03-24 12:00:00,194.279373169
12973,2020-03-24 13:00:00,194.228729248
12974,2020-03-24 14:00:00,194.179092407
12975,2020-03-24 15:00:00,194.132812500
12976,2020-03-24 16:00:00,194.086959839
12977,2020-03-24 17:00:00,194.036239624
12978,2020-03-24 18:00:00,193.952743530
12979,2020-03-24 19:00:00,193.837310791
12980,2020-03-24 20:00:00,193.680404663
12981,2020-03-24 21:00:00,193.359283447
12982,2020-03-24 22:00:00,192.697525024
12983,2020-03-24 23:00:00,192.168136597
12984,2020-03-25 00:00:00,191.822830200
12985,2020-03-25 01:00:00,191.528686523
12986,2020-03-25 02:00:00,191.273834229
12987,2020-03-25 03:00:00,191.058532715
12988,2020-03-25 04:00:00,190.873916626
12989,2020-03-25 05:00:00,190.717056274
12990,2020-03-25 06:00:00,190.582489014
12991,2020-03-25 07:00:00,190.466690063
12992,2020-03-25 08:00:00,190.368667603
12993,2020-03-25 09:00:00,190.275726318
12994,2020-03-25 10:00:00,190.194824219
12995,2020-03-25 11:00:00,190.125381470
12996,2020-03-25 12:00:00,190.054824829
12997,2020-03-25 13:00:00,189.989105225
12998,2020-03-25 14:00:00,189.927734375
12999,2020-03-25 15:00:00,189.869964600
13000,2020-03-25 16:00:00,189.809677124
13001,2020-03-25 17:00:00,189.735122681
13002,2020-03-25 18:00:00,189.637405396
13003,2020-03-25 19:00:00,189.510528564
13004,2020-03-25 20:00:00,189.361297607
13005,2020-03-25 21:00:00,189.185821533
13006,2020-03-25 22:00:00,188.781082153
13007,2020-03-25 23:00:00,188.174545288
13008,2020-03-26 00:00:00,187.792098999
13009,2020-03-26 01:00:00,187.472274780
13010,2020-03-26 02:00:00,187.203659058
13011,2020-03-26 03:00:00,186.973831177
13012,2020-03-26 04:00:00,186.775024414
13013,2020-03-26 05:00:00,186.604141235
13014,2020-03-26 06:00:00,186.451324463
13015,2020-03-26 07:00:00,186.322128296
13016,2020-03-26 08:00:00,186.208435059
13017,2020-03-26 09:00:00,186.106155396
13018,2020-03-26 10:00:00,186.012619019
13019,2020-03-26 11:00:00,185.931030273
13020,2020-03-26 12:00:00,185.861282349
13021,2020-03-26 13:00:00,185.803237915
13022,2020-03-26 14:00:00,185.754135132
13023,2020-03-26 15:00:00,185.717864990
13024,2020-03-26 16:00:00,185.682235718
13025,2020-03-26 17:00:00,185.629333496
13026,2020-03-26 18:00:00,185.547393799
13027,2020-03-26 19:00:00,185.437118530
13028,2020-03-26 20:00:00,185.296524048
13029,2020-03-26 21:00:00,184.910171509
13030,2020-03-26 22:00:00,184.235244751
13031,2020-03-26 23:00:00,183.576614380
13032,2020-03-27 00:00:00,183.126220703
13033,2020-03-27 01:00:00,182.745605469
13034,2020-03-27 02:00:00,182.423782349
13035,2020-03-27 03:00:00,182.163635254
13036,2020-03-27 04:00:00,181.949340820
13037,2020-03-27 05:00:00,181.771392822
13038,2020-03-27 06:00:00,181.623199463
13039,2020-03-27 07:00:00,181.500335693
13040,2020-03-27 08:00:00,181.396865845
13041,2020-03-27 09:00:00,181.306381226
13042,2020-03-27 10:00:00,181.227676392
13043,2020-03-27 11:00:00,181.158401489
13044,2020-03-27 12:00:00,181.102355957
13045,2020-03-27 13:00:00,181.056564331
13046,2020-03-27 14:00:00,181.164245605
13047,2020-03-27 15:00:00,181.279388428
13048,2020-03-27 16:00:00,181.398056030
13049,2020-03-27 17:00:00,181.512847900
13050,2020-03-27 18:00:00,181.618408203
13051,2020-03-27 19:00:00,181.561416626
13052,2020-03-27 20:00:00,181.481765747
13053,2020-03-27 21:00:00,181.382690430
13054,2020-03-27 22:00:00,181.256057739
13055,2020-03-27 23:00:00,181.130554199
13056,2020-03-28 00:00:00,181.104721069
13057,2020-03-28 01:00:00,181.078536987
13058,2020-03-28 02:00:00,181.057327271
13059,2020-03-28 03:00:00,181.035842896
13060,2020-03-28 04:00:00,181.016052246
13061,2020-03-28 05:00:00,180.997222900
13062,2020-03-28 06:00:00,180.984390259
13063,2020-03-28 07:00:00,180.970748901
13064,2020-03-28 08:00:00,180.957519531
13065,2020-03-28 09:00:00,180.945632935
13066,2020-03-28 10:00:00,180.934265137
13067,2020-03-28 11:00:00,180.923904419
13068,2020-03-28 12:00:00,180.914688110
13069,2020-03-28 13:00:00,180.909454346
13070,2020-03-28 14:00:00,180.907409668
13071,2020-03-28 15:00:00,180.908203125
13072,2020-03-28 16:00:00,180.912246704
13073,2020-03-28 17:00:00,180.909545898
13074,2020-03-28 18:00:00,180.888763428
13075,2020-03-28 19:00:00,180.839187622
13076,2020-03-28 20:00:00,180.765487671
13077,2020-03-28 21:00:00,180.661865234
13078,2020-03-28 22:00:00,180.553039551
13079,2020-03-28 23:00:00,180.461212158
13080,2020-03-29 00:00:00,180.466888428
13081,2020-03-29 01:00:00,180.471817017
13082,2020-03-29 02:00:00,180.476196289
13083,2020-03-29 03:00:00,180.482330322
13084,2020-03-29 04:00:00,180.486907959
13085,2020-03-29 05:00:00,180.491851807
13086,2020-03-29 06:00:00,180.496047974
13087,2020-03-29 07:00:00,180.499755859
13088,2020-03-29 08:00:00,180.503173828
13089,2020-03-29 09:00:00,180.506103516
13090,2020-03-29 10:00:00,180.509094238
13091,2020-03-29 11:00:00,180.512115479
13092,2020-03-29 12:00:00,180.514617920
13093,2020-03-29 13:00:00,180.517089844
13094,2020-03-29 14:00:00,180.519561768
13095,2020-03-29 15:00:00,180.522491455
13096,2020-03-29 16:00:00,180.525756836
13097,2020-03-29 17:00:00,180.519531250
13098,2020-03-29 18:00:00,180.494110107
13099,2020-03-29 19:00:00,180.447967529
13100,2020-03-29 20:00:00,180.381317139
13101,2020-03-29 21:00:00,180.294006348
13102,2020-03-29 22:00:00,180.180892944
13103,2020-03-29 23:00:00,180.035156250
13104,2020-03-30 00:00:00,180.029724121
13105,2020-03-30 01:00:00,180.028900146
13106,2020-03-30 02:00:00,180.027069092
13107,2020-03-30 03:00:00,180.028274536
13108,2020-03-30 04:00:00,180.030776978
13109,2020-03-30 05:00:00,180.035736084
13110,2020-03-30 06:00:00,180.037719727
13111,2020-03-30 07:00:00,180.865615845
13112,2020-03-30 08:00:00,181.700988770
13113,2020-03-30 09:00:00,182.532226562
13114,2020-03-30 10:00:00,183.363464355
13115,2020-03-30 11:00:00,184.166687012
13116,2020-03-30 12:00:00,184.994827271
13117,2020-03-30 13:00:00,185.381637573
13118,2020-03-30 14:00:00,185.777694702
13119,2020-03-30 15:00:00,186.173599243
13120,2020-03-30 16:00:00,186.573623657
13121,2020-03-30 17:00:00,186.959335327
13122,2020-03-30 18:00:00,187.317642212
13123,2020-03-30 19:00:00,187.642105103
13124,2020-03-30 20:00:00,187.943710327
13125,2020-03-30 21:00:00,188.205871582
13126,2020-03-30 22:00:00,188.472763062
13127,2020-03-30 23:00:00,188.754425049
13128,2020-03-31 00:00:00,189.151748657
13129,2020-03-31 01:00:00,189.168563843
13130,2020-03-31 02:00:00,189.184753418
13131,2020-03-31 03:00:00,189.199447632
13132,2020-03-31 04:00:00,189.210525513
13133,2020-03-31 05:00:00,189.223907471
13134,2020-03-31 06:00:00,189.236022949
13135,2020-03-31 07:00:00,189.247314453
13136,2020-03-31 08:00:00,189.258636475
13137,2020-03-31 09:00:00,189.269332886
13138,2020-03-31 10:00:00,189.280731201
13139,2020-03-31 11:00:00,189.292449951
13140,2020-03-31 12:00:00,189.302307129
13141,2020-03-31 13:00:00,189.311569214
13142,2020-03-31 14:00:00,189.320175171
13143,2020-03-31 15:00:00,189.331130981
13144,2020-03-31 16:00:00,189.340301514
13145,2020-03-31 17:00:00,189.340026855
13146,2020-03-31 18:00:00,189.301162720
13147,2020-03-31 19:00:00,189.215835571
13148,2020-03-31 20:00:00,189.095062256
13149,2020-03-31 21:00:00,188.948120117
13150,2020-03-31 22:00:00,188.818710327
13151,2020-03-31 23:00:00,188.715576172
13152,2020-04-01 00:00:00,188.731948853
13153,2020-04-01 01:00:00,188.744644165
13154,2020-04-01 02:00:00,188.755355835
13155,2020-04-01 03:00:00,188.764175415
13156,2020-04-01 04:00:00,188.771560669
13157,2020-04-01 05:00:00,188.778182983
13158,2020-04-01 06:00:00,188.785156250
13159,2020-04-01 07:00:00,188.791625977
13160,2020-04-01 08:00:00,188.796768188
13161,2020-04-01 09:00:00,188.801437378
13162,2020-04-01 10:00:00,188.810302734
13163,2020-04-01 11:00:00,188.817291260
13164,2020-04-01 12:00:00,188.822891235
13165,2020-04-01 13:00:00,188.831604004
13166,2020-04-01 14:00:00,188.841583252
13167,2020-04-01 15:00:00,188.856811523
13168,2020-04-01 16:00:00,188.871429443
13169,2020-04-01 17:00:00,188.870361328
13170,2020-04-01 18:00:00,188.820938110
13171,2020-04-01 19:00:00,188.727874756
13172,2020-04-01 20:00:00,188.598846436
13173,2020-04-01 21:00:00,188.448608398
13174,2020-04-01 22:00:00,188.065536499
13175,2020-04-01 23:00:00,187.335647583
13176,2020-04-02 00:00:00,186.856445312
13177,2020-04-02 01:00:00,186.464904785
13178,2020-04-02 02:00:00,186.141998291
13179,2020-04-02 03:00:00,185.874328613
13180,2020-04-02 04:00:00,185.651092529
13181,2020-04-02 05:00:00,185.467361450
13182,2020-04-02 06:00:00,185.315399170
13183,2020-04-02 07:00:00,185.194824219
13184,2020-04-02 08:00:00,185.094024658
13185,2020-04-02 09:00:00,185.007980347
13186,2020-04-02 10:00:00,184.939895630
13187,2020-04-02 11:00:00,184.883514404
13188,2020-04-02 12:00:00,184.833953857
13189,2020-04-02 13:00:00,184.790298462
13190,2020-04-02 14:00:00,184.756515503
13191,2020-04-02 15:00:00,184.723388672
13192,2020-04-02 16:00:00,184.687820435
13193,2020-04-02 17:00:00,184.637008667
13194,2020-04-02 18:00:00,184.559127808
13195,2020-04-02 19:00:00,185.043594360
13196,2020-04-02 20:00:00,185.378433228
13197,2020-04-02 21:00:00,185.566513062
13198,2020-04-02 22:00:00,185.507629395
13199,2020-04-02 23:00:00,185.391769409
13200,2020-04-03 00:00:00,185.528366089
13201,2020-04-03 01:00:00,185.140914917
13202,2020-04-03 02:00:00,184.816696167
13203,2020-04-03 03:00:00,184.548751831
13204,2020-04-03 04:00:00,184.330108643
13205,2020-04-03 05:00:00,184.148925781
13206,2020-04-03 06:00:00,184.001571655
13207,2020-04-03 07:00:00,183.881759644
13208,2020-04-03 08:00:00,183.782104492
13209,2020-04-03 09:00:00,183.698593140
13210,2020-04-03 10:00:00,183.625778198
13211,2020-04-03 11:00:00,183.564132690
13212,2020-04-03 12:00:00,183.513046265
13213,2020-04-03 13:00:00,183.466705322
13214,2020-04-03 14:00:00,183.426681519
13215,2020-04-03 15:00:00,183.393173218
13216,2020-04-03 16:00:00,183.362930298
13217,2020-04-03 17:00:00,183.328979492
13218,2020-04-03 18:00:00,183.252624512
13219,2020-04-03 19:00:00,183.288299561
13220,2020-04-03 20:00:00,183.207290649
13221,2020-04-03 21:00:00,183.057907104
13222,2020-04-03 22:00:00,182.781692505
13223,2020-04-03 23:00:00,182.416687012
13224,2020-04-04 00:00:00,182.223937988
13225,2020-04-04 01:00:00,181.980728149
13226,2020-04-04 02:00:00,181.777877808
13227,2020-04-04 03:00:00,181.608963013
13228,2020-04-04 04:00:00,181.467300415
13229,2020-04-04 05:00:00,181.348205566
13230,2020-04-04 06:00:00,181.247589111
13231,2020-04-04 07:00:00,181.187591553
13232,2020-04-04 08:00:00,181.115814209
13233,2020-04-04 09:00:00,181.053680420
13234,2020-04-04 10:00:00,181.002761841
13235,2020-04-04 11:00:00,180.956726074
13236,2020-04-04 12:00:00,180.919479370
13237,2020-04-04 13:00:00,180.886535645
13238,2020-04-04 14:00:00,180.857162476
13239,2020-04-04 15:00:00,180.830825806
13240,2020-04-04 16:00:00,180.814376831
13241,2020-04-04 17:00:00,180.790252686
13242,2020-04-04 18:00:00,180.732192993
13243,2020-04-04 19:00:00,180.638793945
13244,2020-04-04 20:00:00,180.510162354
13245,2020-04-04 21:00:00,180.346878052
13246,2020-04-04 22:00:00,180.006515503
13247,2020-04-04 23:00:00,179.495864868
13248,2020-04-05 00:00:00,179.186386108
13249,2020-04-05 01:00:00,178.932159424
13250,2020-04-05 02:00:00,178.721466064
13251,2020-04-05 03:00:00,178.542053223
13252,2020-04-05 04:00:00,178.391937256
13253,2020-04-05 05:00:00,178.266433716
13254,2020-04-05 06:00:00,178.157012939
13255,2020-04-05 07:00:00,178.064605713
13256,2020-04-05 08:00:00,177.985214233
13257,2020-04-05 09:00:00,177.927261353
13258,2020-04-05 10:00:00,177.879013062
13259,2020-04-05 11:00:00,177.842163086
13260,2020-04-05 12:00:00,177.812850952
13261,2020-04-05 13:00:00,177.787490845
13262,2020-04-05 14:00:00,177.765548706
13263,2020-04-05 15:00:00,177.746963501
13264,2020-04-05 16:00:00,177.732299805
13265,2020-04-05 17:00:00,177.704025269
13266,2020-04-05 18:00:00,177.633834839
13267,2020-04-05 19:00:00,177.519180298
13268,2020-04-05 20:00:00,177.229644775
13269,2020-04-05 21:00:00,176.514526367
13270,2020-04-05 22:00:00,175.756866455
13271,2020-04-05 23:00:00,174.887176514
13272,2020-04-06 00:00:00,174.269012451
13273,2020-04-06 01:00:00,173.759048462
13274,2020-04-06 02:00:00,173.338531494
13275,2020-04-06 03:00:00,172.992431641
13276,2020-04-06 04:00:00,172.706558228
13277,2020-04-06 05:00:00,172.471649170
13278,2020-04-06 06:00:00,172.277984619
13279,2020-04-06 07:00:00,172.117874146
13280,2020-04-06 08:00:00,171.985488892
13281,2020-04-06 09:00:00,171.880279541
13282,2020-04-06 10:00:00,171.793182373
13283,2020-04-06 11:00:00,171.722579956
13284,2020-04-06 12:00:00,171.662887573
13285,2020-04-06 13:00:00,171.612274170
13286,2020-04-06 14:00:00,171.571990967
13287,2020-04-06 15:00:00,171.540496826
13288,2020-04-06 16:00:00,171.514724731
13289,2020-04-06 17:00:00,171.482070923
13290,2020-04-06 18:00:00,171.410949707
13291,2020-04-06 19:00:00,171.302459717
13292,2020-04-06 20:00:00,171.152206421
13293,2020-04-06 21:00:00,170.974960327
13294,2020-04-06 22:00:00,170.609817505
13295,2020-04-06 23:00:00,170.067581177
13296,2020-04-07 00:00:00,169.740371704
13297,2020-04-07 01:00:00,169.469635010
13298,2020-04-07 02:00:00,169.247604370
13299,2020-04-07 03:00:00,169.059890747
13300,2020-04-07 04:00:00,168.903762817
13301,2020-04-07 05:00:00,168.774536133
13302,2020-04-07 06:00:00,168.667755127
13303,2020-04-07 07:00:00,168.578811646
13304,2020-04-07 08:00:00,168.504364014
13305,2020-04-07 09:00:00,168.441940308
13306,2020-04-07 10:00:00,168.389465332
13307,2020-04-07 11:00:00,168.345458984
13308,2020-04-07 12:00:00,168.308288574
13309,2020-04-07 13:00:00,168.276901245
13310,2020-04-07 14:00:00,168.250595093
13311,2020-04-07 15:00:00,168.228179932
13312,2020-04-07 16:00:00,168.208526611
13313,2020-04-07 17:00:00,168.187149048
13314,2020-04-07 18:00:00,168.125579834
13315,2020-04-07 19:00:00,168.000396729
13316,2020-04-07 20:00:00,167.834014893
13317,2020-04-07 21:00:00,167.370239258
13318,2020-04-07 22:00:00,166.701522827
13319,2020-04-07 23:00:00,165.903747559
13320,2020-04-08 00:00:00,165.369812012
13321,2020-04-08 01:00:00,164.929672241
13322,2020-04-08 02:00:00,164.568542480
13323,2020-04-08 03:00:00,164.273284912
13324,2020-04-08 04:00:00,164.028991699
13325,2020-04-08 05:00:00,163.828155518
13326,2020-04-08 06:00:00,163.663269043
13327,2020-04-08 07:00:00,163.527969360
13328,2020-04-08 08:00:00,163.416473389
13329,2020-04-08 09:00:00,163.324157715
13330,2020-04-08 10:00:00,163.248107910
13331,2020-04-08 11:00:00,163.185668945
13332,2020-04-08 12:00:00,163.135665894
13333,2020-04-08 13:00:00,163.093444824
13334,2020-04-08 14:00:00,163.059860229
13335,2020-04-08 15:00:00,163.036209106
13336,2020-04-08 16:00:00,163.018188477
13337,2020-04-08 17:00:00,162.999633789
13338,2020-04-08 18:00:00,162.964355469
13339,2020-04-08 19:00:00,162.866897583
13340,2020-04-08 20:00:00,162.732925415
13341,2020-04-08 21:00:00,162.570327759
13342,2020-04-08 22:00:00,162.247589111
13343,2020-04-08 23:00:00,161.704559326
13344,2020-04-09 00:00:00,161.382431030
13345,2020-04-09 01:00:00,161.116546631
13346,2020-04-09 02:00:00,160.897857666
13347,2020-04-09 03:00:00,160.717453003
13348,2020-04-09 04:00:00,160.566467285
13349,2020-04-09 05:00:00,160.442672729
13350,2020-04-09 06:00:00,160.345062256
13351,2020-04-09 07:00:00,160.267898560
13352,2020-04-09 08:00:00,160.206436157
13353,2020-04-09 09:00:00,160.156784058
13354,2020-04-09 10:00:00,160.115280151
13355,2020-04-09 11:00:00,160.077850342
13356,2020-04-09 12:00:00,160.046646118
13357,2020-04-09 13:00:00,160.026931763
13358,2020-04-09 14:00:00,160.012329102
13359,2020-04-09 15:00:00,160.002792358
13360,2020-04-09 16:00:00,159.995712280
13361,2020-04-09 17:00:00,159.976364136
13362,2020-04-09 18:00:00,159.907669067
13363,2020-04-09 19:00:00,159.783782959
13364,2020-04-09 20:00:00,159.495178223
13365,2020-04-09 21:00:00,158.776824951
13366,2020-04-09 22:00:00,157.934326172
13367,2020-04-09 23:00:00,156.974578857
13368,2020-04-10 00:00:00,156.284164429
13369,2020-04-10 01:00:00,155.715637207
13370,2020-04-10 02:00:00,155.248016357
13371,2020-04-10 03:00:00,154.869003296
13372,2020-04-10 04:00:00,154.554565430
13373,2020-04-10 05:00:00,154.299362183
13374,2020-04-10 06:00:00,154.086746216
13375,2020-04-10 07:00:00,153.913482666
13376,2020-04-10 08:00:00,153.769332886
13377,2020-04-10 09:00:00,153.651153564
13378,2020-04-10 10:00:00,153.554351807
13379,2020-04-10 11:00:00,153.475265503
13380,2020-04-10 12:00:00,153.409942627
13381,2020-04-10 13:00:00,153.356094360
13382,2020-04-10 14:00:00,153.312286377
13383,2020-04-10 15:00:00,153.276901245
13384,2020-04-10 16:00:00,153.248352051
13385,2020-04-10 17:00:00,153.217422485
13386,2020-04-10 18:00:00,153.151260376
13387,2020-04-10 19:00:00,153.018157959
13388,2020-04-10 20:00:00,152.850158691
13389,2020-04-10 21:00:00,152.652725220
13390,2020-04-10 22:00:00,152.241928101
13391,2020-04-10 23:00:00,151.656372070
13392,2020-04-11 00:00:00,151.301361084
13393,2020-04-11 01:00:00,151.011077881
13394,2020-04-11 02:00:00,150.771255493
13395,2020-04-11 03:00:00,150.571075439
13396,2020-04-11 04:00:00,150.405868530
13397,2020-04-11 05:00:00,150.269775391
13398,2020-04-11 06:00:00,150.157684326
13399,2020-04-11 07:00:00,150.065338135
13400,2020-04-11 08:00:00,149.989196777
13401,2020-04-11 09:00:00,149.926239014
13402,2020-04-11 10:00:00,149.874130249
13403,2020-04-11 11:00:00,149.831649780
13404,2020-04-11 12:00:00,149.796142578
13405,2020-04-11 13:00:00,149.766799927
13406,2020-04-11 14:00:00,149.744552612
13407,2020-04-11 15:00:00,149.727340698
13408,2020-04-11 16:00:00,149.711914062
13409,2020-04-11 17:00:00,149.691253662
13410,2020-04-11 18:00:00,149.621749878
13411,2020-04-11 19:00:00,149.502441406
13412,2020-04-11 20:00:00,149.343933105
13413,2020-04-11 21:00:00,148.945236206
13414,2020-04-11 22:00:00,148.136260986
13415,2020-04-11 23:00:00,147.458679199
13416,2020-04-12 00:00:00,147.021682739
13417,2020-04-12 01:00:00,146.662216187
13418,2020-04-12 02:00:00,146.369796753
13419,2020-04-12 03:00:00,146.135086060
13420,2020-04-12 04:00:00,145.942230225
13421,2020-04-12 05:00:00,145.784698486
13422,2020-04-12 06:00:00,145.655746460
13423,2020-04-12 07:00:00,145.550445557
13424,2020-04-12 08:00:00,145.467727661
13425,2020-04-12 09:00:00,145.401199341
13426,2020-04-12 10:00:00,145.346206665
13427,2020-04-12 11:00:00,145.302108765
13428,2020-04-12 12:00:00,145.268356323
13429,2020-04-12 13:00:00,145.762008667
13430,2020-04-12 14:00:00,146.257369995
13431,2020-04-12 15:00:00,146.752487183
13432,2020-04-12 16:00:00,147.241149902
13433,2020-04-12 17:00:00,147.758453369
13434,2020-04-12 18:00:00,148.253402710
13435,2020-04-12 19:00:00,148.298263550
13436,2020-04-12 20:00:00,148.222274780
13437,2020-04-12 21:00:00,148.120697021
13438,2020-04-12 22:00:00,148.017852783
13439,2020-04-12 23:00:00,147.921173096
13440,2020-04-13 00:00:00,147.928085327
13441,2020-04-13 01:00:00,147.921569824
13442,2020-04-13 02:00:00,147.921783447
13443,2020-04-13 03:00:00,147.921600342
13444,2020-04-13 04:00:00,147.921691895
13445,2020-04-13 05:00:00,147.924209595
13446,2020-04-13 06:00:00,147.930160522
13447,2020-04-13 07:00:00,147.936737061
13448,2020-04-13 08:00:00,147.945892334
13449,2020-04-13 09:00:00,147.955566406
13450,2020-04-13 10:00:00,147.962646484
13451,2020-04-13 11:00:00,147.971282959
13452,2020-04-13 12:00:00,147.979583740
13453,2020-04-13 13:00:00,147.997329712
13454,2020-04-13 14:00:00,148.004852295
13455,2020-04-13 15:00:00,148.013732910
13456,2020-04-13 16:00:00,148.023040771
13457,2020-04-13 17:00:00,148.036834717
13458,2020-04-13 18:00:00,148.012771606
13459,2020-04-13 19:00:00,147.976837158
13460,2020-04-13 20:00:00,147.912551880
13461,2020-04-13 21:00:00,147.831649780
13462,2020-04-13 22:00:00,147.768325806
13463,2020-04-13 23:00:00,147.720123291
13464,2020-04-14 00:00:00,147.724716187
13465,2020-04-14 01:00:00,147.764556885
13466,2020-04-14 02:00:00,147.825393677
13467,2020-04-14 03:00:00,147.884933472
13468,2020-04-14 04:00:00,147.942993164
13469,2020-04-14 05:00:00,147.986068726
13470,2020-04-14 06:00:00,148.047836304
13471,2020-04-14 07:00:00,148.071807861
13472,2020-04-14 08:00:00,148.092239380
13473,2020-04-14 09:00:00,148.152648926
13474,2020-04-14 10:00:00,148.192764282
13475,2020-04-14 11:00:00,148.200592041
13476,2020-04-14 12:00:00,148.239471436
13477,2020-04-14 13:00:00,148.244873047
13478,2020-04-14 14:00:00,148.250732422
13479,2020-04-14 15:00:00,148.256286621
13480,2020-04-14 16:00:00,148.259826660
13481,2020-04-14 17:00:00,148.252288818
13482,2020-04-14 18:00:00,148.225463867
13483,2020-04-14 19:00:00,148.179656982
13484,2020-04-14 20:00:00,148.108093262
13485,2020-04-14 21:00:00,148.017150879
13486,2020-04-14 22:00:00,147.923980713
13487,2020-04-14 23:00:00,147.843658447
13488,2020-04-15 00:00:00,147.848342896
13489,2020-04-15 01:00:00,147.854110718
13490,2020-04-15 02:00:00,147.859786987
13491,2020-04-15 03:00:00,147.864959717
13492,2020-04-15 04:00:00,147.870483398
13493,2020-04-15 05:00:00,147.876159668
13494,2020-04-15 06:00:00,147.882247925
13495,2020-04-15 07:00:00,147.888702393
13496,2020-04-15 08:00:00,147.895141602
13497,2020-04-15 09:00:00,147.901702881
13498,2020-04-15 10:00:00,147.908432007
13499,2020-04-15 11:00:00,147.915313721
13500,2020-04-15 12:00:00,147.922637939
13501,2020-04-15 13:00:00,147.929077148
13502,2020-04-15 14:00:00,147.934722900
13503,2020-04-15 15:00:00,147.941070557
13504,2020-04-15 16:00:00,147.945831299
13505,2020-04-15 17:00:00,147.937469482
13506,2020-04-15 18:00:00,147.901168823
13507,2020-04-15 19:00:00,147.836898804
13508,2020-04-15 20:00:00,147.739044189
13509,2020-04-15 21:00:00,147.616134644
13510,2020-04-15 22:00:00,147.478302002
13511,2020-04-15 23:00:00,147.360595703
13512,2020-04-16 00:00:00,147.370361328
13513,2020-04-16 01:00:00,147.380889893
13514,2020-04-16 02:00:00,147.390579224
13515,2020-04-16 03:00:00,147.395141602
13516,2020-04-16 04:00:00,147.401214600
13517,2020-04-16 05:00:00,147.408706665
13518,2020-04-16 06:00:00,147.413269043
13519,2020-04-16 07:00:00,147.416839600
13520,2020-04-16 08:00:00,147.421554565
13521,2020-04-16 09:00:00,147.425720215
13522,2020-04-16 10:00:00,147.430984497
13523,2020-04-16 11:00:00,147.437652588
13524,2020-04-16 12:00:00,147.440185547
13525,2020-04-16 13:00:00,147.519592285
13526,2020-04-16 14:00:00,147.599822998
13527,2020-04-16 15:00:00,147.681808472
13528,2020-04-16 16:00:00,147.762054443
13529,2020-04-16 17:00:00,147.826858521
13530,2020-04-16 18:00:00,147.868621826
13531,2020-04-16 19:00:00,147.803787231
13532,2020-04-16 20:00:00,147.702819824
13533,2020-04-16 21:00:00,147.590332031
13534,2020-04-16 22:00:00,147.460998535
13535,2020-04-16 23:00:00,147.353485107
13536,2020-04-17 00:00:00,147.357971191
13537,2020-04-17 01:00:00,147.363708496
13538,2020-04-17 02:00:00,147.371582031
13539,2020-04-17 03:00:00,147.380310059
13540,2020-04-17 04:00:00,147.387878418
13541,2020-04-17 05:00:00,147.396575928
13542,2020-04-17 06:00:00,147.406158447
13543,2020-04-17 07:00:00,147.418670654
13544,2020-04-17 08:00:00,147.429840088
13545,2020-04-17 09:00:00,147.443222046
13546,2020-04-17 10:00:00,147.453781128
13547,2020-04-17 11:00:00,147.467300415
13548,2020-04-17 12:00:00,147.479064941
13549,2020-04-17 13:00:00,147.545623779
13550,2020-04-17 14:00:00,147.604095459
13551,2020-04-17 15:00:00,147.661804199
13552,2020-04-17 16:00:00,147.716766357
13553,2020-04-17 17:00:00,147.754989624
13554,2020-04-17 18:00:00,147.728042603
13555,2020-04-17 19:00:00,147.671768188
13556,2020-04-17 20:00:00,147.581100464
13557,2020-04-17 21:00:00,147.517654419
13558,2020-04-17 22:00:00,147.403137207
13559,2020-04-17 23:00:00,147.307281494
13560,2020-04-18 00:00:00,147.327301025
13561,2020-04-18 01:00:00,147.346939087
13562,2020-04-18 02:00:00,147.548965454
13563,2020-04-18 03:00:00,147.566040039
13564,2020-04-18 04:00:00,147.630004883
13565,2020-04-18 05:00:00,147.647064209
13566,2020-04-18 06:00:00,147.663558960
13567,2020-04-18 07:00:00,147.680496216
13568,2020-04-18 08:00:00,147.878280640
13569,2020-04-18 09:00:00,147.936599731
13570,2020-04-18 10:00:00,147.951736450
13571,2020-04-18 11:00:00,148.009399414
13572,2020-04-18 12:00:00,148.068359375
13573,2020-04-18 13:00:00,148.073425293
13574,2020-04-18 14:00:00,148.079177856
13575,2020-04-18 15:00:00,148.085311890
13576,2020-04-18 16:00:00,148.096405029
13577,2020-04-18 17:00:00,148.086212158
13578,2020-04-18 18:00:00,148.049896240
13579,2020-04-18 19:00:00,147.991714478
13580,2020-04-18 20:00:00,147.900543213
13581,2020-04-18 21:00:00,147.790344238
13582,2020-04-18 22:00:00,147.652313232
13583,2020-04-18 23:00:00,147.527252197
13584,2020-04-19 00:00:00,147.539855957
13585,2020-04-19 01:00:00,147.547195435
13586,2020-04-19 02:00:00,147.558990479
13587,2020-04-19 03:00:00,147.566589355
13588,2020-04-19 04:00:00,147.575317383
13589,2020-04-19 05:00:00,147.581909180
13590,2020-04-19 06:00:00,147.592346191
13591,2020-04-19 07:00:00,147.700408936
13592,2020-04-19 08:00:00,147.806594849
13593,2020-04-19 09:00:00,147.924102783
13594,2020-04-19 10:00:00,148.042602539
13595,2020-04-19 11:00:00,148.163818359
13596,2020-04-19 12:00:00,148.286193848
13597,2020-04-19 13:00:00,148.301361084
13598,2020-04-19 14:00:00,148.318756104
13599,2020-04-19 15:00:00,148.335083008
13600,2020-04-19 16:00:00,148.348388672
13601,2020-04-19 17:00:00,148.349884033
13602,2020-04-19 18:00:00,148.309051514
13603,2020-04-19 19:00:00,148.343658447
13604,2020-04-19 20:00:00,148.327697754
13605,2020-04-19 21:00:00,148.161041260
13606,2020-04-19 22:00:00,147.621551514
13607,2020-04-19 23:00:00,147.069869995
13608,2020-04-20 00:00:00,146.781356812
13609,2020-04-20 01:00:00,146.458541870
13610,2020-04-20 02:00:00,146.191223145
13611,2020-04-20 03:00:00,145.972793579
13612,2020-04-20 04:00:00,145.794509888
13613,2020-04-20 05:00:00,145.651123047
13614,2020-04-20 06:00:00,145.534118652
13615,2020-04-20 07:00:00,145.487472534
13616,2020-04-20 08:00:00,145.466018677
13617,2020-04-20 09:00:00,145.457870483
13618,2020-04-20 10:00:00,145.456161499
13619,2020-04-20 11:00:00,145.471405029
13620,2020-04-20 12:00:00,145.490783691
13621,2020-04-20 13:00:00,145.470458984
13622,2020-04-20 14:00:00,145.453536987
13623,2020-04-20 15:00:00,145.442062378
13624,2020-04-20 16:00:00,145.433837891
13625,2020-04-20 17:00:00,145.424346924
13626,2020-04-20 18:00:00,145.385574341
13627,2020-04-20 19:00:00,145.313247681
13628,2020-04-20 20:00:00,145.220626831
13629,2020-04-20 21:00:00,145.096984863
13630,2020-04-20 22:00:00,144.757202148
13631,2020-04-20 23:00:00,144.226593018
13632,2020-04-21 00:00:00,143.890670776
13633,2020-04-21 01:00:00,143.615768433
13634,2020-04-21 02:00:00,143.385528564
13635,2020-04-21 03:00:00,143.195953369
13636,2020-04-21 04:00:00,143.039855957
13637,2020-04-21 05:00:00,142.912658691
13638,2020-04-21 06:00:00,142.808868408
13639,2020-04-21 07:00:00,142.823883057
13640,2020-04-21 08:00:00,142.854705811
13641,2020-04-21 09:00:00,142.899429321
13642,2020-04-21 10:00:00,142.955642700
13643,2020-04-21 11:00:00,143.021286011
13644,2020-04-21 12:00:00,143.096893311
13645,2020-04-21 13:00:00,143.291854858
13646,2020-04-21 14:00:00,143.482650757
13647,2020-04-21 15:00:00,143.687515259
13648,2020-04-21 16:00:00,143.883560181
13649,2020-04-21 17:00:00,144.074645996
13650,2020-04-21 18:00:00,144.241867065
13651,2020-04-21 19:00:00,144.378387451
13652,2020-04-21 20:00:00,144.494720459
13653,2020-04-21 21:00:00,144.654067993
13654,2020-04-21 22:00:00,144.461791992
13655,2020-04-21 23:00:00,144.040084839
13656,2020-04-22 00:00:00,143.840713501
13657,2020-04-22 01:00:00,143.811447144
13658,2020-04-22 02:00:00,143.839004517
13659,2020-04-22 03:00:00,143.921371460
13660,2020-04-22 04:00:00,144.047592163
13661,2020-04-22 05:00:00,144.212570190
13662,2020-04-22 06:00:00,144.411880493
13663,2020-04-22 07:00:00,144.325805664
13664,2020-04-22 08:00:00,144.256988525
13665,2020-04-22 09:00:00,144.204208374
13666,2020-04-22 10:00:00,144.164566040
13667,2020-04-22 11:00:00,144.133834839
13668,2020-04-22 12:00:00,144.114700317
13669,2020-04-22 13:00:00,144.379577637
13670,2020-04-22 14:00:00,144.663223267
13671,2020-04-22 15:00:00,144.943298340
13672,2020-04-22 16:00:00,145.218048096
13673,2020-04-22 17:00:00,145.485885620
13674,2020-04-22 18:00:00,145.718292236
13675,2020-04-22 19:00:00,145.900085449
13676,2020-04-22 20:00:00,146.051742554
13677,2020-04-22 21:00:00,146.077743530
13678,2020-04-22 22:00:00,145.767608643
13679,2020-04-22 23:00:00,145.305725098
13680,2020-04-23 00:00:00,145.088287354
13681,2020-04-23 01:00:00,144.687683105
13682,2020-04-23 02:00:00,144.361648560
13683,2020-04-23 03:00:00,144.099945068
13684,2020-04-23 04:00:00,143.885482788
13685,2020-04-23 05:00:00,143.710189819
13686,2020-04-23 06:00:00,143.569427490
13687,2020-04-23 07:00:00,143.458618164
13688,2020-04-23 08:00:00,143.368392944
13689,2020-04-23 09:00:00,143.295547485
13690,2020-04-23 10:00:00,143.237945557
13691,2020-04-23 11:00:00,143.191574097
13692,2020-04-23 12:00:00,143.150436401
13693,2020-04-23 13:00:00,143.121582031
13694,2020-04-23 14:00:00,143.099884033
13695,2020-04-23 15:00:00,143.068786621
13696,2020-04-23 16:00:00,143.041046143
13697,2020-04-23 17:00:00,143.005538940
13698,2020-04-23 18:00:00,142.941192627
13699,2020-04-23 19:00:00,142.867630005
13700,2020-04-23 20:00:00,142.577835083
13701,2020-04-23 21:00:00,142.057830811
13702,2020-04-23 22:00:00,141.317245483
13703,2020-04-23 23:00:00,140.490661621
13704,2020-04-24 00:00:00,139.902603149
13705,2020-04-24 01:00:00,139.422958374
13706,2020-04-24 02:00:00,139.029251099
13707,2020-04-24 03:00:00,138.703277588
13708,2020-04-24 04:00:00,138.432647705
13709,2020-04-24 05:00:00,138.205718994
13710,2020-04-24 06:00:00,138.021926880
13711,2020-04-24 07:00:00,137.879287720
13712,2020-04-24 08:00:00,137.764114380
13713,2020-04-24 09:00:00,137.674041748
13714,2020-04-24 10:00:00,137.603271484
13715,2020-04-24 11:00:00,137.543579102
13716,2020-04-24 12:00:00,137.499755859
13717,2020-04-24 13:00:00,137.460968018
13718,2020-04-24 14:00:00,137.434890747
13719,2020-04-24 15:00:00,137.409988403
13720,2020-04-24 16:00:00,137.388610840
13721,2020-04-24 17:00:00,137.359558105
13722,2020-04-24 18:00:00,137.301895142
13723,2020-04-24 19:00:00,137.210540771
13724,2020-04-24 20:00:00,137.081069946
13725,2020-04-24 21:00:00,136.809967041
13726,2020-04-24 22:00:00,136.327590942
13727,2020-04-24 23:00:00,135.661148071
13728,2020-04-25 00:00:00,135.228088379
13729,2020-04-25 01:00:00,134.873428345
13730,2020-04-25 02:00:00,134.580429077
13731,2020-04-25 03:00:00,134.341537476
13732,2020-04-25 04:00:00,134.147018433
13733,2020-04-25 05:00:00,133.986572266
13734,2020-04-25 06:00:00,133.855682373
13735,2020-04-25 07:00:00,133.749633789
13736,2020-04-25 08:00:00,133.662994385
13737,2020-04-25 09:00:00,133.591857910
13738,2020-04-25 10:00:00,133.534835815
13739,2020-04-25 11:00:00,133.488098145
13740,2020-04-25 12:00:00,133.449920654
13741,2020-04-25 13:00:00,133.420135498
13742,2020-04-25 14:00:00,133.396713257
13743,2020-04-25 15:00:00,133.377517700
13744,2020-04-25 16:00:00,133.360382080
13745,2020-04-25 17:00:00,133.332580566
13746,2020-04-25 18:00:00,133.259414673
13747,2020-04-25 19:00:00,133.142944336
13748,2020-04-25 20:00:00,132.748260498
13749,2020-04-25 21:00:00,132.212036133
13750,2020-04-25 22:00:00,131.454116821
13751,2020-04-25 23:00:00,130.548950195
13752,2020-04-26 00:00:00,129.911422729
13753,2020-04-26 01:00:00,129.386428833
13754,2020-04-26 02:00:00,128.954055786
13755,2020-04-26 03:00:00,128.600799561
13756,2020-04-26 04:00:00,128.311523438
13757,2020-04-26 05:00:00,128.075653076
13758,2020-04-26 06:00:00,127.884056091
13759,2020-04-26 07:00:00,127.727439880
13760,2020-04-26 08:00:00,127.600585938
13761,2020-04-26 09:00:00,127.497619629
13762,2020-04-26 10:00:00,127.413574219
13763,2020-04-26 11:00:00,127.347206116
13764,2020-04-26 12:00:00,127.293548584
13765,2020-04-26 13:00:00,127.250106812
13766,2020-04-26 14:00:00,127.214630127
13767,2020-04-26 15:00:00,127.185211182
13768,2020-04-26 16:00:00,127.167823792
13769,2020-04-26 17:00:00,127.134902954
13770,2020-04-26 18:00:00,127.049949646
13771,2020-04-26 19:00:00,126.908271790
13772,2020-04-26 20:00:00,126.600463867
13773,2020-04-26 21:00:00,125.877784729
13774,2020-04-26 22:00:00,124.758377075
13775,2020-04-26 23:00:00,123.629051208
13776,2020-04-27 00:00:00,122.833274841
13777,2020-04-27 01:00:00,122.192474365
13778,2020-04-27 02:00:00,121.671775818
13779,2020-04-27 03:00:00,121.240661621
13780,2020-04-27 04:00:00,120.885810852
13781,2020-04-27 05:00:00,120.598083496
13782,2020-04-27 06:00:00,120.365226746
13783,2020-04-27 07:00:00,120.179542542
13784,2020-04-27 08:00:00,120.027496338
13785,2020-04-27 09:00:00,119.903472900
13786,2020-04-27 10:00:00,119.802513123
13787,2020-04-27 11:00:00,119.717185974
13788,2020-04-27 12:00:00,119.647285461
13789,2020-04-27 13:00:00,119.591545105
13790,2020-04-27 14:00:00,119.549026489
13791,2020-04-27 15:00:00,119.513099670
13792,2020-04-27 16:00:00,119.482345581
13793,2020-04-27 17:00:00,119.447769165
13794,2020-04-27 18:00:00,119.397216797
13795,2020-04-27 19:00:00,119.293136597
13796,2020-04-27 20:00:00,119.151977539
13797,2020-04-27 21:00:00,118.621459961
13798,2020-04-27 22:00:00,117.767295837
13799,2020-04-27 23:00:00,116.747192383
13800,2020-04-28 00:00:00,116.042190552
13801,2020-04-28 01:00:00,115.469284058
13802,2020-04-28 02:00:00,114.997879028
13803,2020-04-28 03:00:00,114.611022949
13804,2020-04-28 04:00:00,114.292617798
13805,2020-04-28 05:00:00,114.030891418
13806,2020-04-28 06:00:00,113.816528320
13807,2020-04-28 07:00:00,113.641601562
13808,2020-04-28 08:00:00,113.496696472
13809,2020-04-28 09:00:00,113.380432129
13810,2020-04-28 10:00:00,113.286842346
13811,2020-04-28 11:00:00,113.212661743
13812,2020-04-28 12:00:00,113.154548645
13813,2020-04-28 13:00:00,113.105308533
13814,2020-04-28 14:00:00,113.057815552
13815,2020-04-28 15:00:00,113.010993958
13816,2020-04-28 16:00:00,112.965484619
13817,2020-04-28 17:00:00,112.899627686
13818,2020-04-28 18:00:00,112.804626465
13819,2020-04-28 19:00:00,112.579627991
13820,2020-04-28 20:00:00,111.906127930
13821,2020-04-28 21:00:00,111.001998901
13822,2020-04-28 22:00:00,109.797676086
13823,2020-04-28 23:00:00,108.420913696
13824,2020-04-29 00:00:00,107.409934998
13825,2020-04-29 01:00:00,106.577751160
13826,2020-04-29 02:00:00,105.896286011
13827,2020-04-29 03:00:00,105.335006714
13828,2020-04-29 04:00:00,104.874771118
13829,2020-04-29 05:00:00,104.499832153
13830,2020-04-29 06:00:00,104.193832397
13831,2020-04-29 07:00:00,103.945983887
13832,2020-04-29 08:00:00,103.743721008
13833,2020-04-29 09:00:00,103.578186035
13834,2020-04-29 10:00:00,103.442443848
13835,2020-04-29 11:00:00,103.329811096
13836,2020-04-29 12:00:00,103.235694885
13837,2020-04-29 13:00:00,103.161170959
13838,2020-04-29 14:00:00,103.101440430
13839,2020-04-29 15:00:00,103.049964905
13840,2020-04-29 16:00:00,103.011505127
13841,2020-04-29 17:00:00,102.968544006
13842,2020-04-29 18:00:00,102.898727417
13843,2020-04-29 19:00:00,102.763511658
13844,2020-04-29 20:00:00,102.334663391
13845,2020-04-29 21:00:00,101.481590271
13846,2020-04-29 22:00:00,100.394760132
13847,2020-04-29 23:00:00,99.169021606
13848,2020-04-30 00:00:00,98.288940430
13849,2020-04-30 01:00:00,97.570434570
13850,2020-04-30 02:00:00,96.979652405
13851,2020-04-30 03:00:00,96.493133545
13852,2020-04-30 04:00:00,96.094154358
13853,2020-04-30 05:00:00,95.765487671
13854,2020-04-30 06:00:00,95.497383118
13855,2020-04-30 07:00:00,95.276832581
13856,2020-04-30 08:00:00,95.094322205
13857,2020-04-30 09:00:00,94.943695068
13858,2020-04-30 10:00:00,94.822776794
13859,2020-04-30 11:00:00,94.721908569
13860,2020-04-30 12:00:00,94.637756348
13861,2020-04-30 13:00:00,94.568367004
13862,2020-04-30 14:00:00,94.512168884
13863,2020-04-30 15:00:00,94.465797424
13864,2020-04-30 16:00:00,94.433654785
13865,2020-04-30 17:00:00,94.390548706
13866,2020-04-30 18:00:00,94.259353638
13867,2020-04-30 19:00:00,94.103103638
13868,2020-04-30 20:00:00,93.586082458
13869,2020-04-30 21:00:00,92.575782776
13870,2020-04-30 22:00:00,91.265922546
13871,2020-04-30 23:00:00,89.809379578
13872,2020-05-01 00:00:00,88.753715515
13873,2020-05-01 01:00:00,87.893318176
13874,2020-05-01 02:00:00,87.187980652
13875,2020-05-01 03:00:00,86.612075806
13876,2020-05-01 04:00:00,86.137054443
13877,2020-05-01 05:00:00,85.744445801
13878,2020-05-01 06:00:00,85.422744751
13879,2020-05-01 07:00:00,85.158966064
13880,2020-05-01 08:00:00,84.941864014
13881,2020-05-01 09:00:00,84.764419556
13882,2020-05-01 10:00:00,84.618522644
13883,2020-05-01 11:00:00,84.495437622
13884,2020-05-01 12:00:00,84.392555237
13885,2020-05-01 13:00:00,84.310279846
13886,2020-05-01 14:00:00,84.240402222
13887,2020-05-01 15:00:00,84.185737610
13888,2020-05-01 16:00:00,84.141952515
13889,2020-05-01 17:00:00,84.088127136
13890,2020-05-01 18:00:00,83.986885071
13891,2020-05-01 19:00:00,83.826400757
13892,2020-05-01 20:00:00,83.303741455
13893,2020-05-01 21:00:00,82.336029053
13894,2020-05-01 22:00:00,81.103660583
13895,2020-05-01 23:00:00,79.716819763
13896,2020-05-02 00:00:00,78.719062805
13897,2020-05-02 01:00:00,77.909309387
13898,2020-05-02 02:00:00,77.241279602
13899,2020-05-02 03:00:00,76.692291260
13900,2020-05-02 04:00:00,76.239509583
13901,2020-05-02 05:00:00,75.865844727
13902,2020-05-02 06:00:00,75.558547974
13903,2020-05-02 07:00:00,75.305236816
13904,2020-05-02 08:00:00,75.096687317
13905,2020-05-02 09:00:00,74.925148010
13906,2020-05-02 10:00:00,74.785118103
13907,2020-05-02 11:00:00,74.668289185
13908,2020-05-02 12:00:00,74.572631836
13909,2020-05-02 13:00:00,74.494384766
13910,2020-05-02 14:00:00,74.428443909
13911,2020-05-02 15:00:00,74.374801636
13912,2020-05-02 16:00:00,74.336074829
13913,2020-05-02 17:00:00,74.276199341
13914,2020-05-02 18:00:00,74.183494568
13915,2020-05-02 19:00:00,74.014068604
13916,2020-05-02 20:00:00,73.563491821
13917,2020-05-02 21:00:00,72.612442017
13918,2020-05-02 22:00:00,71.435523987
13919,2020-05-02 23:00:00,70.100631714
13920,2020-05-03 00:00:00,68.749015808
13921,2020-05-03 01:00:00,67.756057739
13922,2020-05-03 02:00:00,66.944763184
13923,2020-05-03 03:00:00,66.277656555
13924,2020-05-03 04:00:00,65.728546143
13925,2020-05-03 05:00:00,65.275100708
13926,2020-05-03 06:00:00,64.901641846
13927,2020-05-03 07:00:00,64.593574524
13928,2020-05-03 08:00:00,64.339889526
13929,2020-05-03 09:00:00,64.130409241
13930,2020-05-03 10:00:00,63.957202911
13931,2020-05-03 11:00:00,63.814346313
13932,2020-05-03 12:00:00,63.696266174
13933,2020-05-03 13:00:00,63.598522186
13934,2020-05-03 14:00:00,63.517864227
13935,2020-05-03 15:00:00,63.454418182
13936,2020-05-03 16:00:00,63.400325775
13937,2020-05-03 17:00:00,63.324428558
13938,2020-05-03 18:00:00,63.209072113
13939,2020-05-03 19:00:00,63.040996552
13940,2020-05-03 20:00:00,62.562500000
13941,2020-05-03 21:00:00,61.689208984
13942,2020-05-03 22:00:00,60.529781342
13943,2020-05-03 23:00:00,59.161144257
13944,2020-05-04 00:00:00,57.701828003
13945,2020-05-04 01:00:00,56.627090454
13946,2020-05-04 02:00:00,55.743663788
13947,2020-05-04 03:00:00,55.016239166
13948,2020-05-04 04:00:00,54.420127869
13949,2020-05-04 05:00:00,53.928993225
13950,2020-05-04 06:00:00,53.524486542
13951,2020-05-04 07:00:00,53.188964844
13952,2020-05-04 08:00:00,52.910121918
13953,2020-05-04 09:00:00,52.679653168
13954,2020-05-04 10:00:00,52.488662720
13955,2020-05-04 11:00:00,52.335147858
13956,2020-05-04 12:00:00,52.213798523
13957,2020-05-04 13:00:00,52.114677429
13958,2020-05-04 14:00:00,52.034534454
13959,2020-05-04 15:00:00,51.969604492
13960,2020-05-04 16:00:00,51.914402008
13961,2020-05-04 17:00:00,51.850738525
13962,2020-05-04 18:00:00,51.745319366
13963,2020-05-04 19:00:00,51.457611084
13964,2020-05-04 20:00:00,51.000953674
13965,2020-05-04 21:00:00,50.215473175
13966,2020-05-04 22:00:00,49.210372925
13967,2020-05-04 23:00:00,48.038230896
13968,2020-05-05 00:00:00,46.815864563
13969,2020-05-05 01:00:00,45.925621033
13970,2020-05-05 02:00:00,45.192268372
13971,2020-05-05 03:00:00,44.588966370
13972,2020-05-05 04:00:00,44.090709686
13973,2020-05-05 05:00:00,43.677726746
13974,2020-05-05 06:00:00,43.336666107
13975,2020-05-05 07:00:00,43.052375793
13976,2020-05-05 08:00:00,42.817306519
13977,2020-05-05 09:00:00,42.624862671
13978,2020-05-05 10:00:00,42.465690613
13979,2020-05-05 11:00:00,42.332584381
13980,2020-05-05 12:00:00,42.218845367
13981,2020-05-05 13:00:00,42.124446869
13982,2020-05-05 14:00:00,42.045600891
13983,2020-05-05 15:00:00,41.977062225
13984,2020-05-05 16:00:00,41.914901733
13985,2020-05-05 17:00:00,41.844348907
13986,2020-05-05 18:00:00,41.748477936
13987,2020-05-05 19:00:00,41.622081757
13988,2020-05-05 20:00:00,41.433982849
13989,2020-05-05 21:00:00,40.928524017
13990,2020-05-05 22:00:00,40.171550751
13991,2020-05-05 23:00:00,39.272563934
13992,2020-05-06 00:00:00,38.347755432
13993,2020-05-06 01:00:00,37.660953522
13994,2020-05-06 02:00:00,37.095508575
13995,2020-05-06 03:00:00,36.629219055
13996,2020-05-06 04:00:00,36.243885040
13997,2020-05-06 05:00:00,35.929653168
13998,2020-05-06 06:00:00,35.668109894
13999,2020-05-06 07:00:00,35.455921173
14000,2020-05-06 08:00:00,35.280395508
14001,2020-05-06 09:00:00,35.134868622
14002,2020-05-06 10:00:00,35.014869690
14003,2020-05-06 11:00:00,34.911838531
14004,2020-05-06 12:00:00,34.820617676
14005,2020-05-06 13:00:00,34.741962433
14006,2020-05-06 14:00:00,34.679340363
14007,2020-05-06 15:00:00,34.629230499
14008,2020-05-06 16:00:00,34.586669922
14009,2020-05-06 17:00:00,34.528419495
14010,2020-05-06 18:00:00,34.423767090
14011,2020-05-06 19:00:00,34.278659821
14012,2020-05-06 20:00:00,33.719970703
14013,2020-05-06 21:00:00,32.925457001
14014,2020-05-06 22:00:00,31.706382751
14015,2020-05-06 23:00:00,30.015560150
14016,2020-05-07 00:00:00,26.141174316
14017,2020-05-07 01:00:00,25.270803452
14018,2020-05-07 02:00:00,24.571025848
14019,2020-05-07 03:00:00,23.987176895
14020,2020-05-07 04:00:00,23.484680176
14021,2020-05-07 05:00:00,23.060506821
14022,2020-05-07 06:00:00,22.693656921
14023,2020-05-07 07:00:00,22.386499405
14024,2020-05-07 08:00:00,22.128469467
14025,2020-05-07 09:00:00,21.918960571
14026,2020-05-07 10:00:00,21.744476318
14027,2020-05-07 11:00:00,21.590263367
14028,2020-05-07 12:00:00,21.465101242
14029,2020-05-07 13:00:00,21.368516922
14030,2020-05-07 14:00:00,21.291439056
14031,2020-05-07 15:00:00,21.230524063
14032,2020-05-07 16:00:00,21.171489716
14033,2020-05-07 17:00:00,21.092773438
14034,2020-05-07 18:00:00,20.969617844
14035,2020-05-07 19:00:00,20.794521332
14036,2020-05-07 20:00:00,20.357818604
14037,2020-05-07 21:00:00,19.348590851
14038,2020-05-07 22:00:00,15.302114487
14039,2020-05-07 23:00:00,11.717706680
14040,2020-05-08 00:00:00,8.959057808
14041,2020-05-08 01:00:00,8.890606880
14042,2020-05-08 02:00:00,8.803842545
14043,2020-05-08 03:00:00,8.738688469
14044,2020-05-08 04:00:00,8.692100525
14045,2020-05-08 05:00:00,8.633076668
14046,2020-05-08 06:00:00,8.586926460
14047,2020-05-08 07:00:00,8.540550232
14048,2020-05-08 08:00:00,8.481070518
14049,2020-05-08 09:00:00,8.432670593
14050,2020-05-08 10:00:00,8.385146141
14051,2020-05-08 11:00:00,8.337506294
14052,2020-05-08 12:00:00,8.291659355
14053,2020-05-08 13:00:00,8.254887581
14054,2020-05-08 14:00:00,8.223278046
14055,2020-05-08 15:00:00,8.192982674
14056,2020-05-08 16:00:00,8.159094810
14057,2020-05-08 17:00:00,8.109831810
14058,2020-05-08 18:00:00,8.021997452
14059,2020-05-08 19:00:00,7.888239384
14060,2020-05-08 20:00:00,7.700440407
14061,2020-05-08 21:00:00,5.373607635
14062,2020-05-08 22:00:00,1.881564021
14063,2020-05-08 23:00:00,1.717878222
14064,2020-05-09 00:00:00,1.148314714
14065,2020-05-09 01:00:00,1.105739594
14066,2020-05-09 02:00:00,1.083888173
14067,2020-05-09 03:00:00,1.072131753
14068,2020-05-09 04:00:00,1.052930713
14069,2020-05-09 05:00:00,1.029364944
14070,2020-05-09 06:00:00,1.002186656
14071,2020-05-09 07:00:00,0.972310185
14072,2020-05-09 08:00:00,0.934990048
14073,2020-05-09 09:00:00,0.889880598
14074,2020-05-09 10:00:00,0.847057760
14075,2020-05-09 11:00:00,0.806871295
14076,2020-05-09 12:00:00,0.767028451
14077,2020-05-09 13:00:00,0.719389439
14078,2020-05-09 14:00:00,0.665897667
14079,2020-05-09 15:00:00,0.620011091
14080,2020-05-09 16:00:00,0.590645611
14081,2020-05-09 17:00:00,0.551397443
14082,2020-05-09 18:00:00,0.476373106
14083,2020-05-09 19:00:00,0.218232721
14084,2020-05-09 20:00:00,0.000000000
14085,2020-05-09 21:00:00,0.000000000
14086,2020-05-09 22:00:00,0.000000000
14087,2020-05-09 23:00:00,0.000000000
14088,2020-05-10 00:00:00,0.000000000
14089,2020-05-10 01:00:00,0.000000000
14090,2020-05-10 02:00:00,0.000000000
14091,2020-05-10 03:00:00,0.000000000
14092,2020-05-10 04:00:00,0.000000000
14093,2020-05-10 05:00:00,0.000000000
14094,2020-05-10 06:00:00,0.000000000
14095,2020-05-10 07:00:00,0.000000000
14096,2020-05-10 08:00:00,0.000000000
14097,2020-05-10 09:00:00,0.000000000
14098,2020-05-10 10:00:00,0.000000000
14099,2020-05-10 11:00:00,0.000000000
14100,2020-05-10 12:00:00,0.000000000
14101,2020-05-10 13:00:00,0.000000000
14102,2020-05-10 14:00:00,0.000000000
14103,2020-05-10 15:00:00,0.000000000
14104,2020-05-10 16:00:00,0.000000000
14105,2020-05-10 17:00:00,0.000000000
14106,2020-05-10 18:00:00,0.000000000
14107,2020-05-10 19:00:00,0.000000000
14108,2020-05-10 20:00:00,0.000000000
14109,2020-05-10 21:00:00,0.000000000
14110,2020-05-10 22:00:00,0.000000000
14111,2020-05-10 23:00:00,0.000000000
14112,2020-05-11 00:00:00,0.000000000
14113,2020-05-11 01:00:00,0.000000000
14114,2020-05-11 02:00:00,0.000000000
14115,2020-05-11 03:00:00,0.000000000
14116,2020-05-11 04:00:00,0.000000000
14117,2020-05-11 05:00:00,0.000000000
14118,2020-05-11 06:00:00,0.000000000
14119,2020-05-11 07:00:00,0.000000000
14120,2020-05-11 08:00:00,0.000000000
14121,2020-05-11 09:00:00,0.000000000
14122,2020-05-11 10:00:00,0.000000000
14123,2020-05-11 11:00:00,0.000000000
14124,2020-05-11 12:00:00,0.000000000
14125,2020-05-11 13:00:00,0.174549639
14126,2020-05-11 14:00:00,0.377391130
14127,2020-05-11 15:00:00,0.597151875
14128,2020-05-11 16:00:00,0.820863187
14129,2020-05-11 17:00:00,0.956823885
14130,2020-05-11 18:00:00,0.900455773
14131,2020-05-11 19:00:00,0.373028189
14132,2020-05-11 20:00:00,0.088716567
14133,2020-05-11 21:00:00,0.268434346
14134,2020-05-11 22:00:00,0.091497980
14135,2020-05-11 23:00:00,0.057348158
14136,2020-05-12 00:00:00,0.208350018
14137,2020-05-12 01:00:00,0.219912052
14138,2020-05-12 02:00:00,0.239114717
14139,2020-05-12 03:00:00,0.260342777
14140,2020-05-12 04:00:00,0.271470577
14141,2020-05-12 05:00:00,0.280440867
14142,2020-05-12 06:00:00,0.292428851
14143,2020-05-12 07:00:00,0.306708694
14144,2020-05-12 08:00:00,0.311419189
14145,2020-05-12 09:00:00,0.316663802
14146,2020-05-12 10:00:00,0.319975495
14147,2020-05-12 11:00:00,0.322239161
14148,2020-05-12 12:00:00,0.326479644
14149,2020-05-12 13:00:00,0.332159102
14150,2020-05-12 14:00:00,0.338782698
14151,2020-05-12 15:00:00,0.345403224
14152,2020-05-12 16:00:00,0.349034607
14153,2020-05-12 17:00:00,0.345712483
14154,2020-05-12 18:00:00,0.017150396
14155,2020-05-12 19:00:00,0.016666111
14156,2020-05-12 20:00:00,0.014343473
14157,2020-05-12 21:00:00,0.010003205
14158,2020-05-12 22:00:00,0.005978723
14159,2020-05-12 23:00:00,0.003149114
14160,2020-05-13 00:00:00,0.001370721
14161,2020-05-13 01:00:00,0.000635598
14162,2020-05-13 02:00:00,0.000199573
14163,2020-05-13 03:00:00,0.000096676
14164,2020-05-13 04:00:00,0.000092942
14165,2020-05-13 05:00:00,0.000156904
14166,2020-05-13 06:00:00,0.000243533
14167,2020-05-13 07:00:00,0.000268003
14168,2020-05-13 08:00:00,0.000264403
14169,2020-05-13 09:00:00,0.000531568
14170,2020-05-13 10:00:00,0.000311957
14171,2020-05-13 11:00:00,0.000425150
14172,2020-05-13 12:00:00,0.000546173
14173,2020-05-13 13:00:00,0.000658950
14174,2020-05-13 14:00:00,0.000938516
14175,2020-05-13 15:00:00,0.001794369
14176,2020-05-13 16:00:00,0.001458016
14177,2020-05-13 17:00:00,0.001545542
14178,2020-05-13 18:00:00,0.001728831
14179,2020-05-13 19:00:00,0.001930876
14180,2020-05-13 20:00:00,0.001865053
14181,2020-05-13 21:00:00,0.001052322
14182,2020-05-13 22:00:00,0.000669524
14183,2020-05-13 23:00:00,0.000311872
14184,2020-05-14 00:00:00,0.000158600
14185,2020-05-14 01:00:00,0.000074251
14186,2020-05-14 02:00:00,0.000011748
14187,2020-05-14 03:00:00,0.000002073
14188,2020-05-14 04:00:00,0.000001285
14189,2020-05-14 05:00:00,0.000000000
14190,2020-05-14 06:00:00,0.000000000
14191,2020-05-14 07:00:00,0.000001449
14192,2020-05-14 08:00:00,0.000000000
14193,2020-05-14 09:00:00,0.000000000
14194,2020-05-14 10:00:00,0.000000000
14195,2020-05-14 11:00:00,0.000001971
14196,2020-05-14 12:00:00,0.000002223
14197,2020-05-14 13:00:00,0.000001766
14198,2020-05-14 14:00:00,0.000003938
14199,2020-05-14 15:00:00,0.000006953
14200,2020-05-14 16:00:00,0.000013377
14201,2020-05-14 17:00:00,0.000014841
14202,2020-05-14 18:00:00,0.000013106
14203,2020-05-14 19:00:00,0.000018609
14204,2020-05-14 20:00:00,0.000016535
14205,2020-05-14 21:00:00,0.000013358
14206,2020-05-14 22:00:00,0.000009853
14207,2020-05-14 23:00:00,0.000005702
14208,2020-05-15 00:00:00,0.000002796
14209,2020-05-15 01:00:00,0.000001350
14210,2020-05-15 02:00:00,0.000000000
14211,2020-05-15 03:00:00,0.000000000
14212,2020-05-15 04:00:00,0.000000000
14213,2020-05-15 05:00:00,0.000000000
14214,2020-05-15 06:00:00,0.000000000
14215,2020-05-15 07:00:00,0.000000000
14216,2020-05-15 08:00:00,0.000000000
14217,2020-05-15 09:00:00,0.000000000
14218,2020-05-15 10:00:00,0.000000000
14219,2020-05-15 11:00:00,0.000000000
14220,2020-05-15 12:00:00,0.000000000
14221,2020-05-15 13:00:00,0.000000000
14222,2020-05-15 14:00:00,0.000000000
14223,2020-05-15 15:00:00,0.000000000
14224,2020-05-15 16:00:00,0.000000000
14225,2020-05-15 17:00:00,0.000000000
14226,2020-05-15 18:00:00,0.000000000
14227,2020-05-15 19:00:00,0.000000000
14228,2020-05-15 20:00:00,0.000000000
14229,2020-05-15 21:00:00,0.000000000
14230,2020-05-15 22:00:00,0.000000000
14231,2020-05-15 23:00:00,0.000000000
14232,2020-05-16 00:00:00,0.000000000
14233,2020-05-16 01:00:00,0.000000000
14234,2020-05-16 02:00:00,0.000000000
14235,2020-05-16 03:00:00,0.000000000
14236,2020-05-16 04:00:00,0.000000000
14237,2020-05-16 05:00:00,0.000000000
14238,2020-05-16 06:00:00,0.000000000
14239,2020-05-16 07:00:00,0.000000000
14240,2020-05-16 08:00:00,0.000000000
14241,2020-05-16 09:00:00,0.000000000
14242,2020-05-16 10:00:00,0.000000000
14243,2020-05-16 11:00:00,0.000000000
14244,2020-05-16 12:00:00,0.000000000
14245,2020-05-16 13:00:00,0.000000000
14246,2020-05-16 14:00:00,0.000000000
14247,2020-05-16 15:00:00,0.000000000
14248,2020-05-16 16:00:00,0.000000000
14249,2020-05-16 17:00:00,0.000000000
14250,2020-05-16 18:00:00,0.000000000
14251,2020-05-16 19:00:00,0.000000000
14252,2020-05-16 20:00:00,0.000000000
14253,2020-05-16 21:00:00,0.000000000
14254,2020-05-16 22:00:00,0.000000000
14255,2020-05-16 23:00:00,0.000000000
14256,2020-05-17 00:00:00,0.000000000
14257,2020-05-17 01:00:00,0.000000000
14258,2020-05-17 02:00:00,0.000000000
14259,2020-05-17 03:00:00,0.000000000
14260,2020-05-17 04:00:00,0.000000000
14261,2020-05-17 05:00:00,0.000000000
14262,2020-05-17 06:00:00,0.000000000
14263,2020-05-17 07:00:00,0.000000000
14264,2020-05-17 08:00:00,0.000000000
14265,2020-05-17 09:00:00,0.000000000
14266,2020-05-17 10:00:00,0.000000000
14267,2020-05-17 11:00:00,0.000000000
14268,2020-05-17 12:00:00,0.000000000
14269,2020-05-17 13:00:00,0.000000000
14270,2020-05-17 14:00:00,0.000000000
14271,2020-05-17 15:00:00,0.000000000
14272,2020-05-17 16:00:00,0.000000000
14273,2020-05-17 17:00:00,0.000000000
14274,2020-05-17 18:00:00,0.000000000
14275,2020-05-17 19:00:00,0.000000000
14276,2020-05-17 20:00:00,0.000000000
14277,2020-05-17 21:00:00,0.000000000
14278,2020-05-17 22:00:00,0.000000000
14279,2020-05-17 23:00:00,0.000000000
14280,2020-05-18 00:00:00,0.000000000
14281,2020-05-18 01:00:00,0.000000000
14282,2020-05-18 02:00:00,0.000000000
14283,2020-05-18 03:00:00,0.000000000
14284,2020-05-18 04:00:00,0.000000000
14285,2020-05-18 05:00:00,0.000000000
14286,2020-05-18 06:00:00,0.000000000
14287,2020-05-18 07:00:00,0.000000000
14288,2020-05-18 08:00:00,0.000000000
14289,2020-05-18 09:00:00,0.000000000
14290,2020-05-18 10:00:00,0.000000000
14291,2020-05-18 11:00:00,0.000000000
14292,2020-05-18 12:00:00,0.000000000
14293,2020-05-18 13:00:00,0.000000000
14294,2020-05-18 14:00:00,0.000000000
14295,2020-05-18 15:00:00,0.000000000
14296,2020-05-18 16:00:00,0.000000000
14297,2020-05-18 17:00:00,0.000000000
14298,2020-05-18 18:00:00,0.000000000
14299,2020-05-18 19:00:00,0.000000000
14300,2020-05-18 20:00:00,0.000000000
14301,2020-05-18 21:00:00,0.000000000
14302,2020-05-18 22:00:00,0.000000000
14303,2020-05-18 23:00:00,0.000000000
14304,2020-05-19 00:00:00,0.000000000
14305,2020-05-19 01:00:00,0.000000000
14306,2020-05-19 02:00:00,0.000000000
14307,2020-05-19 03:00:00,0.000000000
14308,2020-05-19 04:00:00,0.000000000
14309,2020-05-19 05:00:00,0.000000000
14310,2020-05-19 06:00:00,0.000000000
14311,2020-05-19 07:00:00,0.000000000
14312,2020-05-19 08:00:00,0.000000000
14313,2020-05-19 09:00:00,0.000000000
14314,2020-05-19 10:00:00,0.000000000
14315,2020-05-19 11:00:00,0.000000000
14316,2020-05-19 12:00:00,0.000000000
14317,2020-05-19 13:00:00,0.000000000
14318,2020-05-19 14:00:00,0.000000000
14319,2020-05-19 15:00:00,0.000000000
14320,2020-05-19 16:00:00,0.000000000
14321,2020-05-19 17:00:00,0.000000000
14322,2020-05-19 18:00:00,0.000000000
14323,2020-05-19 19:00:00,0.000000000
14324,2020-05-19 20:00:00,0.000000000
14325,2020-05-19 21:00:00,0.000000000
14326,2020-05-19 22:00:00,0.000000000
14327,2020-05-19 23:00:00,0.000000000
14328,2020-05-20 00:00:00,0.000000000
14329,2020-05-20 01:00:00,0.000000000
14330,2020-05-20 02:00:00,0.000000000
14331,2020-05-20 03:00:00,0.000000000
14332,2020-05-20 04:00:00,0.000000000
14333,2020-05-20 05:00:00,0.000000000
14334,2020-05-20 06:00:00,0.000000000
14335,2020-05-20 07:00:00,0.000000000
14336,2020-05-20 08:00:00,0.000000000
14337,2020-05-20 09:00:00,0.000000000
14338,2020-05-20 10:00:00,0.000000000
14339,2020-05-20 11:00:00,0.000000000
14340,2020-05-20 12:00:00,0.000000000
14341,2020-05-20 13:00:00,0.000000000
14342,2020-05-20 14:00:00,0.000000000
14343,2020-05-20 15:00:00,0.000000000
14344,2020-05-20 16:00:00,0.000000000
14345,2020-05-20 17:00:00,0.000000000
14346,2020-05-20 18:00:00,0.000000000
14347,2020-05-20 19:00:00,0.000000000
14348,2020-05-20 20:00:00,0.000000000
14349,2020-05-20 21:00:00,0.000000000
14350,2020-05-20 22:00:00,0.000000000
14351,2020-05-20 23:00:00,0.000000000
14352,2020-05-21 00:00:00,0.000000000
14353,2020-05-21 01:00:00,0.000000000
14354,2020-05-21 02:00:00,0.000000000
14355,2020-05-21 03:00:00,0.000000000
14356,2020-05-21 04:00:00,0.000000000
14357,2020-05-21 05:00:00,0.000000000
14358,2020-05-21 06:00:00,0.000000000
14359,2020-05-21 07:00:00,0.000000000
14360,2020-05-21 08:00:00,0.000000000
14361,2020-05-21 09:00:00,0.000000000
14362,2020-05-21 10:00:00,0.000000000
14363,2020-05-21 11:00:00,0.000000000
14364,2020-05-21 12:00:00,0.000000000
14365,2020-05-21 13:00:00,0.000000000
14366,2020-05-21 14:00:00,0.000000000
14367,2020-05-21 15:00:00,0.000000000
14368,2020-05-21 16:00:00,0.000000000
14369,2020-05-21 17:00:00,0.000000000
14370,2020-05-21 18:00:00,0.000000000
14371,2020-05-21 19:00:00,0.000000000
14372,2020-05-21 20:00:00,0.000000000
14373,2020-05-21 21:00:00,0.000000000
14374,2020-05-21 22:00:00,0.000000000
14375,2020-05-21 23:00:00,0.000000000
14376,2020-05-22 00:00:00,0.000000000
14377,2020-05-22 01:00:00,0.000000000
14378,2020-05-22 02:00:00,0.000000000
14379,2020-05-22 03:00:00,0.000000000
14380,2020-05-22 04:00:00,0.000000000
14381,2020-05-22 05:00:00,0.000000000
14382,2020-05-22 06:00:00,0.000000000
14383,2020-05-22 07:00:00,0.000000000
14384,2020-05-22 08:00:00,0.000000000
14385,2020-05-22 09:00:00,0.000000000
14386,2020-05-22 10:00:00,0.000000000
14387,2020-05-22 11:00:00,0.000000000
14388,2020-05-22 12:00:00,0.000000000
14389,2020-05-22 13:00:00,0.000000000
14390,2020-05-22 14:00:00,0.000000000
14391,2020-05-22 15:00:00,0.000000000
14392,2020-05-22 16:00:00,0.000000000
14393,2020-05-22 17:00:00,0.000000000
14394,2020-05-22 18:00:00,0.000000000
14395,2020-05-22 19:00:00,0.000000000
14396,2020-05-22 20:00:00,0.000000000
14397,2020-05-22 21:00:00,0.000000000
14398,2020-05-22 22:00:00,0.000000000
14399,2020-05-22 23:00:00,0.000000000
14400,2020-05-23 00:00:00,0.000000000
14401,2020-05-23 01:00:00,0.000000000
14402,2020-05-23 02:00:00,0.000000000
14403,2020-05-23 03:00:00,0.000000000
14404,2020-05-23 04:00:00,0.000000000
14405,2020-05-23 05:00:00,0.000000000
14406,2020-05-23 06:00:00,0.000000000
14407,2020-05-23 07:00:00,0.000000000
14408,2020-05-23 08:00:00,0.000000000
14409,2020-05-23 09:00:00,0.000000000
14410,2020-05-23 10:00:00,0.000000000
14411,2020-05-23 11:00:00,0.000000000
14412,2020-05-23 12:00:00,0.000000000
14413,2020-05-23 13:00:00,0.000000000
14414,2020-05-23 14:00:00,0.000000000
14415,2020-05-23 15:00:00,0.000000000
14416,2020-05-23 16:00:00,0.000000000
14417,2020-05-23 17:00:00,0.000000000
14418,2020-05-23 18:00:00,0.000000000
14419,2020-05-23 19:00:00,0.000000000
14420,2020-05-23 20:00:00,0.000000000
14421,2020-05-23 21:00:00,0.000000000
14422,2020-05-23 22:00:00,0.000000000
14423,2020-05-23 23:00:00,0.000000000
14424,2020-05-24 00:00:00,0.000000000
14425,2020-05-24 01:00:00,0.000000000
14426,2020-05-24 02:00:00,0.000000000
14427,2020-05-24 03:00:00,0.000000000
14428,2020-05-24 04:00:00,0.000000000
14429,2020-05-24 05:00:00,0.000000000
14430,2020-05-24 06:00:00,0.000000000
14431,2020-05-24 07:00:00,0.000000000
14432,2020-05-24 08:00:00,0.000000000
14433,2020-05-24 09:00:00,0.000000000
14434,2020-05-24 10:00:00,0.000000000
14435,2020-05-24 11:00:00,0.000000000
14436,2020-05-24 12:00:00,0.000000000
14437,2020-05-24 13:00:00,0.000000000
14438,2020-05-24 14:00:00,0.000000000
14439,2020-05-24 15:00:00,0.000000000
14440,2020-05-24 16:00:00,0.000000000
14441,2020-05-24 17:00:00,0.000000000
14442,2020-05-24 18:00:00,0.000000000
14443,2020-05-24 19:00:00,0.000000000
14444,2020-05-24 20:00:00,0.000000000
14445,2020-05-24 21:00:00,0.000000000
14446,2020-05-24 22:00:00,0.000000000
14447,2020-05-24 23:00:00,0.000000000
14448,2020-05-25 00:00:00,0.000000000
14449,2020-05-25 01:00:00,0.000000000
14450,2020-05-25 02:00:00,0.000000000
14451,2020-05-25 03:00:00,0.000000000
14452,2020-05-25 04:00:00,0.000000000
14453,2020-05-25 05:00:00,0.000000000
14454,2020-05-25 06:00:00,0.000000000
14455,2020-05-25 07:00:00,0.000000000
14456,2020-05-25 08:00:00,0.000000000
14457,2020-05-25 09:00:00,0.000000000
14458,2020-05-25 10:00:00,0.000000000
14459,2020-05-25 11:00:00,0.000000000
14460,2020-05-25 12:00:00,0.000000000
14461,2020-05-25 13:00:00,0.000000000
14462,2020-05-25 14:00:00,0.000000000
14463,2020-05-25 15:00:00,0.000000000
14464,2020-05-25 16:00:00,0.000000000
14465,2020-05-25 17:00:00,0.000000000
14466,2020-05-25 18:00:00,0.000000000
14467,2020-05-25 19:00:00,0.000000000
14468,2020-05-25 20:00:00,0.000000000
14469,2020-05-25 21:00:00,0.000000000
14470,2020-05-25 22:00:00,0.000000000
14471,2020-05-25 23:00:00,0.000000000
14472,2020-05-26 00:00:00,0.000000000
14473,2020-05-26 01:00:00,0.000000000
14474,2020-05-26 02:00:00,0.000000000
14475,2020-05-26 03:00:00,0.000000000
14476,2020-05-26 04:00:00,0.000000000
14477,2020-05-26 05:00:00,0.000000000
14478,2020-05-26 06:00:00,0.000000000
14479,2020-05-26 07:00:00,0.000000000
14480,2020-05-26 08:00:00,0.000000000
14481,2020-05-26 09:00:00,0.000000000
14482,2020-05-26 10:00:00,0.000000000
14483,2020-05-26 11:00:00,0.000000000
14484,2020-05-26 12:00:00,0.000000000
14485,2020-05-26 13:00:00,0.000000000
14486,2020-05-26 14:00:00,0.000000000
14487,2020-05-26 15:00:00,0.000000000
14488,2020-05-26 16:00:00,0.000000000
14489,2020-05-26 17:00:00,0.000000000
14490,2020-05-26 18:00:00,0.000000000
14491,2020-05-26 19:00:00,0.000000000
14492,2020-05-26 20:00:00,0.000000000
14493,2020-05-26 21:00:00,0.000000000
14494,2020-05-26 22:00:00,0.000000000
14495,2020-05-26 23:00:00,0.000000000
14496,2020-05-27 00:00:00,0.000000000
14497,2020-05-27 01:00:00,0.000000000
14498,2020-05-27 02:00:00,0.000000000
14499,2020-05-27 03:00:00,0.000000000
14500,2020-05-27 04:00:00,0.000000000
14501,2020-05-27 05:00:00,0.000000000
14502,2020-05-27 06:00:00,0.000000000
14503,2020-05-27 07:00:00,0.000000000
14504,2020-05-27 08:00:00,0.000000000
14505,2020-05-27 09:00:00,0.000000000
14506,2020-05-27 10:00:00,0.000000000
14507,2020-05-27 11:00:00,0.000000000
14508,2020-05-27 12:00:00,0.000000000
14509,2020-05-27 13:00:00,0.000000000
14510,2020-05-27 14:00:00,0.000000000
14511,2020-05-27 15:00:00,0.000000000
14512,2020-05-27 16:00:00,0.000000000
14513,2020-05-27 17:00:00,0.000000000
14514,2020-05-27 18:00:00,0.000000000
14515,2020-05-27 19:00:00,0.000000000
14516,2020-05-27 20:00:00,0.000000000
14517,2020-05-27 21:00:00,0.000000000
14518,2020-05-27 22:00:00,0.000000000
14519,2020-05-27 23:00:00,0.000000000
14520,2020-05-28 00:00:00,0.000000000
14521,2020-05-28 01:00:00,0.000000000
14522,2020-05-28 02:00:00,0.000000000
14523,2020-05-28 03:00:00,0.000000000
14524,2020-05-28 04:00:00,0.000000000
14525,2020-05-28 05:00:00,0.000000000
14526,2020-05-28 06:00:00,0.000000000
14527,2020-05-28 07:00:00,0.000427932
14528,2020-05-28 08:00:00,0.000348381
14529,2020-05-28 09:00:00,0.000363292
14530,2020-05-28 10:00:00,0.000338837
14531,2020-05-28 11:00:00,0.000357886
14532,2020-05-28 12:00:00,0.000432366
14533,2020-05-28 13:00:00,0.010809795
14534,2020-05-28 14:00:00,0.020391461
14535,2020-05-28 15:00:00,0.023836555
14536,2020-05-28 16:00:00,0.025168112
14537,2020-05-28 17:00:00,0.000426458
14538,2020-05-28 18:00:00,0.001047342
14539,2020-05-28 19:00:00,0.002022494
14540,2020-05-28 20:00:00,0.001298640
14541,2020-05-28 21:00:00,0.000926707
14542,2020-05-28 22:00:00,0.000482392
14543,2020-05-28 23:00:00,0.000333555
14544,2020-05-29 00:00:00,0.000100997
14545,2020-05-29 01:00:00,0.000049441
14546,2020-05-29 02:00:00,0.000136519
14547,2020-05-29 03:00:00,0.000150753
14548,2020-05-29 04:00:00,0.000381840
14549,2020-05-29 05:00:00,0.000443442
14550,2020-05-29 06:00:00,0.000753023
14551,2020-05-29 07:00:00,0.018910769
14552,2020-05-29 08:00:00,0.039273672
14553,2020-05-29 09:00:00,0.057945412
14554,2020-05-29 10:00:00,0.073816076
14555,2020-05-29 11:00:00,0.086312518
14556,2020-05-29 12:00:00,0.096480407
14557,2020-05-29 13:00:00,0.103061087
14558,2020-05-29 14:00:00,0.109150141
14559,2020-05-29 15:00:00,0.114080101
14560,2020-05-29 16:00:00,0.125272155
14561,2020-05-29 17:00:00,0.009390317
14562,2020-05-29 18:00:00,0.016142823
14563,2020-05-29 19:00:00,0.023346756
14564,2020-05-29 20:00:00,0.019927235
14565,2020-05-29 21:00:00,0.008796249
14566,2020-05-29 22:00:00,0.007062000
14567,2020-05-29 23:00:00,0.004484794
14568,2020-05-30 00:00:00,0.002011589
14569,2020-05-30 01:00:00,0.000821179
14570,2020-05-30 02:00:00,0.000259597
14571,2020-05-30 03:00:00,0.000251697
14572,2020-05-30 04:00:00,0.000155767
14573,2020-05-30 05:00:00,0.000124755
14574,2020-05-30 06:00:00,0.000087478
14575,2020-05-30 07:00:00,0.000238691
14576,2020-05-30 08:00:00,0.000357481
14577,2020-05-30 09:00:00,0.016613171
14578,2020-05-30 10:00:00,0.026697181
14579,2020-05-30 11:00:00,0.035605166
14580,2020-05-30 12:00:00,0.041602902
14581,2020-05-30 13:00:00,0.051096089
14582,2020-05-30 14:00:00,0.060561068
14583,2020-05-30 15:00:00,0.067865059
14584,2020-05-30 16:00:00,0.078810066
14585,2020-05-30 17:00:00,0.007446247
14586,2020-05-30 18:00:00,0.012325266
14587,2020-05-30 19:00:00,0.021224568
14588,2020-05-30 20:00:00,0.011368391
14589,2020-05-30 21:00:00,0.009242107
14590,2020-05-30 22:00:00,0.006317934
14591,2020-05-30 23:00:00,0.003245256
14592,2020-05-31 00:00:00,0.001359018
14593,2020-05-31 01:00:00,0.000846390
14594,2020-05-31 02:00:00,0.000291515
14595,2020-05-31 03:00:00,0.000221635
14596,2020-05-31 04:00:00,0.000120834
14597,2020-05-31 05:00:00,0.000080749
14598,2020-05-31 06:00:00,0.000040417
14599,2020-05-31 07:00:00,0.000248866
14600,2020-05-31 08:00:00,0.000453325
14601,2020-05-31 09:00:00,0.000556819
14602,2020-05-31 10:00:00,0.000769828
14603,2020-05-31 11:00:00,0.000850122
14604,2020-05-31 12:00:00,0.000891541
14605,2020-05-31 13:00:00,0.012215262
14606,2020-05-31 14:00:00,0.023671646
14607,2020-05-31 15:00:00,0.038232360
14608,2020-05-31 16:00:00,0.049354605
14609,2020-05-31 17:00:00,0.003654820
14610,2020-05-31 18:00:00,0.009019574
14611,2020-05-31 19:00:00,0.009860262
14612,2020-05-31 20:00:00,0.005831402
14613,2020-05-31 21:00:00,0.005402489
14614,2020-05-31 22:00:00,0.003310767
14615,2020-05-31 23:00:00,0.002441586
14616,2020-06-01 00:00:00,0.000821920
14617,2020-06-01 01:00:00,0.000503734
14618,2020-06-01 02:00:00,0.000146733
14619,2020-06-01 03:00:00,0.000100106
14620,2020-06-01 04:00:00,0.000055571
14621,2020-06-01 05:00:00,0.000136707
14622,2020-06-01 06:00:00,0.000166821
14623,2020-06-01 07:00:00,0.000230234
14624,2020-06-01 08:00:00,0.000465935
14625,2020-06-01 09:00:00,0.000908108
14626,2020-06-01 10:00:00,0.001565586
14627,2020-06-01 11:00:00,0.016296763
14628,2020-06-01 12:00:00,0.027780253
14629,2020-06-01 13:00:00,0.036225371
14630,2020-06-01 14:00:00,0.047430582
14631,2020-06-01 15:00:00,0.055058151
14632,2020-06-01 16:00:00,0.064887501
14633,2020-06-01 17:00:00,0.006087714
14634,2020-06-01 18:00:00,0.013875851
14635,2020-06-01 19:00:00,0.016224226
14636,2020-06-01 20:00:00,0.011473633
14637,2020-06-01 21:00:00,0.007485945
14638,2020-06-01 22:00:00,0.004964122
14639,2020-06-01 23:00:00,0.003387251
14640,2020-06-02 00:00:00,0.001658025
14641,2020-06-02 01:00:00,0.000878462
14642,2020-06-02 02:00:00,0.000179176
14643,2020-06-02 03:00:00,0.000136590
14644,2020-06-02 04:00:00,0.000218156
14645,2020-06-02 05:00:00,0.000454931
14646,2020-06-02 06:00:00,0.000931033
14647,2020-06-02 07:00:00,0.001071498
14648,2020-06-02 08:00:00,0.001190829
14649,2020-06-02 09:00:00,0.017488418
14650,2020-06-02 10:00:00,0.032787845
14651,2020-06-02 11:00:00,0.040085960
14652,2020-06-02 12:00:00,0.044069078
14653,2020-06-02 13:00:00,0.052329455
14654,2020-06-02 14:00:00,0.005645042
14655,2020-06-02 15:00:00,0.005125618
14656,2020-06-02 16:00:00,0.004745841
14657,2020-06-02 17:00:00,0.003931622
14658,2020-06-02 18:00:00,0.004723141
14659,2020-06-02 19:00:00,0.005056845
14660,2020-06-02 20:00:00,0.003904253
14661,2020-06-02 21:00:00,0.002550191
14662,2020-06-02 22:00:00,0.001421002
14663,2020-06-02 23:00:00,0.000815825
14664,2020-06-03 00:00:00,0.000323461
14665,2020-06-03 01:00:00,0.000137613
14666,2020-06-03 02:00:00,0.000037968
14667,2020-06-03 03:00:00,0.000028013
14668,2020-06-03 04:00:00,0.000019179
14669,2020-06-03 05:00:00,0.000088774
14670,2020-06-03 06:00:00,0.000193214
14671,2020-06-03 07:00:00,0.000262691
14672,2020-06-03 08:00:00,0.000380246
14673,2020-06-03 09:00:00,0.004580567
14674,2020-06-03 10:00:00,0.008837631
14675,2020-06-03 11:00:00,0.010444098
14676,2020-06-03 12:00:00,0.007361376
14677,2020-06-03 13:00:00,0.005366679
14678,2020-06-03 14:00:00,0.002659390
14679,2020-06-03 15:00:00,0.001313009
14680,2020-06-03 16:00:00,0.001413286
14681,2020-06-03 17:00:00,0.003712939
14682,2020-06-03 18:00:00,0.007248705
14683,2020-06-03 19:00:00,0.008968687
14684,2020-06-03 20:00:00,0.006575880
14685,2020-06-03 21:00:00,0.004476388
14686,2020-06-03 22:00:00,0.003270719
14687,2020-06-03 23:00:00,0.001432724
14688,2020-06-04 00:00:00,0.000696090
14689,2020-06-04 01:00:00,0.000329988
14690,2020-06-04 02:00:00,0.000074964
14691,2020-06-04 03:00:00,0.000132588
14692,2020-06-04 04:00:00,0.000151578
14693,2020-06-04 05:00:00,0.000159053
14694,2020-06-04 06:00:00,0.000117584
14695,2020-06-04 07:00:00,0.000086009
14696,2020-06-04 08:00:00,0.006431188
14697,2020-06-04 09:00:00,0.011878958
14698,2020-06-04 10:00:00,0.015209585
14699,2020-06-04 11:00:00,0.015705450
14700,2020-06-04 12:00:00,0.014745225
14701,2020-06-04 13:00:00,0.013320209
14702,2020-06-04 14:00:00,0.012024328
14703,2020-06-04 15:00:00,0.009983946
14704,2020-06-04 16:00:00,0.001635493
14705,2020-06-04 17:00:00,0.001608954
14706,2020-06-04 18:00:00,0.002239448
14707,2020-06-04 19:00:00,0.002500997
14708,2020-06-04 20:00:00,0.001781884
14709,2020-06-04 21:00:00,0.001147055
14710,2020-06-04 22:00:00,0.000717452
14711,2020-06-04 23:00:00,0.000316927
14712,2020-06-05 00:00:00,0.000145510
14713,2020-06-05 01:00:00,0.000052547
14714,2020-06-05 02:00:00,0.000014654
14715,2020-06-05 03:00:00,0.000014582
14716,2020-06-05 04:00:00,0.000012034
14717,2020-06-05 05:00:00,0.000006763
14718,2020-06-05 06:00:00,0.000005286
14719,2020-06-05 07:00:00,0.000005593
14720,2020-06-05 08:00:00,0.000006439
14721,2020-06-05 09:00:00,0.001810043
14722,2020-06-05 10:00:00,0.002486628
14723,2020-06-05 11:00:00,0.001642856
14724,2020-06-05 12:00:00,0.000014485
14725,2020-06-05 13:00:00,0.000014857
14726,2020-06-05 14:00:00,0.000018625
14727,2020-06-05 15:00:00,0.000022027
14728,2020-06-05 16:00:00,0.000037595
14729,2020-06-05 17:00:00,0.000068505
14730,2020-06-05 18:00:00,0.000094555
14731,2020-06-05 19:00:00,0.000093088
14732,2020-06-05 20:00:00,0.000066249
14733,2020-06-05 21:00:00,0.000039380
14734,2020-06-05 22:00:00,0.000021550
14735,2020-06-05 23:00:00,0.000013412
14736,2020-06-06 00:00:00,0.000004331
14737,2020-06-06 01:00:00,0.000001984
14738,2020-06-06 02:00:00,0.000000000
14739,2020-06-06 03:00:00,0.000000000
14740,2020-06-06 04:00:00,0.000000000
14741,2020-06-06 05:00:00,0.000000000
14742,2020-06-06 06:00:00,0.000000000
14743,2020-06-06 07:00:00,0.000000000
14744,2020-06-06 08:00:00,0.000000000
14745,2020-06-06 09:00:00,0.000000000
14746,2020-06-06 10:00:00,0.000000000
14747,2020-06-06 11:00:00,0.000000000
14748,2020-06-06 12:00:00,0.000000000
14749,2020-06-06 13:00:00,0.000000000
14750,2020-06-06 14:00:00,0.000000000
14751,2020-06-06 15:00:00,0.000000000
14752,2020-06-06 16:00:00,0.000000000
14753,2020-06-06 17:00:00,0.000000000
14754,2020-06-06 18:00:00,0.000000000
14755,2020-06-06 19:00:00,0.000000000
14756,2020-06-06 20:00:00,0.000000000
14757,2020-06-06 21:00:00,0.000000000
14758,2020-06-06 22:00:00,0.000000000
14759,2020-06-06 23:00:00,0.000000000
14760,2020-06-07 00:00:00,0.000000000
14761,2020-06-07 01:00:00,0.000000000
14762,2020-06-07 02:00:00,0.000000000
14763,2020-06-07 03:00:00,0.000000000
14764,2020-06-07 04:00:00,0.000000000
14765,2020-06-07 05:00:00,0.000000000
14766,2020-06-07 06:00:00,0.000000000
14767,2020-06-07 07:00:00,0.000000000
14768,2020-06-07 08:00:00,0.000000000
14769,2020-06-07 09:00:00,0.000000000
14770,2020-06-07 10:00:00,0.000000000
14771,2020-06-07 11:00:00,0.000000000
14772,2020-06-07 12:00:00,0.000000000
14773,2020-06-07 13:00:00,0.000000000
14774,2020-06-07 14:00:00,0.000000000
14775,2020-06-07 15:00:00,0.000000000
14776,2020-06-07 16:00:00,0.000000000
14777,2020-06-07 17:00:00,0.000000000
14778,2020-06-07 18:00:00,0.000000000
14779,2020-06-07 19:00:00,0.000000000
14780,2020-06-07 20:00:00,0.000000000
14781,2020-06-07 21:00:00,0.000000000
14782,2020-06-07 22:00:00,0.000000000
14783,2020-06-07 23:00:00,0.000000000
14784,2020-06-08 00:00:00,0.000000000
14785,2020-06-08 01:00:00,0.000000000
14786,2020-06-08 02:00:00,0.000000000
14787,2020-06-08 03:00:00,0.000000000
14788,2020-06-08 04:00:00,0.000000000
14789,2020-06-08 05:00:00,0.000000000
14790,2020-06-08 06:00:00,0.000000000
14791,2020-06-08 07:00:00,0.000000000
14792,2020-06-08 08:00:00,0.000000000
14793,2020-06-08 09:00:00,0.000000000
14794,2020-06-08 10:00:00,0.000000000
14795,2020-06-08 11:00:00,0.000000000
14796,2020-06-08 12:00:00,0.000000000
14797,2020-06-08 13:00:00,0.000000000
14798,2020-06-08 14:00:00,0.000000000
14799,2020-06-08 15:00:00,0.000000000
14800,2020-06-08 16:00:00,0.000000000
14801,2020-06-08 17:00:00,0.000000000
14802,2020-06-08 18:00:00,0.000000000
14803,2020-06-08 19:00:00,0.000000000
14804,2020-06-08 20:00:00,0.000000000
14805,2020-06-08 21:00:00,0.000000000
14806,2020-06-08 22:00:00,0.000000000
14807,2020-06-08 23:00:00,0.000000000
14808,2020-06-09 00:00:00,0.000000000
14809,2020-06-09 01:00:00,0.265913993
14810,2020-06-09 02:00:00,0.279895484
14811,2020-06-09 03:00:00,0.532443345
14812,2020-06-09 04:00:00,0.851059079
14813,2020-06-09 05:00:00,1.131844759
14814,2020-06-09 06:00:00,1.449816942
14815,2020-06-09 07:00:00,1.762218952
14816,2020-06-09 08:00:00,2.113215446
14817,2020-06-09 09:00:00,2.461093664
14818,2020-06-09 10:00:00,2.840009689
14819,2020-06-09 11:00:00,3.258097887
14820,2020-06-09 12:00:00,3.667142630
14821,2020-06-09 13:00:00,4.260693550
14822,2020-06-09 14:00:00,4.439824104
14823,2020-06-09 15:00:00,4.544717789
14824,2020-06-09 16:00:00,4.610785484
14825,2020-06-09 17:00:00,4.664143562
14826,2020-06-09 18:00:00,4.698581696
14827,2020-06-09 19:00:00,4.704346180
14828,2020-06-09 20:00:00,4.704285145
14829,2020-06-09 21:00:00,4.694006443
14830,2020-06-09 22:00:00,2.996863365
14831,2020-06-09 23:00:00,0.776469111
14832,2020-06-10 00:00:00,0.685985744
14833,2020-06-10 01:00:00,0.657110453
14834,2020-06-10 02:00:00,0.612145841
14835,2020-06-10 03:00:00,0.573323786
14836,2020-06-10 04:00:00,0.536491394
14837,2020-06-10 05:00:00,0.494044214
14838,2020-06-10 06:00:00,0.453206807
14839,2020-06-10 07:00:00,0.419806510
14840,2020-06-10 08:00:00,0.383319706
14841,2020-06-10 09:00:00,0.348896384
14842,2020-06-10 10:00:00,0.319005787
14843,2020-06-10 11:00:00,0.302926868
14844,2020-06-10 12:00:00,0.287355602
14845,2020-06-10 13:00:00,0.272987485
14846,2020-06-10 14:00:00,0.257651448
14847,2020-06-10 15:00:00,0.243776396
14848,2020-06-10 16:00:00,0.227038801
14849,2020-06-10 17:00:00,0.204957545
14850,2020-06-10 18:00:00,0.027599432
14851,2020-06-10 19:00:00,0.000828018
14852,2020-06-10 20:00:00,0.000656834
14853,2020-06-10 21:00:00,0.000504918
14854,2020-06-10 22:00:00,0.000387127
14855,2020-06-10 23:00:00,0.000185975
14856,2020-06-11 00:00:00,0.000108814
14857,2020-06-11 01:00:00,0.000055858
14858,2020-06-11 02:00:00,0.000008521
14859,2020-06-11 03:00:00,0.000004334
14860,2020-06-11 04:00:00,0.000002406
14861,2020-06-11 05:00:00,0.000002715
14862,2020-06-11 06:00:00,0.000004727
14863,2020-06-11 07:00:00,0.000003104
14864,2020-06-11 08:00:00,0.000002611
14865,2020-06-11 09:00:00,0.000010010
14866,2020-06-11 10:00:00,0.000007811
14867,2020-06-11 11:00:00,0.000017692
14868,2020-06-11 12:00:00,0.000016353
14869,2020-06-11 13:00:00,0.000013793
14870,2020-06-11 14:00:00,0.000017046
14871,2020-06-11 15:00:00,0.000037221
14872,2020-06-11 16:00:00,0.000042438
14873,2020-06-11 17:00:00,0.000071347
14874,2020-06-11 18:00:00,0.000091113
14875,2020-06-11 19:00:00,0.000107442
14876,2020-06-11 20:00:00,0.000077104
14877,2020-06-11 21:00:00,0.000052733
14878,2020-06-11 22:00:00,0.000036669
14879,2020-06-11 23:00:00,0.000018877
14880,2020-06-12 00:00:00,0.000007868
14881,2020-06-12 01:00:00,0.000003525
14882,2020-06-12 02:00:00,0.000000000
14883,2020-06-12 03:00:00,0.000000000
14884,2020-06-12 04:00:00,0.000000000
14885,2020-06-12 05:00:00,0.000000000
14886,2020-06-12 06:00:00,0.000000000
14887,2020-06-12 07:00:00,0.000000000
14888,2020-06-12 08:00:00,0.000000000
14889,2020-06-12 09:00:00,0.000000000
14890,2020-06-12 10:00:00,0.000001212
14891,2020-06-12 11:00:00,0.000002029
14892,2020-06-12 12:00:00,0.000003005
14893,2020-06-12 13:00:00,0.000006232
14894,2020-06-12 14:00:00,0.000003333
14895,2020-06-12 15:00:00,0.000006195
14896,2020-06-12 16:00:00,0.000008537
14897,2020-06-12 17:00:00,0.000009468
14898,2020-06-12 18:00:00,0.000019227
14899,2020-06-12 19:00:00,0.000022223
14900,2020-06-12 20:00:00,0.000017955
14901,2020-06-12 21:00:00,0.000013197
14902,2020-06-12 22:00:00,0.000006947
14903,2020-06-12 23:00:00,0.000003156
14904,2020-06-13 00:00:00,0.000001372
14905,2020-06-13 01:00:00,0.000000000
14906,2020-06-13 02:00:00,0.000000000
14907,2020-06-13 03:00:00,0.000000000
14908,2020-06-13 04:00:00,0.000000000
14909,2020-06-13 05:00:00,0.000000000
14910,2020-06-13 06:00:00,0.000000000
14911,2020-06-13 07:00:00,0.000000000
14912,2020-06-13 08:00:00,0.000000000
14913,2020-06-13 09:00:00,0.000000000
14914,2020-06-13 10:00:00,0.000000000
14915,2020-06-13 11:00:00,0.000000000
14916,2020-06-13 12:00:00,0.000000000
14917,2020-06-13 13:00:00,0.000000000
14918,2020-06-13 14:00:00,0.000000000
14919,2020-06-13 15:00:00,0.000000000
14920,2020-06-13 16:00:00,0.000000000
14921,2020-06-13 17:00:00,0.000000000
14922,2020-06-13 18:00:00,0.000000000
14923,2020-06-13 19:00:00,0.000000000
14924,2020-06-13 20:00:00,0.000000000
14925,2020-06-13 21:00:00,0.000000000
14926,2020-06-13 22:00:00,0.000000000
14927,2020-06-13 23:00:00,0.000000000
14928,2020-06-14 00:00:00,0.000000000
14929,2020-06-14 01:00:00,0.000000000
14930,2020-06-14 02:00:00,0.000000000
14931,2020-06-14 03:00:00,0.000000000
14932,2020-06-14 04:00:00,0.000000000
14933,2020-06-14 05:00:00,0.000000000
14934,2020-06-14 06:00:00,0.000000000
14935,2020-06-14 07:00:00,0.000000000
14936,2020-06-14 08:00:00,0.000000000
14937,2020-06-14 09:00:00,0.000000000
14938,2020-06-14 10:00:00,0.000000000
14939,2020-06-14 11:00:00,0.000000000
14940,2020-06-14 12:00:00,0.000000000
14941,2020-06-14 13:00:00,0.000000000
14942,2020-06-14 14:00:00,0.000000000
14943,2020-06-14 15:00:00,0.000000000
14944,2020-06-14 16:00:00,0.000000000
14945,2020-06-14 17:00:00,0.000000000
14946,2020-06-14 18:00:00,0.000000000
14947,2020-06-14 19:00:00,0.000000000
14948,2020-06-14 20:00:00,0.000000000
14949,2020-06-14 21:00:00,0.000000000
14950,2020-06-14 22:00:00,0.000000000
14951,2020-06-14 23:00:00,0.000000000
14952,2020-06-15 00:00:00,0.000000000
14953,2020-06-15 01:00:00,0.000000000
14954,2020-06-15 02:00:00,0.000000000
14955,2020-06-15 03:00:00,0.000000000
14956,2020-06-15 04:00:00,0.000000000
14957,2020-06-15 05:00:00,0.000000000
14958,2020-06-15 06:00:00,0.000000000
14959,2020-06-15 07:00:00,0.000000000
14960,2020-06-15 08:00:00,0.000000000
14961,2020-06-15 09:00:00,0.000000000
14962,2020-06-15 10:00:00,0.000000000
14963,2020-06-15 11:00:00,0.000000000
14964,2020-06-15 12:00:00,0.000000000
14965,2020-06-15 13:00:00,0.000000000
14966,2020-06-15 14:00:00,0.000000000
14967,2020-06-15 15:00:00,0.000000000
14968,2020-06-15 16:00:00,0.000000000
14969,2020-06-15 17:00:00,0.000000000
14970,2020-06-15 18:00:00,0.000000000
14971,2020-06-15 19:00:00,0.000000000
14972,2020-06-15 20:00:00,0.000000000
14973,2020-06-15 21:00:00,0.000000000
14974,2020-06-15 22:00:00,0.000000000
14975,2020-06-15 23:00:00,0.000000000
14976,2020-06-16 00:00:00,0.000000000
14977,2020-06-16 01:00:00,0.000000000
14978,2020-06-16 02:00:00,0.000000000
14979,2020-06-16 03:00:00,0.000000000
14980,2020-06-16 04:00:00,0.000000000
14981,2020-06-16 05:00:00,0.000000000
14982,2020-06-16 06:00:00,0.000000000
14983,2020-06-16 07:00:00,0.000000000
14984,2020-06-16 08:00:00,0.000000000
14985,2020-06-16 09:00:00,0.000000000
14986,2020-06-16 10:00:00,0.000000000
14987,2020-06-16 11:00:00,0.000000000
14988,2020-06-16 12:00:00,0.000000000
14989,2020-06-16 13:00:00,0.000000000
14990,2020-06-16 14:00:00,0.000000000
14991,2020-06-16 15:00:00,0.000000000
14992,2020-06-16 16:00:00,0.000000000
14993,2020-06-16 17:00:00,0.000000000
14994,2020-06-16 18:00:00,0.000000000
14995,2020-06-16 19:00:00,0.000000000
14996,2020-06-16 20:00:00,0.000000000
14997,2020-06-16 21:00:00,0.000000000
14998,2020-06-16 22:00:00,0.000000000
14999,2020-06-16 23:00:00,0.000000000
15000,2020-06-17 00:00:00,0.000000000
15001,2020-06-17 01:00:00,0.000000000
15002,2020-06-17 02:00:00,0.000000000
15003,2020-06-17 03:00:00,0.000000000
15004,2020-06-17 04:00:00,0.000000000
15005,2020-06-17 05:00:00,0.000000000
15006,2020-06-17 06:00:00,0.000000000
15007,2020-06-17 07:00:00,0.000000000
15008,2020-06-17 08:00:00,0.000000000
15009,2020-06-17 09:00:00,0.000000000
15010,2020-06-17 10:00:00,0.000000000
15011,2020-06-17 11:00:00,0.000000000
15012,2020-06-17 12:00:00,0.000000000
15013,2020-06-17 13:00:00,0.000000000
15014,2020-06-17 14:00:00,0.000000000
15015,2020-06-17 15:00:00,0.000000000
15016,2020-06-17 16:00:00,0.000000000
15017,2020-06-17 17:00:00,0.000000000
15018,2020-06-17 18:00:00,0.000000000
15019,2020-06-17 19:00:00,0.000000000
15020,2020-06-17 20:00:00,0.000000000
15021,2020-06-17 21:00:00,0.000000000
15022,2020-06-17 22:00:00,0.000000000
15023,2020-06-17 23:00:00,0.000000000
15024,2020-06-18 00:00:00,0.000000000
15025,2020-06-18 01:00:00,0.000000000
15026,2020-06-18 02:00:00,0.000000000
15027,2020-06-18 03:00:00,0.000000000
15028,2020-06-18 04:00:00,0.000000000
15029,2020-06-18 05:00:00,0.000000000
15030,2020-06-18 06:00:00,0.000000000
15031,2020-06-18 07:00:00,0.000000000
15032,2020-06-18 08:00:00,0.000000000
15033,2020-06-18 09:00:00,0.000000000
15034,2020-06-18 10:00:00,0.000000000
15035,2020-06-18 11:00:00,0.000000000
15036,2020-06-18 12:00:00,0.000000000
15037,2020-06-18 13:00:00,0.000000000
15038,2020-06-18 14:00:00,0.000000000
15039,2020-06-18 15:00:00,0.000000000
15040,2020-06-18 16:00:00,0.000000000
15041,2020-06-18 17:00:00,0.000000000
15042,2020-06-18 18:00:00,0.000000000
15043,2020-06-18 19:00:00,0.000000000
15044,2020-06-18 20:00:00,0.000000000
15045,2020-06-18 21:00:00,0.000000000
15046,2020-06-18 22:00:00,0.000000000
15047,2020-06-18 23:00:00,0.000000000
15048,2020-06-19 00:00:00,0.000000000
15049,2020-06-19 01:00:00,0.000000000
15050,2020-06-19 02:00:00,0.000000000
15051,2020-06-19 03:00:00,0.000000000
15052,2020-06-19 04:00:00,0.000000000
15053,2020-06-19 05:00:00,0.000000000
15054,2020-06-19 06:00:00,0.000000000
15055,2020-06-19 07:00:00,0.000000000
15056,2020-06-19 08:00:00,0.000000000
15057,2020-06-19 09:00:00,0.000000000
15058,2020-06-19 10:00:00,0.000000000
15059,2020-06-19 11:00:00,0.000000000
15060,2020-06-19 12:00:00,0.000000000
15061,2020-06-19 13:00:00,0.000000000
15062,2020-06-19 14:00:00,0.000000000
15063,2020-06-19 15:00:00,0.000000000
15064,2020-06-19 16:00:00,0.000000000
15065,2020-06-19 17:00:00,0.000000000
15066,2020-06-19 18:00:00,0.000000000
15067,2020-06-19 19:00:00,0.000000000
15068,2020-06-19 20:00:00,0.000000000
15069,2020-06-19 21:00:00,0.000000000
15070,2020-06-19 22:00:00,0.000000000
15071,2020-06-19 23:00:00,0.000000000
15072,2020-06-20 00:00:00,0.000000000
15073,2020-06-20 01:00:00,0.000000000
15074,2020-06-20 02:00:00,0.000000000
15075,2020-06-20 03:00:00,0.000000000
15076,2020-06-20 04:00:00,0.000000000
15077,2020-06-20 05:00:00,0.000000000
15078,2020-06-20 06:00:00,0.000000000
15079,2020-06-20 07:00:00,0.000000000
15080,2020-06-20 08:00:00,0.000000000
15081,2020-06-20 09:00:00,0.000000000
15082,2020-06-20 10:00:00,0.000000000
15083,2020-06-20 11:00:00,0.000000000
15084,2020-06-20 12:00:00,0.000000000
15085,2020-06-20 13:00:00,0.000000000
15086,2020-06-20 14:00:00,0.000000000
15087,2020-06-20 15:00:00,0.000000000
15088,2020-06-20 16:00:00,0.000000000
15089,2020-06-20 17:00:00,0.000000000
15090,2020-06-20 18:00:00,0.000000000
15091,2020-06-20 19:00:00,0.000000000
15092,2020-06-20 20:00:00,0.000000000
15093,2020-06-20 21:00:00,0.000000000
15094,2020-06-20 22:00:00,0.000000000
15095,2020-06-20 23:00:00,0.000000000
15096,2020-06-21 00:00:00,0.000000000
15097,2020-06-21 01:00:00,0.000000000
15098,2020-06-21 02:00:00,0.000000000
15099,2020-06-21 03:00:00,0.000000000
15100,2020-06-21 04:00:00,0.000000000
15101,2020-06-21 05:00:00,0.000000000
15102,2020-06-21 06:00:00,0.000000000
15103,2020-06-21 07:00:00,0.000000000
15104,2020-06-21 08:00:00,0.000000000
15105,2020-06-21 09:00:00,0.000000000
15106,2020-06-21 10:00:00,0.000000000
15107,2020-06-21 11:00:00,0.000000000
15108,2020-06-21 12:00:00,0.000000000
15109,2020-06-21 13:00:00,0.000000000
15110,2020-06-21 14:00:00,0.000000000
15111,2020-06-21 15:00:00,0.000000000
15112,2020-06-21 16:00:00,0.000000000
15113,2020-06-21 17:00:00,0.000000000
15114,2020-06-21 18:00:00,0.000000000
15115,2020-06-21 19:00:00,0.000000000
15116,2020-06-21 20:00:00,0.000000000
15117,2020-06-21 21:00:00,0.000000000
15118,2020-06-21 22:00:00,0.000000000
15119,2020-06-21 23:00:00,0.000000000
15120,2020-06-22 00:00:00,0.000000000
15121,2020-06-22 01:00:00,0.000000000
15122,2020-06-22 02:00:00,0.000000000
15123,2020-06-22 03:00:00,0.000000000
15124,2020-06-22 04:00:00,0.000000000
15125,2020-06-22 05:00:00,0.000000000
15126,2020-06-22 06:00:00,0.000000000
15127,2020-06-22 07:00:00,0.000000000
15128,2020-06-22 08:00:00,0.000000000
15129,2020-06-22 09:00:00,0.000000000
15130,2020-06-22 10:00:00,0.000000000
15131,2020-06-22 11:00:00,0.000000000
15132,2020-06-22 12:00:00,0.000000000
15133,2020-06-22 13:00:00,0.000000000
15134,2020-06-22 14:00:00,0.000000000
15135,2020-06-22 15:00:00,0.000000000
15136,2020-06-22 16:00:00,0.000000000
15137,2020-06-22 17:00:00,0.000000000
15138,2020-06-22 18:00:00,0.000000000
15139,2020-06-22 19:00:00,0.000000000
15140,2020-06-22 20:00:00,0.000000000
15141,2020-06-22 21:00:00,0.000000000
15142,2020-06-22 22:00:00,0.000000000
15143,2020-06-22 23:00:00,0.000000000
15144,2020-06-23 00:00:00,0.000000000
15145,2020-06-23 01:00:00,0.000000000
15146,2020-06-23 02:00:00,0.000000000
15147,2020-06-23 03:00:00,0.000000000
15148,2020-06-23 04:00:00,0.000000000
15149,2020-06-23 05:00:00,0.000000000
15150,2020-06-23 06:00:00,0.000000000
15151,2020-06-23 07:00:00,0.000000000
15152,2020-06-23 08:00:00,0.000000000
15153,2020-06-23 09:00:00,0.000000000
15154,2020-06-23 10:00:00,0.000000000
15155,2020-06-23 11:00:00,0.000000000
15156,2020-06-23 12:00:00,0.000000000
15157,2020-06-23 13:00:00,0.000000000
15158,2020-06-23 14:00:00,0.000000000
15159,2020-06-23 15:00:00,0.000000000
15160,2020-06-23 16:00:00,0.000000000
15161,2020-06-23 17:00:00,0.000000000
15162,2020-06-23 18:00:00,0.000000000
15163,2020-06-23 19:00:00,0.000000000
15164,2020-06-23 20:00:00,0.000000000
15165,2020-06-23 21:00:00,0.000000000
15166,2020-06-23 22:00:00,0.000000000
15167,2020-06-23 23:00:00,0.000000000
15168,2020-06-24 00:00:00,0.000000000
15169,2020-06-24 01:00:00,0.000000000
15170,2020-06-24 02:00:00,0.000000000
15171,2020-06-24 03:00:00,0.000000000
15172,2020-06-24 04:00:00,0.000000000
15173,2020-06-24 05:00:00,0.000000000
15174,2020-06-24 06:00:00,0.000000000
15175,2020-06-24 07:00:00,0.000000000
15176,2020-06-24 08:00:00,0.000000000
15177,2020-06-24 09:00:00,0.000000000
15178,2020-06-24 10:00:00,0.000000000
15179,2020-06-24 11:00:00,0.000000000
15180,2020-06-24 12:00:00,0.000000000
15181,2020-06-24 13:00:00,0.000000000
15182,2020-06-24 14:00:00,0.000000000
15183,2020-06-24 15:00:00,0.000000000
15184,2020-06-24 16:00:00,0.000000000
15185,2020-06-24 17:00:00,0.000000000
15186,2020-06-24 18:00:00,0.000000000
15187,2020-06-24 19:00:00,0.000000000
15188,2020-06-24 20:00:00,0.000000000
15189,2020-06-24 21:00:00,0.000000000
15190,2020-06-24 22:00:00,0.000000000
15191,2020-06-24 23:00:00,0.000000000
15192,2020-06-25 00:00:00,0.000000000
15193,2020-06-25 01:00:00,0.000000000
15194,2020-06-25 02:00:00,0.000000000
15195,2020-06-25 03:00:00,0.000000000
15196,2020-06-25 04:00:00,0.000000000
15197,2020-06-25 05:00:00,0.000000000
15198,2020-06-25 06:00:00,0.000000000
15199,2020-06-25 07:00:00,0.000000000
15200,2020-06-25 08:00:00,0.000000000
15201,2020-06-25 09:00:00,0.000000000
15202,2020-06-25 10:00:00,0.000000000
15203,2020-06-25 11:00:00,0.000000000
15204,2020-06-25 12:00:00,0.000000000
15205,2020-06-25 13:00:00,0.000000000
15206,2020-06-25 14:00:00,0.000000000
15207,2020-06-25 15:00:00,0.000000000
15208,2020-06-25 16:00:00,0.000000000
15209,2020-06-25 17:00:00,0.000000000
15210,2020-06-25 18:00:00,0.000000000
15211,2020-06-25 19:00:00,0.000000000
15212,2020-06-25 20:00:00,0.000000000
15213,2020-06-25 21:00:00,0.000000000
15214,2020-06-25 22:00:00,0.000000000
15215,2020-06-25 23:00:00,0.000000000
15216,2020-06-26 00:00:00,0.000000000
15217,2020-06-26 01:00:00,0.000000000
15218,2020-06-26 02:00:00,0.000000000
15219,2020-06-26 03:00:00,0.000000000
15220,2020-06-26 04:00:00,0.000000000
15221,2020-06-26 05:00:00,0.000000000
15222,2020-06-26 06:00:00,0.000000000
15223,2020-06-26 07:00:00,0.000000000
15224,2020-06-26 08:00:00,0.000000000
15225,2020-06-26 09:00:00,0.000000000
15226,2020-06-26 10:00:00,0.000000000
15227,2020-06-26 11:00:00,0.000000000
15228,2020-06-26 12:00:00,0.000000000
15229,2020-06-26 13:00:00,0.000000000
15230,2020-06-26 14:00:00,0.000000000
15231,2020-06-26 15:00:00,0.000000000
15232,2020-06-26 16:00:00,0.000000000
15233,2020-06-26 17:00:00,0.000000000
15234,2020-06-26 18:00:00,0.000000000
15235,2020-06-26 19:00:00,0.000000000
15236,2020-06-26 20:00:00,0.000000000
15237,2020-06-26 21:00:00,0.000000000
15238,2020-06-26 22:00:00,0.000000000
15239,2020-06-26 23:00:00,0.000000000
15240,2020-06-27 00:00:00,0.000000000
15241,2020-06-27 01:00:00,0.000000000
15242,2020-06-27 02:00:00,0.000000000
15243,2020-06-27 03:00:00,0.000000000
15244,2020-06-27 04:00:00,0.000000000
15245,2020-06-27 05:00:00,0.000000000
15246,2020-06-27 06:00:00,0.000000000
15247,2020-06-27 07:00:00,0.000000000
15248,2020-06-27 08:00:00,0.000000000
15249,2020-06-27 09:00:00,0.000000000
15250,2020-06-27 10:00:00,0.000000000
15251,2020-06-27 11:00:00,0.000000000
15252,2020-06-27 12:00:00,0.000000000
15253,2020-06-27 13:00:00,0.000000000
15254,2020-06-27 14:00:00,0.000000000
15255,2020-06-27 15:00:00,0.000000000
15256,2020-06-27 16:00:00,0.000000000
15257,2020-06-27 17:00:00,0.000000000
15258,2020-06-27 18:00:00,0.000000000
15259,2020-06-27 19:00:00,0.000000000
15260,2020-06-27 20:00:00,0.000000000
15261,2020-06-27 21:00:00,0.000000000
15262,2020-06-27 22:00:00,0.000000000
15263,2020-06-27 23:00:00,0.000000000
15264,2020-06-28 00:00:00,0.000000000
15265,2020-06-28 01:00:00,0.000000000
15266,2020-06-28 02:00:00,0.000000000
15267,2020-06-28 03:00:00,0.000000000
15268,2020-06-28 04:00:00,0.000000000
15269,2020-06-28 05:00:00,0.000000000
15270,2020-06-28 06:00:00,0.000000000
15271,2020-06-28 07:00:00,0.000000000
15272,2020-06-28 08:00:00,0.000000000
15273,2020-06-28 09:00:00,0.000000000
15274,2020-06-28 10:00:00,0.000000000
15275,2020-06-28 11:00:00,0.000000000
15276,2020-06-28 12:00:00,0.000000000
15277,2020-06-28 13:00:00,0.000000000
15278,2020-06-28 14:00:00,0.000000000
15279,2020-06-28 15:00:00,0.000000000
15280,2020-06-28 16:00:00,0.000000000
15281,2020-06-28 17:00:00,0.000000000
15282,2020-06-28 18:00:00,0.000000000
15283,2020-06-28 19:00:00,0.000000000
15284,2020-06-28 20:00:00,0.000000000
15285,2020-06-28 21:00:00,0.000000000
15286,2020-06-28 22:00:00,0.000000000
15287,2020-06-28 23:00:00,0.000000000
15288,2020-06-29 00:00:00,0.000000000
15289,2020-06-29 01:00:00,0.000000000
15290,2020-06-29 02:00:00,0.000000000
15291,2020-06-29 03:00:00,0.000000000
15292,2020-06-29 04:00:00,0.000000000
15293,2020-06-29 05:00:00,0.000000000
15294,2020-06-29 06:00:00,0.000000000
15295,2020-06-29 07:00:00,0.000000000
15296,2020-06-29 08:00:00,0.000000000
15297,2020-06-29 09:00:00,0.000000000
15298,2020-06-29 10:00:00,0.000000000
15299,2020-06-29 11:00:00,0.000000000
15300,2020-06-29 12:00:00,0.000000000
15301,2020-06-29 13:00:00,0.000000000
15302,2020-06-29 14:00:00,0.000000000
15303,2020-06-29 15:00:00,0.000000000
15304,2020-06-29 16:00:00,0.000000000
15305,2020-06-29 17:00:00,0.000000000
15306,2020-06-29 18:00:00,0.000000000
15307,2020-06-29 19:00:00,0.000000000
15308,2020-06-29 20:00:00,0.000000000
15309,2020-06-29 21:00:00,0.000000000
15310,2020-06-29 22:00:00,0.000000000
15311,2020-06-29 23:00:00,0.000000000
15312,2020-06-30 00:00:00,0.000000000
15313,2020-06-30 01:00:00,0.000000000
15314,2020-06-30 02:00:00,0.000000000
15315,2020-06-30 03:00:00,0.000000000
15316,2020-06-30 04:00:00,0.000000000
15317,2020-06-30 05:00:00,0.000000000
15318,2020-06-30 06:00:00,0.000000000
15319,2020-06-30 07:00:00,0.000000000
15320,2020-06-30 08:00:00,0.000000000
15321,2020-06-30 09:00:00,0.000000000
15322,2020-06-30 10:00:00,0.000000000
15323,2020-06-30 11:00:00,0.000000000
15324,2020-06-30 12:00:00,0.000000000
15325,2020-06-30 13:00:00,0.000000000
15326,2020-06-30 14:00:00,0.000000000
15327,2020-06-30 15:00:00,0.000000000
15328,2020-06-30 16:00:00,0.000000000
15329,2020-06-30 17:00:00,0.000000000
15330,2020-06-30 18:00:00,0.000000000
15331,2020-06-30 19:00:00,0.000000000
15332,2020-06-30 20:00:00,0.000000000
15333,2020-06-30 21:00:00,0.000000000
15334,2020-06-30 22:00:00,0.000000000
15335,2020-06-30 23:00:00,0.000000000
15336,2020-07-01 00:00:00,0.000000000
15337,2020-07-01 01:00:00,0.000000000
15338,2020-07-01 02:00:00,0.000000000
15339,2020-07-01 03:00:00,0.000000000
15340,2020-07-01 04:00:00,0.000000000
15341,2020-07-01 05:00:00,0.000000000
15342,2020-07-01 06:00:00,0.000000000
15343,2020-07-01 07:00:00,0.000000000
15344,2020-07-01 08:00:00,0.000000000
15345,2020-07-01 09:00:00,0.000000000
15346,2020-07-01 10:00:00,0.000000000
15347,2020-07-01 11:00:00,0.000000000
15348,2020-07-01 12:00:00,0.000000000
15349,2020-07-01 13:00:00,0.000000000
15350,2020-07-01 14:00:00,0.000000000
15351,2020-07-01 15:00:00,0.000000000
15352,2020-07-01 16:00:00,0.000000000
15353,2020-07-01 17:00:00,0.000000000
15354,2020-07-01 18:00:00,0.000000000
15355,2020-07-01 19:00:00,0.000000000
15356,2020-07-01 20:00:00,0.000000000
15357,2020-07-01 21:00:00,0.000000000
15358,2020-07-01 22:00:00,0.000000000
15359,2020-07-01 23:00:00,0.000000000
15360,2020-07-02 00:00:00,0.000000000
15361,2020-07-02 01:00:00,0.000000000
15362,2020-07-02 02:00:00,0.000000000
15363,2020-07-02 03:00:00,0.000000000
15364,2020-07-02 04:00:00,0.000000000
15365,2020-07-02 05:00:00,0.000000000
15366,2020-07-02 06:00:00,0.000000000
15367,2020-07-02 07:00:00,0.000000000
15368,2020-07-02 08:00:00,0.000000000
15369,2020-07-02 09:00:00,0.000000000
15370,2020-07-02 10:00:00,0.000000000
15371,2020-07-02 11:00:00,0.000000000
15372,2020-07-02 12:00:00,0.000000000
15373,2020-07-02 13:00:00,0.000000000
15374,2020-07-02 14:00:00,0.000000000
15375,2020-07-02 15:00:00,0.000000000
15376,2020-07-02 16:00:00,0.000000000
15377,2020-07-02 17:00:00,0.000000000
15378,2020-07-02 18:00:00,0.000000000
15379,2020-07-02 19:00:00,0.000000000
15380,2020-07-02 20:00:00,0.000000000
15381,2020-07-02 21:00:00,0.000000000
15382,2020-07-02 22:00:00,0.000000000
15383,2020-07-02 23:00:00,0.000000000
15384,2020-07-03 00:00:00,0.000000000
15385,2020-07-03 01:00:00,0.000000000
15386,2020-07-03 02:00:00,0.000000000
15387,2020-07-03 03:00:00,0.000000000
15388,2020-07-03 04:00:00,0.000000000
15389,2020-07-03 05:00:00,0.000000000
15390,2020-07-03 06:00:00,0.000000000
15391,2020-07-03 07:00:00,0.000000000
15392,2020-07-03 08:00:00,0.000000000
15393,2020-07-03 09:00:00,0.000000000
15394,2020-07-03 10:00:00,0.000000000
15395,2020-07-03 11:00:00,0.000000000
15396,2020-07-03 12:00:00,0.000000000
15397,2020-07-03 13:00:00,0.000000000
15398,2020-07-03 14:00:00,0.000000000
15399,2020-07-03 15:00:00,0.000000000
15400,2020-07-03 16:00:00,0.000000000
15401,2020-07-03 17:00:00,0.000000000
15402,2020-07-03 18:00:00,0.000000000
15403,2020-07-03 19:00:00,0.000000000
15404,2020-07-03 20:00:00,0.000000000
15405,2020-07-03 21:00:00,0.000000000
15406,2020-07-03 22:00:00,0.000000000
15407,2020-07-03 23:00:00,0.000000000
15408,2020-07-04 00:00:00,0.000000000
15409,2020-07-04 01:00:00,0.000000000
15410,2020-07-04 02:00:00,0.000000000
15411,2020-07-04 03:00:00,0.000000000
15412,2020-07-04 04:00:00,0.000000000
15413,2020-07-04 05:00:00,0.000000000
15414,2020-07-04 06:00:00,0.000000000
15415,2020-07-04 07:00:00,0.000000000
15416,2020-07-04 08:00:00,0.000000000
15417,2020-07-04 09:00:00,0.000000000
15418,2020-07-04 10:00:00,0.000000000
15419,2020-07-04 11:00:00,0.000000000
15420,2020-07-04 12:00:00,0.000000000
15421,2020-07-04 13:00:00,0.000000000
15422,2020-07-04 14:00:00,0.000000000
15423,2020-07-04 15:00:00,0.000000000
15424,2020-07-04 16:00:00,0.000000000
15425,2020-07-04 17:00:00,0.000000000
15426,2020-07-04 18:00:00,0.000000000
15427,2020-07-04 19:00:00,0.000000000
15428,2020-07-04 20:00:00,0.000000000
15429,2020-07-04 21:00:00,0.000000000
15430,2020-07-04 22:00:00,0.000000000
15431,2020-07-04 23:00:00,0.000000000
15432,2020-07-05 00:00:00,0.000000000
15433,2020-07-05 01:00:00,0.000000000
15434,2020-07-05 02:00:00,0.000000000
15435,2020-07-05 03:00:00,0.000000000
15436,2020-07-05 04:00:00,0.000000000
15437,2020-07-05 05:00:00,0.000000000
15438,2020-07-05 06:00:00,0.000000000
15439,2020-07-05 07:00:00,0.000000000
15440,2020-07-05 08:00:00,0.000000000
15441,2020-07-05 09:00:00,0.000000000
15442,2020-07-05 10:00:00,0.000000000
15443,2020-07-05 11:00:00,0.000000000
15444,2020-07-05 12:00:00,0.000000000
15445,2020-07-05 13:00:00,0.000000000
15446,2020-07-05 14:00:00,0.000000000
15447,2020-07-05 15:00:00,0.000000000
15448,2020-07-05 16:00:00,0.000000000
15449,2020-07-05 17:00:00,0.000000000
15450,2020-07-05 18:00:00,0.000000000
15451,2020-07-05 19:00:00,0.000000000
15452,2020-07-05 20:00:00,0.000000000
15453,2020-07-05 21:00:00,0.000000000
15454,2020-07-05 22:00:00,0.000000000
15455,2020-07-05 23:00:00,0.000000000
15456,2020-07-06 00:00:00,0.000000000
15457,2020-07-06 01:00:00,0.000000000
15458,2020-07-06 02:00:00,0.000000000
15459,2020-07-06 03:00:00,0.000000000
15460,2020-07-06 04:00:00,0.000000000
15461,2020-07-06 05:00:00,0.000000000
15462,2020-07-06 06:00:00,0.000000000
15463,2020-07-06 07:00:00,0.000000000
15464,2020-07-06 08:00:00,0.000000000
15465,2020-07-06 09:00:00,0.000000000
15466,2020-07-06 10:00:00,0.000000000
15467,2020-07-06 11:00:00,0.000000000
15468,2020-07-06 12:00:00,0.000000000
15469,2020-07-06 13:00:00,0.000000000
15470,2020-07-06 14:00:00,0.000000000
15471,2020-07-06 15:00:00,0.000000000
15472,2020-07-06 16:00:00,0.000000000
15473,2020-07-06 17:00:00,0.000000000
15474,2020-07-06 18:00:00,0.000000000
15475,2020-07-06 19:00:00,0.000000000
15476,2020-07-06 20:00:00,0.000000000
15477,2020-07-06 21:00:00,0.000000000
15478,2020-07-06 22:00:00,0.000000000
15479,2020-07-06 23:00:00,0.000000000
15480,2020-07-07 00:00:00,0.000000000
15481,2020-07-07 01:00:00,0.000000000
15482,2020-07-07 02:00:00,0.000000000
15483,2020-07-07 03:00:00,0.000000000
15484,2020-07-07 04:00:00,0.000000000
15485,2020-07-07 05:00:00,0.000000000
15486,2020-07-07 06:00:00,0.000000000
15487,2020-07-07 07:00:00,0.000000000
15488,2020-07-07 08:00:00,0.000000000
15489,2020-07-07 09:00:00,0.000000000
15490,2020-07-07 10:00:00,0.000000000
15491,2020-07-07 11:00:00,0.000000000
15492,2020-07-07 12:00:00,0.000000000
15493,2020-07-07 13:00:00,0.000000000
15494,2020-07-07 14:00:00,0.000000000
15495,2020-07-07 15:00:00,0.000000000
15496,2020-07-07 16:00:00,0.000000000
15497,2020-07-07 17:00:00,0.000000000
15498,2020-07-07 18:00:00,0.000000000
15499,2020-07-07 19:00:00,0.000000000
15500,2020-07-07 20:00:00,0.000000000
15501,2020-07-07 21:00:00,0.000000000
15502,2020-07-07 22:00:00,0.000000000
15503,2020-07-07 23:00:00,0.000000000
15504,2020-07-08 00:00:00,0.000000000
15505,2020-07-08 01:00:00,0.000000000
15506,2020-07-08 02:00:00,0.000000000
15507,2020-07-08 03:00:00,0.000000000
15508,2020-07-08 04:00:00,0.000000000
15509,2020-07-08 05:00:00,0.000000000
15510,2020-07-08 06:00:00,0.000000000
15511,2020-07-08 07:00:00,0.000000000
15512,2020-07-08 08:00:00,0.000000000
15513,2020-07-08 09:00:00,0.000000000
15514,2020-07-08 10:00:00,0.000000000
15515,2020-07-08 11:00:00,0.000000000
15516,2020-07-08 12:00:00,0.000000000
15517,2020-07-08 13:00:00,0.000000000
15518,2020-07-08 14:00:00,0.000000000
15519,2020-07-08 15:00:00,0.000000000
15520,2020-07-08 16:00:00,0.000000000
15521,2020-07-08 17:00:00,0.000000000
15522,2020-07-08 18:00:00,0.000000000
15523,2020-07-08 19:00:00,0.000000000
15524,2020-07-08 20:00:00,0.000000000
15525,2020-07-08 21:00:00,0.000000000
15526,2020-07-08 22:00:00,0.000000000
15527,2020-07-08 23:00:00,0.000000000
15528,2020-07-09 00:00:00,0.000000000
15529,2020-07-09 01:00:00,0.000000000
15530,2020-07-09 02:00:00,0.000000000
15531,2020-07-09 03:00:00,0.000000000
15532,2020-07-09 04:00:00,0.000000000
15533,2020-07-09 05:00:00,0.000000000
15534,2020-07-09 06:00:00,0.000000000
15535,2020-07-09 07:00:00,0.000000000
15536,2020-07-09 08:00:00,0.000000000
15537,2020-07-09 09:00:00,0.000000000
15538,2020-07-09 10:00:00,0.000000000
15539,2020-07-09 11:00:00,0.000000000
15540,2020-07-09 12:00:00,0.000000000
15541,2020-07-09 13:00:00,0.000000000
15542,2020-07-09 14:00:00,0.000000000
15543,2020-07-09 15:00:00,0.000000000
15544,2020-07-09 16:00:00,0.000000000
15545,2020-07-09 17:00:00,0.000000000
15546,2020-07-09 18:00:00,0.000000000
15547,2020-07-09 19:00:00,0.000000000
15548,2020-07-09 20:00:00,0.000000000
15549,2020-07-09 21:00:00,0.000000000
15550,2020-07-09 22:00:00,0.000000000
15551,2020-07-09 23:00:00,0.000000000
15552,2020-07-10 00:00:00,0.000000000
15553,2020-07-10 01:00:00,0.000000000
15554,2020-07-10 02:00:00,0.000000000
15555,2020-07-10 03:00:00,0.000000000
15556,2020-07-10 04:00:00,0.000000000
15557,2020-07-10 05:00:00,0.000000000
15558,2020-07-10 06:00:00,0.000000000
15559,2020-07-10 07:00:00,0.000000000
15560,2020-07-10 08:00:00,0.000000000
15561,2020-07-10 09:00:00,0.000000000
15562,2020-07-10 10:00:00,0.000000000
15563,2020-07-10 11:00:00,0.000000000
15564,2020-07-10 12:00:00,0.000000000
15565,2020-07-10 13:00:00,0.000000000
15566,2020-07-10 14:00:00,0.000000000
15567,2020-07-10 15:00:00,0.000000000
15568,2020-07-10 16:00:00,0.000000000
15569,2020-07-10 17:00:00,0.000000000
15570,2020-07-10 18:00:00,0.000000000
15571,2020-07-10 19:00:00,0.000000000
15572,2020-07-10 20:00:00,0.000000000
15573,2020-07-10 21:00:00,0.000000000
15574,2020-07-10 22:00:00,0.000000000
15575,2020-07-10 23:00:00,0.000000000
15576,2020-07-11 00:00:00,0.000000000
15577,2020-07-11 01:00:00,0.000000000
15578,2020-07-11 02:00:00,0.000000000
15579,2020-07-11 03:00:00,0.000000000
15580,2020-07-11 04:00:00,0.000000000
15581,2020-07-11 05:00:00,0.000132692
15582,2020-07-11 06:00:00,0.000116410
15583,2020-07-11 07:00:00,0.000177802
15584,2020-07-11 08:00:00,0.000226942
15585,2020-07-11 09:00:00,0.000271461
15586,2020-07-11 10:00:00,0.000292160
15587,2020-07-11 11:00:00,0.000286244
15588,2020-07-11 12:00:00,0.000239109
15589,2020-07-11 13:00:00,0.000287028
15590,2020-07-11 14:00:00,0.000299724
15591,2020-07-11 15:00:00,0.000309289
15592,2020-07-11 16:00:00,0.000300197
15593,2020-07-11 17:00:00,0.000342642
15594,2020-07-11 18:00:00,0.000995250
15595,2020-07-11 19:00:00,0.001592179
15596,2020-07-11 20:00:00,0.001441126
15597,2020-07-11 21:00:00,0.000763737
15598,2020-07-11 22:00:00,0.000644529
15599,2020-07-11 23:00:00,0.000313188
15600,2020-07-12 00:00:00,0.000130791
15601,2020-07-12 01:00:00,0.000050162
15602,2020-07-12 02:00:00,0.000013223
15603,2020-07-12 03:00:00,0.000009170
15604,2020-07-12 04:00:00,0.000006904
15605,2020-07-12 05:00:00,0.000005791
15606,2020-07-12 06:00:00,0.000004050
15607,2020-07-12 07:00:00,0.000002955
15608,2020-07-12 08:00:00,0.000002469
15609,2020-07-12 09:00:00,0.000001801
15610,2020-07-12 10:00:00,0.000001419
15611,2020-07-12 11:00:00,0.000000000
15612,2020-07-12 12:00:00,0.000000000
15613,2020-07-12 13:00:00,0.000001273
15614,2020-07-12 14:00:00,0.000001796
15615,2020-07-12 15:00:00,0.000001816
15616,2020-07-12 16:00:00,0.000002822
15617,2020-07-12 17:00:00,0.000003327
15618,2020-07-12 18:00:00,0.000003933
15619,2020-07-12 19:00:00,0.000003447
15620,2020-07-12 20:00:00,0.000002678
15621,2020-07-12 21:00:00,0.000001736
15622,2020-07-12 22:00:00,0.000000000
15623,2020-07-12 23:00:00,0.000000000
15624,2020-07-13 00:00:00,0.000000000
15625,2020-07-13 01:00:00,0.000000000
15626,2020-07-13 02:00:00,0.000000000
15627,2020-07-13 03:00:00,0.000000000
15628,2020-07-13 04:00:00,0.000000000
15629,2020-07-13 05:00:00,0.000000000
15630,2020-07-13 06:00:00,0.000000000
15631,2020-07-13 07:00:00,0.000000000
15632,2020-07-13 08:00:00,0.000000000
15633,2020-07-13 09:00:00,0.000000000
15634,2020-07-13 10:00:00,0.000000000
15635,2020-07-13 11:00:00,0.000000000
15636,2020-07-13 12:00:00,0.000000000
15637,2020-07-13 13:00:00,0.000000000
15638,2020-07-13 14:00:00,0.000000000
15639,2020-07-13 15:00:00,0.000000000
15640,2020-07-13 16:00:00,0.000000000
15641,2020-07-13 17:00:00,0.000000000
15642,2020-07-13 18:00:00,0.000000000
15643,2020-07-13 19:00:00,0.000000000
15644,2020-07-13 20:00:00,0.000000000
15645,2020-07-13 21:00:00,0.000000000
15646,2020-07-13 22:00:00,0.000000000
15647,2020-07-13 23:00:00,0.000000000
15648,2020-07-14 00:00:00,0.000000000
15649,2020-07-14 01:00:00,0.000000000
15650,2020-07-14 02:00:00,0.000000000
15651,2020-07-14 03:00:00,0.000000000
15652,2020-07-14 04:00:00,0.000000000
15653,2020-07-14 05:00:00,0.000000000
15654,2020-07-14 06:00:00,0.000000000
15655,2020-07-14 07:00:00,0.000000000
15656,2020-07-14 08:00:00,0.000000000
15657,2020-07-14 09:00:00,0.000000000
15658,2020-07-14 10:00:00,0.000000000
15659,2020-07-14 11:00:00,0.000000000
15660,2020-07-14 12:00:00,0.000000000
15661,2020-07-14 13:00:00,0.001768755
15662,2020-07-14 14:00:00,0.001853716
15663,2020-07-14 15:00:00,0.002775309
15664,2020-07-14 16:00:00,0.005735951
15665,2020-07-14 17:00:00,0.006513973
15666,2020-07-14 18:00:00,0.008075467
15667,2020-07-14 19:00:00,0.006644117
15668,2020-07-14 20:00:00,0.005678049
15669,2020-07-14 21:00:00,0.003631178
15670,2020-07-14 22:00:00,0.002286578
15671,2020-07-14 23:00:00,0.001028796
15672,2020-07-15 00:00:00,0.000500704
15673,2020-07-15 01:00:00,0.000202985
15674,2020-07-15 02:00:00,0.000053869
15675,2020-07-15 03:00:00,0.000023500
15676,2020-07-15 04:00:00,0.000038895
15677,2020-07-15 05:00:00,0.000219327
15678,2020-07-15 06:00:00,0.000916574
15679,2020-07-15 07:00:00,0.001091569
15680,2020-07-15 08:00:00,0.000868928
15681,2020-07-15 09:00:00,0.001181777
15682,2020-07-15 10:00:00,0.003728892
15683,2020-07-15 11:00:00,0.004111529
15684,2020-07-15 12:00:00,0.002241403
15685,2020-07-15 13:00:00,0.003271928
15686,2020-07-15 14:00:00,0.003805891
15687,2020-07-15 15:00:00,0.004954058
15688,2020-07-15 16:00:00,0.009017247
15689,2020-07-15 17:00:00,0.013425810
15690,2020-07-15 18:00:00,0.017747641
15691,2020-07-15 19:00:00,0.017558545
15692,2020-07-15 20:00:00,0.011438360
15693,2020-07-15 21:00:00,0.009943300
15694,2020-07-15 22:00:00,0.005907773
15695,2020-07-15 23:00:00,0.003233286
15696,2020-07-16 00:00:00,0.001664915
15697,2020-07-16 01:00:00,0.000802778
15698,2020-07-16 02:00:00,0.000167877
15699,2020-07-16 03:00:00,0.000128963
15700,2020-07-16 04:00:00,0.000127678
15701,2020-07-16 05:00:00,0.000131271
15702,2020-07-16 06:00:00,0.000099347
15703,2020-07-16 07:00:00,0.000061491
15704,2020-07-16 08:00:00,0.000040022
15705,2020-07-16 09:00:00,0.000029034
15706,2020-07-16 10:00:00,0.000022702
15707,2020-07-16 11:00:00,0.000188502
15708,2020-07-16 12:00:00,0.000963138
15709,2020-07-16 13:00:00,0.001355523
15710,2020-07-16 14:00:00,0.001900163
15711,2020-07-16 15:00:00,0.002298175
15712,2020-07-16 16:00:00,0.003328974
15713,2020-07-16 17:00:00,0.002903443
15714,2020-07-16 18:00:00,0.003390430
15715,2020-07-16 19:00:00,0.004348259
15716,2020-07-16 20:00:00,0.002174767
15717,2020-07-16 21:00:00,0.001727007
15718,2020-07-16 22:00:00,0.001059709
15719,2020-07-16 23:00:00,0.000507802
15720,2020-07-17 00:00:00,0.000347823
15721,2020-07-17 01:00:00,0.000171878
15722,2020-07-17 02:00:00,0.000042655
15723,2020-07-17 03:00:00,0.000026924
15724,2020-07-17 04:00:00,0.000016661
15725,2020-07-17 05:00:00,0.000014683
15726,2020-07-17 06:00:00,0.000010847
15727,2020-07-17 07:00:00,0.000008626
15728,2020-07-17 08:00:00,0.000007076
15729,2020-07-17 09:00:00,0.000132575
15730,2020-07-17 10:00:00,0.000418306
15731,2020-07-17 11:00:00,0.001501007
15732,2020-07-17 12:00:00,0.001815242
15733,2020-07-17 13:00:00,0.000769553
15734,2020-07-17 14:00:00,0.001914735
15735,2020-07-17 15:00:00,0.002792657
15736,2020-07-17 16:00:00,0.007849276
15737,2020-07-17 17:00:00,0.007530813
15738,2020-07-17 18:00:00,0.012969248
15739,2020-07-17 19:00:00,0.015069657
15740,2020-07-17 20:00:00,0.013560167
15741,2020-07-17 21:00:00,0.006860178
15742,2020-07-17 22:00:00,0.005986450
15743,2020-07-17 23:00:00,0.003513652
15744,2020-07-18 00:00:00,0.002261114
15745,2020-07-18 01:00:00,0.000962487
15746,2020-07-18 02:00:00,0.000213895
15747,2020-07-18 03:00:00,0.000262738
15748,2020-07-18 04:00:00,0.000177542
15749,2020-07-18 05:00:00,0.000107714
15750,2020-07-18 06:00:00,0.000201517
15751,2020-07-18 07:00:00,0.000181561
15752,2020-07-18 08:00:00,0.000320153
15753,2020-07-18 09:00:00,0.000393482
15754,2020-07-18 10:00:00,0.000725631
15755,2020-07-18 11:00:00,0.001143566
15756,2020-07-18 12:00:00,0.001374907
15757,2020-07-18 13:00:00,0.002372349
15758,2020-07-18 14:00:00,0.003102409
15759,2020-07-18 15:00:00,0.003072281
15760,2020-07-18 16:00:00,0.004376203
15761,2020-07-18 17:00:00,0.004531443
15762,2020-07-18 18:00:00,0.005396476
15763,2020-07-18 19:00:00,0.004503215
15764,2020-07-18 20:00:00,0.003179404
15765,2020-07-18 21:00:00,0.001573870
15766,2020-07-18 22:00:00,0.001418315
15767,2020-07-18 23:00:00,0.000800462
15768,2020-07-19 00:00:00,0.000365818
15769,2020-07-19 01:00:00,0.000173569
15770,2020-07-19 02:00:00,0.000055745
15771,2020-07-19 03:00:00,0.000050352
15772,2020-07-19 04:00:00,0.000027114
15773,2020-07-19 05:00:00,0.000019704
15774,2020-07-19 06:00:00,0.000016972
15775,2020-07-19 07:00:00,0.000014316
15776,2020-07-19 08:00:00,0.000012006
15777,2020-07-19 09:00:00,0.000009198
15778,2020-07-19 10:00:00,0.000134997
15779,2020-07-19 11:00:00,0.000371708
15780,2020-07-19 12:00:00,0.000621420
15781,2020-07-19 13:00:00,0.001333813
15782,2020-07-19 14:00:00,0.000946301
15783,2020-07-19 15:00:00,0.000743826
15784,2020-07-19 16:00:00,0.003531097
15785,2020-07-19 17:00:00,0.004808883
15786,2020-07-19 18:00:00,0.007194306
15787,2020-07-19 19:00:00,0.008792017
15788,2020-07-19 20:00:00,0.005993590
15789,2020-07-19 21:00:00,0.004005677
15790,2020-07-19 22:00:00,0.002564063
15791,2020-07-19 23:00:00,0.001430061
15792,2020-07-20 00:00:00,0.000915840
15793,2020-07-20 01:00:00,0.000268062
15794,2020-07-20 02:00:00,0.000080223
15795,2020-07-20 03:00:00,0.000074828
15796,2020-07-20 04:00:00,0.000049749
15797,2020-07-20 05:00:00,0.000034690
15798,2020-07-20 06:00:00,0.000023279
15799,2020-07-20 07:00:00,0.000039432
15800,2020-07-20 08:00:00,0.000380991
15801,2020-07-20 09:00:00,0.000889723
15802,2020-07-20 10:00:00,0.001442203
15803,2020-07-20 11:00:00,0.001532148
15804,2020-07-20 12:00:00,0.001184666
15805,2020-07-20 13:00:00,0.002153720
15806,2020-07-20 14:00:00,0.007027511
15807,2020-07-20 15:00:00,0.010186720
15808,2020-07-20 16:00:00,0.013938422
15809,2020-07-20 17:00:00,0.005423465
15810,2020-07-20 18:00:00,0.019383870
15811,2020-07-20 19:00:00,0.017939053
15812,2020-07-20 20:00:00,0.014976249
15813,2020-07-20 21:00:00,0.011057142
15814,2020-07-20 22:00:00,0.006019259
15815,2020-07-20 23:00:00,0.003109606
15816,2020-07-21 00:00:00,0.001536548
15817,2020-07-21 01:00:00,0.000711949
15818,2020-07-21 02:00:00,0.000174486
15819,2020-07-21 03:00:00,0.000113490
15820,2020-07-21 04:00:00,0.000460264
15821,2020-07-21 05:00:00,0.000728323
15822,2020-07-21 06:00:00,0.001908417
15823,2020-07-21 07:00:00,0.003315733
15824,2020-07-21 08:00:00,0.003214457
15825,2020-07-21 09:00:00,0.001211428
15826,2020-07-21 10:00:00,0.000229008
15827,2020-07-21 11:00:00,0.004365719
15828,2020-07-21 12:00:00,0.013095738
15829,2020-07-21 13:00:00,0.021892764
15830,2020-07-21 14:00:00,0.027953072
15831,2020-07-21 15:00:00,0.036397912
15832,2020-07-21 16:00:00,0.047640368
15833,2020-07-21 17:00:00,0.011936554
15834,2020-07-21 18:00:00,0.033194300
15835,2020-07-21 19:00:00,0.030073935
15836,2020-07-21 20:00:00,0.028292820
15837,2020-07-21 21:00:00,0.017835723
15838,2020-07-21 22:00:00,0.013360236
15839,2020-07-21 23:00:00,0.008603329
15840,2020-07-22 00:00:00,0.004989170
15841,2020-07-22 01:00:00,0.002053680
15842,2020-07-22 02:00:00,0.000309714
15843,2020-07-22 03:00:00,0.000383190
15844,2020-07-22 04:00:00,0.000399771
15845,2020-07-22 05:00:00,0.000399461
15846,2020-07-22 06:00:00,0.000433338
15847,2020-07-22 07:00:00,0.000393187
15848,2020-07-22 08:00:00,0.000299697
15849,2020-07-22 09:00:00,0.000210730
15850,2020-07-22 10:00:00,0.000152745
15851,2020-07-22 11:00:00,0.000206571
15852,2020-07-22 12:00:00,0.000411534
15853,2020-07-22 13:00:00,0.000527677
15854,2020-07-22 14:00:00,0.000793431
15855,2020-07-22 15:00:00,0.001526351
15856,2020-07-22 16:00:00,0.002716590
15857,2020-07-22 17:00:00,0.002556088
15858,2020-07-22 18:00:00,0.003571953
15859,2020-07-22 19:00:00,0.003416325
15860,2020-07-22 20:00:00,0.002101421
15861,2020-07-22 21:00:00,0.001326149
15862,2020-07-22 22:00:00,0.001017127
15863,2020-07-22 23:00:00,0.000504270
15864,2020-07-23 00:00:00,0.000304287
15865,2020-07-23 01:00:00,0.000144171
15866,2020-07-23 02:00:00,0.000046591
15867,2020-07-23 03:00:00,0.000024974
15868,2020-07-23 04:00:00,0.000014293
15869,2020-07-23 05:00:00,0.000011209
15870,2020-07-23 06:00:00,0.000006768
15871,2020-07-23 07:00:00,0.000386838
15872,2020-07-23 08:00:00,0.000755744
15873,2020-07-23 09:00:00,0.001036674
15874,2020-07-23 10:00:00,0.000720632
15875,2020-07-23 11:00:00,0.002180148
15876,2020-07-23 12:00:00,0.003427727
15877,2020-07-23 13:00:00,0.004377295
15878,2020-07-23 14:00:00,0.005040782
15879,2020-07-23 15:00:00,0.004450059
15880,2020-07-23 16:00:00,0.007394360
15881,2020-07-23 17:00:00,0.009944730
15882,2020-07-23 18:00:00,0.018791843
15883,2020-07-23 19:00:00,0.019203611
15884,2020-07-23 20:00:00,0.016259370
15885,2020-07-23 21:00:00,0.010681168
15886,2020-07-23 22:00:00,0.007819093
15887,2020-07-23 23:00:00,0.004697078
15888,2020-07-24 00:00:00,0.002260013
15889,2020-07-24 01:00:00,0.001276545
15890,2020-07-24 02:00:00,0.000300120
15891,2020-07-24 03:00:00,0.000334913
15892,2020-07-24 04:00:00,0.000224004
15893,2020-07-24 05:00:00,0.000140305
15894,2020-07-24 06:00:00,0.000122128
15895,2020-07-24 07:00:00,0.000100127
15896,2020-07-24 08:00:00,0.000093782
15897,2020-07-24 09:00:00,0.000068940
15898,2020-07-24 10:00:00,0.000036220
15899,2020-07-24 11:00:00,0.000032785
15900,2020-07-24 12:00:00,0.000028078
15901,2020-07-24 13:00:00,0.000019674
15902,2020-07-24 14:00:00,0.000013936
15903,2020-07-24 15:00:00,0.000011154
15904,2020-07-24 16:00:00,0.000009913
15905,2020-07-24 17:00:00,0.000009441
15906,2020-07-24 18:00:00,0.000009354
15907,2020-07-24 19:00:00,0.000009815
15908,2020-07-24 20:00:00,0.000007378
15909,2020-07-24 21:00:00,0.000004875
15910,2020-07-24 22:00:00,0.000003718
15911,2020-07-24 23:00:00,0.000002022
15912,2020-07-25 00:00:00,0.000000000
15913,2020-07-25 01:00:00,0.000000000
15914,2020-07-25 02:00:00,0.000000000
15915,2020-07-25 03:00:00,0.000000000
15916,2020-07-25 04:00:00,0.000000000
15917,2020-07-25 05:00:00,0.000000000
15918,2020-07-25 06:00:00,0.000000000
15919,2020-07-25 07:00:00,0.000000000
15920,2020-07-25 08:00:00,0.000000000
15921,2020-07-25 09:00:00,0.000000000
15922,2020-07-25 10:00:00,0.000000000
15923,2020-07-25 11:00:00,0.000000000
15924,2020-07-25 12:00:00,0.000000000
15925,2020-07-25 13:00:00,0.000000000
15926,2020-07-25 14:00:00,0.000000000
15927,2020-07-25 15:00:00,0.000000000
15928,2020-07-25 16:00:00,0.000000000
15929,2020-07-25 17:00:00,0.000000000
15930,2020-07-25 18:00:00,0.000000000
15931,2020-07-25 19:00:00,0.000000000
15932,2020-07-25 20:00:00,0.000000000
15933,2020-07-25 21:00:00,0.000000000
15934,2020-07-25 22:00:00,0.000000000
15935,2020-07-25 23:00:00,0.000000000
15936,2020-07-26 00:00:00,0.000000000
15937,2020-07-26 01:00:00,0.000000000
15938,2020-07-26 02:00:00,0.000000000
15939,2020-07-26 03:00:00,0.000000000
15940,2020-07-26 04:00:00,0.000000000
15941,2020-07-26 05:00:00,0.000000000
15942,2020-07-26 06:00:00,0.000000000
15943,2020-07-26 07:00:00,0.000000000
15944,2020-07-26 08:00:00,0.000000000
15945,2020-07-26 09:00:00,0.000000000
15946,2020-07-26 10:00:00,0.000000000
15947,2020-07-26 11:00:00,0.000000000
15948,2020-07-26 12:00:00,0.000000000
15949,2020-07-26 13:00:00,0.000000000
15950,2020-07-26 14:00:00,0.000000000
15951,2020-07-26 15:00:00,0.000000000
15952,2020-07-26 16:00:00,0.000000000
15953,2020-07-26 17:00:00,0.000000000
15954,2020-07-26 18:00:00,0.000000000
15955,2020-07-26 19:00:00,0.000000000
15956,2020-07-26 20:00:00,0.000000000
15957,2020-07-26 21:00:00,0.000000000
15958,2020-07-26 22:00:00,0.000000000
15959,2020-07-26 23:00:00,0.000000000
15960,2020-07-27 00:00:00,0.000000000
15961,2020-07-27 01:00:00,0.000000000
15962,2020-07-27 02:00:00,0.000000000
15963,2020-07-27 03:00:00,0.000000000
15964,2020-07-27 04:00:00,0.000000000
15965,2020-07-27 05:00:00,0.000000000
15966,2020-07-27 06:00:00,0.000000000
15967,2020-07-27 07:00:00,0.000000000
15968,2020-07-27 08:00:00,0.000000000
15969,2020-07-27 09:00:00,0.000000000
15970,2020-07-27 10:00:00,0.000000000
15971,2020-07-27 11:00:00,0.000000000
15972,2020-07-27 12:00:00,0.000000000
15973,2020-07-27 13:00:00,0.000000000
15974,2020-07-27 14:00:00,0.000000000
15975,2020-07-27 15:00:00,0.000000000
15976,2020-07-27 16:00:00,0.000000000
15977,2020-07-27 17:00:00,0.000000000
15978,2020-07-27 18:00:00,0.000000000
15979,2020-07-27 19:00:00,0.000000000
15980,2020-07-27 20:00:00,0.000000000
15981,2020-07-27 21:00:00,0.000000000
15982,2020-07-27 22:00:00,0.000000000
15983,2020-07-27 23:00:00,0.000000000
15984,2020-07-28 00:00:00,0.000000000
15985,2020-07-28 01:00:00,0.000000000
15986,2020-07-28 02:00:00,0.000000000
15987,2020-07-28 03:00:00,0.000000000
15988,2020-07-28 04:00:00,0.000000000
15989,2020-07-28 05:00:00,0.000000000
15990,2020-07-28 06:00:00,0.000000000
15991,2020-07-28 07:00:00,0.000000000
15992,2020-07-28 08:00:00,0.000000000
15993,2020-07-28 09:00:00,0.000000000
15994,2020-07-28 10:00:00,0.000000000
15995,2020-07-28 11:00:00,0.000000000
15996,2020-07-28 12:00:00,0.000000000
15997,2020-07-28 13:00:00,0.000000000
15998,2020-07-28 14:00:00,0.000000000
15999,2020-07-28 15:00:00,0.000000000
16000,2020-07-28 16:00:00,0.000000000
16001,2020-07-28 17:00:00,0.000000000
16002,2020-07-28 18:00:00,0.000000000
16003,2020-07-28 19:00:00,0.000000000
16004,2020-07-28 20:00:00,0.000000000
16005,2020-07-28 21:00:00,0.000000000
16006,2020-07-28 22:00:00,0.000000000
16007,2020-07-28 23:00:00,0.000000000
16008,2020-07-29 00:00:00,0.000000000
16009,2020-07-29 01:00:00,0.000000000
16010,2020-07-29 02:00:00,0.000000000
16011,2020-07-29 03:00:00,0.000000000
16012,2020-07-29 04:00:00,0.000000000
16013,2020-07-29 05:00:00,0.000000000
16014,2020-07-29 06:00:00,0.000000000
16015,2020-07-29 07:00:00,0.000000000
16016,2020-07-29 08:00:00,0.000000000
16017,2020-07-29 09:00:00,0.000000000
16018,2020-07-29 10:00:00,0.000000000
16019,2020-07-29 11:00:00,0.000000000
16020,2020-07-29 12:00:00,0.000000000
16021,2020-07-29 13:00:00,0.000000000
16022,2020-07-29 14:00:00,0.000000000
16023,2020-07-29 15:00:00,0.000000000
16024,2020-07-29 16:00:00,0.000000000
16025,2020-07-29 17:00:00,0.000000000
16026,2020-07-29 18:00:00,0.000000000
16027,2020-07-29 19:00:00,0.000000000
16028,2020-07-29 20:00:00,0.000000000
16029,2020-07-29 21:00:00,0.000000000
16030,2020-07-29 22:00:00,0.000000000
16031,2020-07-29 23:00:00,0.000000000
16032,2020-07-30 00:00:00,0.000000000
16033,2020-07-30 01:00:00,0.000000000
16034,2020-07-30 02:00:00,0.000000000
16035,2020-07-30 03:00:00,0.000000000
16036,2020-07-30 04:00:00,0.000000000
16037,2020-07-30 05:00:00,0.000000000
16038,2020-07-30 06:00:00,0.000000000
16039,2020-07-30 07:00:00,0.000000000
16040,2020-07-30 08:00:00,0.000000000
16041,2020-07-30 09:00:00,0.000000000
16042,2020-07-30 10:00:00,0.000000000
16043,2020-07-30 11:00:00,0.000000000
16044,2020-07-30 12:00:00,0.000000000
16045,2020-07-30 13:00:00,0.000000000
16046,2020-07-30 14:00:00,0.000000000
16047,2020-07-30 15:00:00,0.000000000
16048,2020-07-30 16:00:00,0.000000000
16049,2020-07-30 17:00:00,0.000000000
16050,2020-07-30 18:00:00,0.000000000
16051,2020-07-30 19:00:00,0.000000000
16052,2020-07-30 20:00:00,0.000000000
16053,2020-07-30 21:00:00,0.000000000
16054,2020-07-30 22:00:00,0.000000000
16055,2020-07-30 23:00:00,0.000000000
16056,2020-07-31 00:00:00,0.000000000
16057,2020-07-31 01:00:00,0.000000000
16058,2020-07-31 02:00:00,0.000000000
16059,2020-07-31 03:00:00,0.000000000
16060,2020-07-31 04:00:00,0.000000000
16061,2020-07-31 05:00:00,0.000000000
16062,2020-07-31 06:00:00,0.000000000
16063,2020-07-31 07:00:00,0.000000000
16064,2020-07-31 08:00:00,0.000000000
16065,2020-07-31 09:00:00,0.000000000
16066,2020-07-31 10:00:00,0.000000000
16067,2020-07-31 11:00:00,0.000000000
16068,2020-07-31 12:00:00,0.000000000
16069,2020-07-31 13:00:00,0.000000000
16070,2020-07-31 14:00:00,0.000000000
16071,2020-07-31 15:00:00,0.000000000
16072,2020-07-31 16:00:00,0.000000000
16073,2020-07-31 17:00:00,0.000000000
16074,2020-07-31 18:00:00,0.000000000
16075,2020-07-31 19:00:00,0.000000000
16076,2020-07-31 20:00:00,0.000000000
16077,2020-07-31 21:00:00,0.000000000
16078,2020-07-31 22:00:00,0.000000000
16079,2020-07-31 23:00:00,0.000000000
16080,2020-08-01 00:00:00,0.000000000
16081,2020-08-01 01:00:00,0.000000000
16082,2020-08-01 02:00:00,0.000000000
16083,2020-08-01 03:00:00,0.000000000
16084,2020-08-01 04:00:00,0.000000000
16085,2020-08-01 05:00:00,0.000000000
16086,2020-08-01 06:00:00,0.000000000
16087,2020-08-01 07:00:00,0.000000000
16088,2020-08-01 08:00:00,0.000000000
16089,2020-08-01 09:00:00,0.000000000
16090,2020-08-01 10:00:00,0.000000000
16091,2020-08-01 11:00:00,0.000000000
16092,2020-08-01 12:00:00,0.000000000
16093,2020-08-01 13:00:00,0.000000000
16094,2020-08-01 14:00:00,0.000000000
16095,2020-08-01 15:00:00,0.000000000
16096,2020-08-01 16:00:00,0.000000000
16097,2020-08-01 17:00:00,0.000000000
16098,2020-08-01 18:00:00,0.000000000
16099,2020-08-01 19:00:00,0.000000000
16100,2020-08-01 20:00:00,0.000000000
16101,2020-08-01 21:00:00,0.000000000
16102,2020-08-01 22:00:00,0.000000000
16103,2020-08-01 23:00:00,0.000000000
16104,2020-08-02 00:00:00,0.000000000
16105,2020-08-02 01:00:00,0.000000000
16106,2020-08-02 02:00:00,0.000000000
16107,2020-08-02 03:00:00,0.000000000
16108,2020-08-02 04:00:00,0.000000000
16109,2020-08-02 05:00:00,0.000000000
16110,2020-08-02 06:00:00,0.000000000
16111,2020-08-02 07:00:00,0.000000000
16112,2020-08-02 08:00:00,0.000000000
16113,2020-08-02 09:00:00,0.000000000
16114,2020-08-02 10:00:00,0.000000000
16115,2020-08-02 11:00:00,0.000000000
16116,2020-08-02 12:00:00,0.000000000
16117,2020-08-02 13:00:00,0.000000000
16118,2020-08-02 14:00:00,0.000000000
16119,2020-08-02 15:00:00,0.000000000
16120,2020-08-02 16:00:00,0.000000000
16121,2020-08-02 17:00:00,0.000000000
16122,2020-08-02 18:00:00,0.000000000
16123,2020-08-02 19:00:00,0.000000000
16124,2020-08-02 20:00:00,0.000000000
16125,2020-08-02 21:00:00,0.000000000
16126,2020-08-02 22:00:00,0.000000000
16127,2020-08-02 23:00:00,0.000000000
16128,2020-08-03 00:00:00,0.000000000
16129,2020-08-03 01:00:00,0.000000000
16130,2020-08-03 02:00:00,0.000000000
16131,2020-08-03 03:00:00,0.000000000
16132,2020-08-03 04:00:00,0.000000000
16133,2020-08-03 05:00:00,0.000000000
16134,2020-08-03 06:00:00,0.000000000
16135,2020-08-03 07:00:00,0.000000000
16136,2020-08-03 08:00:00,0.000000000
16137,2020-08-03 09:00:00,0.000000000
16138,2020-08-03 10:00:00,0.000000000
16139,2020-08-03 11:00:00,0.000000000
16140,2020-08-03 12:00:00,0.000000000
16141,2020-08-03 13:00:00,0.000000000
16142,2020-08-03 14:00:00,0.000000000
16143,2020-08-03 15:00:00,0.000000000
16144,2020-08-03 16:00:00,0.000000000
16145,2020-08-03 17:00:00,0.000000000
16146,2020-08-03 18:00:00,0.000000000
16147,2020-08-03 19:00:00,0.000000000
16148,2020-08-03 20:00:00,0.000000000
16149,2020-08-03 21:00:00,0.000000000
16150,2020-08-03 22:00:00,0.000000000
16151,2020-08-03 23:00:00,0.000000000
16152,2020-08-04 00:00:00,0.000000000
16153,2020-08-04 01:00:00,0.000000000
16154,2020-08-04 02:00:00,0.000000000
16155,2020-08-04 03:00:00,0.000000000
16156,2020-08-04 04:00:00,0.000000000
16157,2020-08-04 05:00:00,0.000000000
16158,2020-08-04 06:00:00,0.000000000
16159,2020-08-04 07:00:00,0.000000000
16160,2020-08-04 08:00:00,0.000000000
16161,2020-08-04 09:00:00,0.000000000
16162,2020-08-04 10:00:00,0.000000000
16163,2020-08-04 11:00:00,0.000000000
16164,2020-08-04 12:00:00,0.000000000
16165,2020-08-04 13:00:00,0.000000000
16166,2020-08-04 14:00:00,0.000000000
16167,2020-08-04 15:00:00,0.000000000
16168,2020-08-04 16:00:00,0.000000000
16169,2020-08-04 17:00:00,0.000000000
16170,2020-08-04 18:00:00,0.000000000
16171,2020-08-04 19:00:00,0.000000000
16172,2020-08-04 20:00:00,0.000000000
16173,2020-08-04 21:00:00,0.000000000
16174,2020-08-04 22:00:00,0.000000000
16175,2020-08-04 23:00:00,0.000000000
16176,2020-08-05 00:00:00,0.000000000
16177,2020-08-05 01:00:00,0.000000000
16178,2020-08-05 02:00:00,0.000000000
16179,2020-08-05 03:00:00,0.000000000
16180,2020-08-05 04:00:00,0.000000000
16181,2020-08-05 05:00:00,0.000000000
16182,2020-08-05 06:00:00,0.000000000
16183,2020-08-05 07:00:00,0.000000000
16184,2020-08-05 08:00:00,0.000000000
16185,2020-08-05 09:00:00,0.000000000
16186,2020-08-05 10:00:00,0.000000000
16187,2020-08-05 11:00:00,0.000000000
16188,2020-08-05 12:00:00,0.000000000
16189,2020-08-05 13:00:00,0.000000000
16190,2020-08-05 14:00:00,0.000000000
16191,2020-08-05 15:00:00,0.000000000
16192,2020-08-05 16:00:00,0.000000000
16193,2020-08-05 17:00:00,0.000000000
16194,2020-08-05 18:00:00,0.000000000
16195,2020-08-05 19:00:00,0.000000000
16196,2020-08-05 20:00:00,0.000000000
16197,2020-08-05 21:00:00,0.000000000
16198,2020-08-05 22:00:00,0.000000000
16199,2020-08-05 23:00:00,0.000000000
16200,2020-08-06 00:00:00,0.000000000
16201,2020-08-06 01:00:00,0.000000000
16202,2020-08-06 02:00:00,0.000000000
16203,2020-08-06 03:00:00,0.000000000
16204,2020-08-06 04:00:00,0.000000000
16205,2020-08-06 05:00:00,0.000000000
16206,2020-08-06 06:00:00,0.000000000
16207,2020-08-06 07:00:00,0.000000000
16208,2020-08-06 08:00:00,0.000000000
16209,2020-08-06 09:00:00,0.000000000
16210,2020-08-06 10:00:00,0.000000000
16211,2020-08-06 11:00:00,0.000000000
16212,2020-08-06 12:00:00,0.000000000
16213,2020-08-06 13:00:00,0.000000000
16214,2020-08-06 14:00:00,0.000000000
16215,2020-08-06 15:00:00,0.000000000
16216,2020-08-06 16:00:00,0.000000000
16217,2020-08-06 17:00:00,0.000000000
16218,2020-08-06 18:00:00,0.000000000
16219,2020-08-06 19:00:00,0.000000000
16220,2020-08-06 20:00:00,0.000000000
16221,2020-08-06 21:00:00,0.000000000
16222,2020-08-06 22:00:00,0.000000000
16223,2020-08-06 23:00:00,0.000000000
16224,2020-08-07 00:00:00,0.000000000
16225,2020-08-07 01:00:00,0.000000000
16226,2020-08-07 02:00:00,0.000000000
16227,2020-08-07 03:00:00,0.000000000
16228,2020-08-07 04:00:00,0.000000000
16229,2020-08-07 05:00:00,0.000000000
16230,2020-08-07 06:00:00,0.000000000
16231,2020-08-07 07:00:00,0.000000000
16232,2020-08-07 08:00:00,0.000000000
16233,2020-08-07 09:00:00,0.000000000
16234,2020-08-07 10:00:00,0.000000000
16235,2020-08-07 11:00:00,0.000000000
16236,2020-08-07 12:00:00,0.000000000
16237,2020-08-07 13:00:00,0.000000000
16238,2020-08-07 14:00:00,0.000000000
16239,2020-08-07 15:00:00,0.000000000
16240,2020-08-07 16:00:00,0.000000000
16241,2020-08-07 17:00:00,0.000000000
16242,2020-08-07 18:00:00,0.000000000
16243,2020-08-07 19:00:00,0.000000000
16244,2020-08-07 20:00:00,0.000000000
16245,2020-08-07 21:00:00,0.000000000
16246,2020-08-07 22:00:00,0.000000000
16247,2020-08-07 23:00:00,0.000000000
16248,2020-08-08 00:00:00,0.000000000
16249,2020-08-08 01:00:00,0.000000000
16250,2020-08-08 02:00:00,0.000000000
16251,2020-08-08 03:00:00,0.000000000
16252,2020-08-08 04:00:00,0.000000000
16253,2020-08-08 05:00:00,0.000000000
16254,2020-08-08 06:00:00,0.000000000
16255,2020-08-08 07:00:00,0.000000000
16256,2020-08-08 08:00:00,0.000000000
16257,2020-08-08 09:00:00,0.000000000
16258,2020-08-08 10:00:00,0.000000000
16259,2020-08-08 11:00:00,0.000000000
16260,2020-08-08 12:00:00,0.000000000
16261,2020-08-08 13:00:00,0.000000000
16262,2020-08-08 14:00:00,0.000000000
16263,2020-08-08 15:00:00,0.000000000
16264,2020-08-08 16:00:00,0.000000000
16265,2020-08-08 17:00:00,0.000000000
16266,2020-08-08 18:00:00,0.000000000
16267,2020-08-08 19:00:00,0.000000000
16268,2020-08-08 20:00:00,0.000000000
16269,2020-08-08 21:00:00,0.000000000
16270,2020-08-08 22:00:00,0.000000000
16271,2020-08-08 23:00:00,0.000000000
16272,2020-08-09 00:00:00,0.000000000
16273,2020-08-09 01:00:00,0.000000000
16274,2020-08-09 02:00:00,0.000000000
16275,2020-08-09 03:00:00,0.000000000
16276,2020-08-09 04:00:00,0.000000000
16277,2020-08-09 05:00:00,0.000000000
16278,2020-08-09 06:00:00,0.000000000
16279,2020-08-09 07:00:00,0.000000000
16280,2020-08-09 08:00:00,0.000000000
16281,2020-08-09 09:00:00,0.000000000
16282,2020-08-09 10:00:00,0.000000000
16283,2020-08-09 11:00:00,0.000000000
16284,2020-08-09 12:00:00,0.000000000
16285,2020-08-09 13:00:00,0.000000000
16286,2020-08-09 14:00:00,0.000000000
16287,2020-08-09 15:00:00,0.000000000
16288,2020-08-09 16:00:00,0.000000000
16289,2020-08-09 17:00:00,0.000000000
16290,2020-08-09 18:00:00,0.000000000
16291,2020-08-09 19:00:00,0.000000000
16292,2020-08-09 20:00:00,0.000000000
16293,2020-08-09 21:00:00,0.000000000
16294,2020-08-09 22:00:00,0.000000000
16295,2020-08-09 23:00:00,0.000000000
16296,2020-08-10 00:00:00,0.000000000
16297,2020-08-10 01:00:00,0.000000000
16298,2020-08-10 02:00:00,0.000000000
16299,2020-08-10 03:00:00,0.000000000
16300,2020-08-10 04:00:00,0.000000000
16301,2020-08-10 05:00:00,0.000000000
16302,2020-08-10 06:00:00,0.000000000
16303,2020-08-10 07:00:00,0.000000000
16304,2020-08-10 08:00:00,0.000000000
16305,2020-08-10 09:00:00,0.000000000
16306,2020-08-10 10:00:00,0.000000000
16307,2020-08-10 11:00:00,0.000000000
16308,2020-08-10 12:00:00,0.000000000
16309,2020-08-10 13:00:00,0.000000000
16310,2020-08-10 14:00:00,0.000000000
16311,2020-08-10 15:00:00,0.000000000
16312,2020-08-10 16:00:00,0.000000000
16313,2020-08-10 17:00:00,0.000000000
16314,2020-08-10 18:00:00,0.000000000
16315,2020-08-10 19:00:00,0.000000000
16316,2020-08-10 20:00:00,0.000000000
16317,2020-08-10 21:00:00,0.000000000
16318,2020-08-10 22:00:00,0.000000000
16319,2020-08-10 23:00:00,0.000000000
16320,2020-08-11 00:00:00,0.000000000
16321,2020-08-11 01:00:00,0.000000000
16322,2020-08-11 02:00:00,0.000000000
16323,2020-08-11 03:00:00,0.000000000
16324,2020-08-11 04:00:00,0.000000000
16325,2020-08-11 05:00:00,0.000000000
16326,2020-08-11 06:00:00,0.000000000
16327,2020-08-11 07:00:00,0.000000000
16328,2020-08-11 08:00:00,0.000000000
16329,2020-08-11 09:00:00,0.000000000
16330,2020-08-11 10:00:00,0.000000000
16331,2020-08-11 11:00:00,0.000000000
16332,2020-08-11 12:00:00,0.000000000
16333,2020-08-11 13:00:00,0.000000000
16334,2020-08-11 14:00:00,0.000000000
16335,2020-08-11 15:00:00,0.000000000
16336,2020-08-11 16:00:00,0.000000000
16337,2020-08-11 17:00:00,0.000000000
16338,2020-08-11 18:00:00,0.000000000
16339,2020-08-11 19:00:00,0.000000000
16340,2020-08-11 20:00:00,0.000000000
16341,2020-08-11 21:00:00,0.000000000
16342,2020-08-11 22:00:00,0.000000000
16343,2020-08-11 23:00:00,0.000000000
16344,2020-08-12 00:00:00,0.000000000
16345,2020-08-12 01:00:00,0.000000000
16346,2020-08-12 02:00:00,0.000000000
16347,2020-08-12 03:00:00,0.000000000
16348,2020-08-12 04:00:00,0.000000000
16349,2020-08-12 05:00:00,0.000000000
16350,2020-08-12 06:00:00,0.000000000
16351,2020-08-12 07:00:00,0.000000000
16352,2020-08-12 08:00:00,0.000000000
16353,2020-08-12 09:00:00,0.000000000
16354,2020-08-12 10:00:00,0.000000000
16355,2020-08-12 11:00:00,0.000000000
16356,2020-08-12 12:00:00,0.000000000
16357,2020-08-12 13:00:00,0.000000000
16358,2020-08-12 14:00:00,0.000000000
16359,2020-08-12 15:00:00,0.000000000
16360,2020-08-12 16:00:00,0.000000000
16361,2020-08-12 17:00:00,0.000000000
16362,2020-08-12 18:00:00,0.000000000
16363,2020-08-12 19:00:00,0.000000000
16364,2020-08-12 20:00:00,0.000000000
16365,2020-08-12 21:00:00,0.000000000
16366,2020-08-12 22:00:00,0.000000000
16367,2020-08-12 23:00:00,0.000000000
16368,2020-08-13 00:00:00,0.000000000
16369,2020-08-13 01:00:00,0.000000000
16370,2020-08-13 02:00:00,0.000000000
16371,2020-08-13 03:00:00,0.000000000
16372,2020-08-13 04:00:00,0.000000000
16373,2020-08-13 05:00:00,0.000000000
16374,2020-08-13 06:00:00,0.000000000
16375,2020-08-13 07:00:00,0.000000000
16376,2020-08-13 08:00:00,0.000000000
16377,2020-08-13 09:00:00,0.000000000
16378,2020-08-13 10:00:00,0.000000000
16379,2020-08-13 11:00:00,0.000000000
16380,2020-08-13 12:00:00,0.000000000
16381,2020-08-13 13:00:00,0.000000000
16382,2020-08-13 14:00:00,0.000000000
16383,2020-08-13 15:00:00,0.000000000
16384,2020-08-13 16:00:00,0.000000000
16385,2020-08-13 17:00:00,0.000000000
16386,2020-08-13 18:00:00,0.000000000
16387,2020-08-13 19:00:00,0.000000000
16388,2020-08-13 20:00:00,0.000000000
16389,2020-08-13 21:00:00,0.000000000
16390,2020-08-13 22:00:00,0.000000000
16391,2020-08-13 23:00:00,0.000000000
16392,2020-08-14 00:00:00,0.000000000
16393,2020-08-14 01:00:00,0.000000000
16394,2020-08-14 02:00:00,0.000000000
16395,2020-08-14 03:00:00,0.000000000
16396,2020-08-14 04:00:00,0.000000000
16397,2020-08-14 05:00:00,0.000000000
16398,2020-08-14 06:00:00,0.000000000
16399,2020-08-14 07:00:00,0.000000000
16400,2020-08-14 08:00:00,0.000000000
16401,2020-08-14 09:00:00,0.000000000
16402,2020-08-14 10:00:00,0.000000000
16403,2020-08-14 11:00:00,0.000000000
16404,2020-08-14 12:00:00,0.000000000
16405,2020-08-14 13:00:00,0.000000000
16406,2020-08-14 14:00:00,0.000000000
16407,2020-08-14 15:00:00,0.000000000
16408,2020-08-14 16:00:00,0.000000000
16409,2020-08-14 17:00:00,0.000000000
16410,2020-08-14 18:00:00,0.000000000
16411,2020-08-14 19:00:00,0.000000000
16412,2020-08-14 20:00:00,0.000000000
16413,2020-08-14 21:00:00,0.000000000
16414,2020-08-14 22:00:00,0.000000000
16415,2020-08-14 23:00:00,0.000000000
16416,2020-08-15 00:00:00,0.000000000
16417,2020-08-15 01:00:00,0.000000000
16418,2020-08-15 02:00:00,0.000000000
16419,2020-08-15 03:00:00,0.000000000
16420,2020-08-15 04:00:00,0.000000000
16421,2020-08-15 05:00:00,0.000000000
16422,2020-08-15 06:00:00,0.000000000
16423,2020-08-15 07:00:00,0.000000000
16424,2020-08-15 08:00:00,0.000000000
16425,2020-08-15 09:00:00,0.001817931
16426,2020-08-15 10:00:00,0.001698934
16427,2020-08-15 11:00:00,0.002033592
16428,2020-08-15 12:00:00,0.002611377
16429,2020-08-15 13:00:00,0.003277141
16430,2020-08-15 14:00:00,0.003658997
16431,2020-08-15 15:00:00,0.004052354
16432,2020-08-15 16:00:00,0.004365074
16433,2020-08-15 17:00:00,0.005467591
16434,2020-08-15 18:00:00,0.012192046
16435,2020-08-15 19:00:00,0.015412159
16436,2020-08-15 20:00:00,0.010814732
16437,2020-08-15 21:00:00,0.007201385
16438,2020-08-15 22:00:00,0.005050677
16439,2020-08-15 23:00:00,0.002445496
16440,2020-08-16 00:00:00,0.000997785
16441,2020-08-16 01:00:00,0.000217109
16442,2020-08-16 02:00:00,0.000119699
16443,2020-08-16 03:00:00,0.000090772
16444,2020-08-16 04:00:00,0.000068149
16445,2020-08-16 05:00:00,0.000056583
16446,2020-08-16 06:00:00,0.000045728
16447,2020-08-16 07:00:00,0.000059404
16448,2020-08-16 08:00:00,0.000043403
16449,2020-08-16 09:00:00,0.000725084
16450,2020-08-16 10:00:00,0.001035431
16451,2020-08-16 11:00:00,0.002457477
16452,2020-08-16 12:00:00,0.004110511
16453,2020-08-16 13:00:00,0.004693390
16454,2020-08-16 14:00:00,0.006619864
16455,2020-08-16 15:00:00,0.006162536
16456,2020-08-16 16:00:00,0.003704135
16457,2020-08-16 17:00:00,0.006232420
16458,2020-08-16 18:00:00,0.012788064
16459,2020-08-16 19:00:00,0.016082147
16460,2020-08-16 20:00:00,0.013126627
16461,2020-08-16 21:00:00,0.007406833
16462,2020-08-16 22:00:00,0.005720038
16463,2020-08-16 23:00:00,0.003795706
16464,2020-08-17 00:00:00,0.001282250
16465,2020-08-17 01:00:00,0.000227071
16466,2020-08-17 02:00:00,0.000185913
16467,2020-08-17 03:00:00,0.000172287
16468,2020-08-17 04:00:00,0.000100334
16469,2020-08-17 05:00:00,0.000065769
16470,2020-08-17 06:00:00,0.000053027
16471,2020-08-17 07:00:00,0.000048943
16472,2020-08-17 08:00:00,0.000286028
16473,2020-08-17 09:00:00,0.000578387
16474,2020-08-17 10:00:00,0.000865189
16475,2020-08-17 11:00:00,0.000694262
16476,2020-08-17 12:00:00,0.000723743
16477,2020-08-17 13:00:00,0.000875500
16478,2020-08-17 14:00:00,0.000625292
16479,2020-08-17 15:00:00,0.000684070
16480,2020-08-17 16:00:00,0.001472381
16481,2020-08-17 17:00:00,0.001900318
16482,2020-08-17 18:00:00,0.002916690
16483,2020-08-17 19:00:00,0.002869705
16484,2020-08-17 20:00:00,0.001980364
16485,2020-08-17 21:00:00,0.001448713
16486,2020-08-17 22:00:00,0.000660154
16487,2020-08-17 23:00:00,0.000454762
16488,2020-08-18 00:00:00,0.000213188
16489,2020-08-18 01:00:00,0.000039533
16490,2020-08-18 02:00:00,0.000018703
16491,2020-08-18 03:00:00,0.000016702
16492,2020-08-18 04:00:00,0.000008539
16493,2020-08-18 05:00:00,0.000045570
16494,2020-08-18 06:00:00,0.000134287
16495,2020-08-18 07:00:00,0.000344460
16496,2020-08-18 08:00:00,0.000458064
16497,2020-08-18 09:00:00,0.000451846
16498,2020-08-18 10:00:00,0.000418918
16499,2020-08-18 11:00:00,0.000502686
16500,2020-08-18 12:00:00,0.000722542
16501,2020-08-18 13:00:00,0.001013587
16502,2020-08-18 14:00:00,0.001317689
16503,2020-08-18 15:00:00,0.001688350
16504,2020-08-18 16:00:00,0.002078119
16505,2020-08-18 17:00:00,0.002607428
16506,2020-08-18 18:00:00,0.003739238
16507,2020-08-18 19:00:00,0.003618436
16508,2020-08-18 20:00:00,0.002346452
16509,2020-08-18 21:00:00,0.001586200
16510,2020-08-18 22:00:00,0.000823297
16511,2020-08-18 23:00:00,0.000534483
16512,2020-08-19 00:00:00,0.000220004
16513,2020-08-19 01:00:00,0.000040957
16514,2020-08-19 02:00:00,0.000029727
16515,2020-08-19 03:00:00,0.000015216
16516,2020-08-19 04:00:00,0.000031861
16517,2020-08-19 05:00:00,0.000023399
16518,2020-08-19 06:00:00,0.000070418
16519,2020-08-19 07:00:00,0.000164200
16520,2020-08-19 08:00:00,0.000442952
16521,2020-08-19 09:00:00,0.000493095
16522,2020-08-19 10:00:00,0.000448584
16523,2020-08-19 11:00:00,0.000470559
16524,2020-08-19 12:00:00,0.000488106
16525,2020-08-19 13:00:00,0.000723357
16526,2020-08-19 14:00:00,0.000820804
16527,2020-08-19 15:00:00,0.000604839
16528,2020-08-19 16:00:00,0.000602740
16529,2020-08-19 17:00:00,0.000885695
16530,2020-08-19 18:00:00,0.001739248
16531,2020-08-19 19:00:00,0.001652557
16532,2020-08-19 20:00:00,0.001259841
16533,2020-08-19 21:00:00,0.000793452
16534,2020-08-19 22:00:00,0.000500339
16535,2020-08-19 23:00:00,0.000216020
16536,2020-08-20 00:00:00,0.000090542
16537,2020-08-20 01:00:00,0.000019713
16538,2020-08-20 02:00:00,0.000013233
16539,2020-08-20 03:00:00,0.000008611
16540,2020-08-20 04:00:00,0.000004755
16541,2020-08-20 05:00:00,0.000003046
16542,2020-08-20 06:00:00,0.000002360
16543,2020-08-20 07:00:00,0.000002547
16544,2020-08-20 08:00:00,0.000001787
16545,2020-08-20 09:00:00,0.000000000
16546,2020-08-20 10:00:00,0.000010985
16547,2020-08-20 11:00:00,0.000049646
16548,2020-08-20 12:00:00,0.000127507
16549,2020-08-20 13:00:00,0.000227324
16550,2020-08-20 14:00:00,0.000245859
16551,2020-08-20 15:00:00,0.000221913
16552,2020-08-20 16:00:00,0.000247253
16553,2020-08-20 17:00:00,0.000306151
16554,2020-08-20 18:00:00,0.000421934
16555,2020-08-20 19:00:00,0.000461894
16556,2020-08-20 20:00:00,0.000287002
16557,2020-08-20 21:00:00,0.000179218
16558,2020-08-20 22:00:00,0.000098271
16559,2020-08-20 23:00:00,0.000054756
16560,2020-08-21 00:00:00,0.000022115
16561,2020-08-21 01:00:00,0.000004654
16562,2020-08-21 02:00:00,0.000003106
16563,2020-08-21 03:00:00,0.000001944
16564,2020-08-21 04:00:00,0.000001271
16565,2020-08-21 05:00:00,0.000000000
16566,2020-08-21 06:00:00,0.000000000
16567,2020-08-21 07:00:00,0.000000000
16568,2020-08-21 08:00:00,0.000000000
16569,2020-08-21 09:00:00,0.000000000
16570,2020-08-21 10:00:00,0.000049654
16571,2020-08-21 11:00:00,0.000122968
16572,2020-08-21 12:00:00,0.000126830
16573,2020-08-21 13:00:00,0.000134848
16574,2020-08-21 14:00:00,0.000098960
16575,2020-08-21 15:00:00,0.000154386
16576,2020-08-21 16:00:00,0.000247477
16577,2020-08-21 17:00:00,0.000329881
16578,2020-08-21 18:00:00,0.000300887
16579,2020-08-21 19:00:00,0.000265580
16580,2020-08-21 20:00:00,0.000168076
16581,2020-08-21 21:00:00,0.000098290
16582,2020-08-21 22:00:00,0.000060063
16583,2020-08-21 23:00:00,0.000033571
16584,2020-08-22 00:00:00,0.000012988
16585,2020-08-22 01:00:00,0.000003132
16586,2020-08-22 02:00:00,0.000001996
16587,2020-08-22 03:00:00,0.000001288
16588,2020-08-22 04:00:00,0.000000000
16589,2020-08-22 05:00:00,0.000000000
16590,2020-08-22 06:00:00,0.000000000
16591,2020-08-22 07:00:00,0.000000000
16592,2020-08-22 08:00:00,0.000000000
16593,2020-08-22 09:00:00,0.000012031
16594,2020-08-22 10:00:00,0.000027283
16595,2020-08-22 11:00:00,0.000054074
16596,2020-08-22 12:00:00,0.000086536
16597,2020-08-22 13:00:00,0.000120508
16598,2020-08-22 14:00:00,0.000254624
16599,2020-08-22 15:00:00,0.000321610
16600,2020-08-22 16:00:00,0.000454712
16601,2020-08-22 17:00:00,0.000572752
16602,2020-08-22 18:00:00,0.000937629
16603,2020-08-22 19:00:00,0.001070063
16604,2020-08-22 20:00:00,0.000682710
16605,2020-08-22 21:00:00,0.000461294
16606,2020-08-22 22:00:00,0.000236827
16607,2020-08-22 23:00:00,0.000166502
16608,2020-08-23 00:00:00,0.000066189
16609,2020-08-23 01:00:00,0.000012674
16610,2020-08-23 02:00:00,0.000007336
16611,2020-08-23 03:00:00,0.000004242
16612,2020-08-23 04:00:00,0.000010299
16613,2020-08-23 05:00:00,0.000025087
16614,2020-08-23 06:00:00,0.000057024
16615,2020-08-23 07:00:00,0.000086197
16616,2020-08-23 08:00:00,0.000094754
16617,2020-08-23 09:00:00,0.000096653
16618,2020-08-23 10:00:00,0.000109835
16619,2020-08-23 11:00:00,0.000167387
16620,2020-08-23 12:00:00,0.000189448
16621,2020-08-23 13:00:00,0.000164975
16622,2020-08-23 14:00:00,0.000191209
16623,2020-08-23 15:00:00,0.000279251
16624,2020-08-23 16:00:00,0.000314401
16625,2020-08-23 17:00:00,0.000395882
16626,2020-08-23 18:00:00,0.000631418
16627,2020-08-23 19:00:00,0.000629672
16628,2020-08-23 20:00:00,0.000397840
16629,2020-08-23 21:00:00,0.000286021
16630,2020-08-23 22:00:00,0.000193275
16631,2020-08-23 23:00:00,0.000075251
16632,2020-08-24 00:00:00,0.000035734
16633,2020-08-24 01:00:00,0.000006408
16634,2020-08-24 02:00:00,0.000004488
16635,2020-08-24 03:00:00,0.000003579
16636,2020-08-24 04:00:00,0.000002131
16637,2020-08-24 05:00:00,0.000006143
16638,2020-08-24 06:00:00,0.000006569
16639,2020-08-24 07:00:00,0.000006917
16640,2020-08-24 08:00:00,0.000016070
16641,2020-08-24 09:00:00,0.000030616
16642,2020-08-24 10:00:00,0.000048028
16643,2020-08-24 11:00:00,0.000076650
16644,2020-08-24 12:00:00,0.000066770
16645,2020-08-24 13:00:00,0.000029674
16646,2020-08-24 14:00:00,0.000068418
16647,2020-08-24 15:00:00,0.000099933
16648,2020-08-24 16:00:00,0.000193667
16649,2020-08-24 17:00:00,0.000318804
16650,2020-08-24 18:00:00,0.000461262
16651,2020-08-24 19:00:00,0.000470202
16652,2020-08-24 20:00:00,0.000302236
16653,2020-08-24 21:00:00,0.000169542
16654,2020-08-24 22:00:00,0.000110605
16655,2020-08-24 23:00:00,0.000073319
16656,2020-08-25 00:00:00,0.000030054
16657,2020-08-25 01:00:00,0.000005742
16658,2020-08-25 02:00:00,0.000003885
16659,2020-08-25 03:00:00,0.000003136
16660,2020-08-25 04:00:00,0.000002480
16661,2020-08-25 05:00:00,0.000002150
16662,2020-08-25 06:00:00,0.000001533
16663,2020-08-25 07:00:00,0.000026007
16664,2020-08-25 08:00:00,0.000038640
16665,2020-08-25 09:00:00,0.000082641
16666,2020-08-25 10:00:00,0.000118316
16667,2020-08-25 11:00:00,0.000212523
16668,2020-08-25 12:00:00,0.000273984
16669,2020-08-25 13:00:00,0.000391130
16670,2020-08-25 14:00:00,0.000491643
16671,2020-08-25 15:00:00,0.000616397
16672,2020-08-25 16:00:00,0.000685056
16673,2020-08-25 17:00:00,0.000833998
16674,2020-08-25 18:00:00,0.000968148
16675,2020-08-25 19:00:00,0.000922286
16676,2020-08-25 20:00:00,0.000554876
16677,2020-08-25 21:00:00,0.000407188
16678,2020-08-25 22:00:00,0.000242972
16679,2020-08-25 23:00:00,0.000170295
16680,2020-08-26 00:00:00,0.000054831
16681,2020-08-26 01:00:00,0.000012162
16682,2020-08-26 02:00:00,0.000009083
16683,2020-08-26 03:00:00,0.000008438
16684,2020-08-26 04:00:00,0.000005603
16685,2020-08-26 05:00:00,0.000003814
16686,2020-08-26 06:00:00,0.000002526
16687,2020-08-26 07:00:00,0.000001812
16688,2020-08-26 08:00:00,0.000001463
16689,2020-08-26 09:00:00,0.000001280
16690,2020-08-26 10:00:00,0.000000000
16691,2020-08-26 11:00:00,0.000006241
16692,2020-08-26 12:00:00,0.000027091
16693,2020-08-26 13:00:00,0.000049690
16694,2020-08-26 14:00:00,0.000057024
16695,2020-08-26 15:00:00,0.000071480
16696,2020-08-26 16:00:00,0.000081487
16697,2020-08-26 17:00:00,0.000093972
16698,2020-08-26 18:00:00,0.000100078
16699,2020-08-26 19:00:00,0.000078157
16700,2020-08-26 20:00:00,0.000053744
16701,2020-08-26 21:00:00,0.000030788
16702,2020-08-26 22:00:00,0.000021408
16703,2020-08-26 23:00:00,0.000012694
16704,2020-08-27 00:00:00,0.000006915
16705,2020-08-27 01:00:00,0.000001579
16706,2020-08-27 02:00:00,0.000001390
16707,2020-08-27 03:00:00,0.000001222
16708,2020-08-27 04:00:00,0.000000000
16709,2020-08-27 05:00:00,0.000000000
16710,2020-08-27 06:00:00,0.000000000
16711,2020-08-27 07:00:00,0.000000000
16712,2020-08-27 08:00:00,0.000000000
16713,2020-08-27 09:00:00,0.000293155
16714,2020-08-27 10:00:00,0.000346316
16715,2020-08-27 11:00:00,0.000414750
16716,2020-08-27 12:00:00,0.000332314
16717,2020-08-27 13:00:00,0.000406001
16718,2020-08-27 14:00:00,0.000591493
16719,2020-08-27 15:00:00,0.000757714
16720,2020-08-27 16:00:00,0.000827526
16721,2020-08-27 17:00:00,0.001082192
16722,2020-08-27 18:00:00,0.001199506
16723,2020-08-27 19:00:00,0.001079678
16724,2020-08-27 20:00:00,0.000842000
16725,2020-08-27 21:00:00,0.000482566
16726,2020-08-27 22:00:00,0.000207375
16727,2020-08-27 23:00:00,0.000159045
16728,2020-08-28 00:00:00,0.000062392
16729,2020-08-28 01:00:00,0.000011012
16730,2020-08-28 02:00:00,0.000007765
16731,2020-08-28 03:00:00,0.000008808
16732,2020-08-28 04:00:00,0.000005156
16733,2020-08-28 05:00:00,0.000002997
16734,2020-08-28 06:00:00,0.000003008
16735,2020-08-28 07:00:00,0.000002359
16736,2020-08-28 08:00:00,0.000299146
16737,2020-08-28 09:00:00,0.000346596
16738,2020-08-28 10:00:00,0.000312664
16739,2020-08-28 11:00:00,0.000269192
16740,2020-08-28 12:00:00,0.000280254
16741,2020-08-28 13:00:00,0.000161904
16742,2020-08-28 14:00:00,0.000355401
16743,2020-08-28 15:00:00,0.000428173
16744,2020-08-28 16:00:00,0.000560099
16745,2020-08-28 17:00:00,0.000891661
16746,2020-08-28 18:00:00,0.000898832
16747,2020-08-28 19:00:00,0.000894895
16748,2020-08-28 20:00:00,0.000722785
16749,2020-08-28 21:00:00,0.000455826
16750,2020-08-28 22:00:00,0.000307515
16751,2020-08-28 23:00:00,0.000232790
16752,2020-08-29 00:00:00,0.000096846
16753,2020-08-29 01:00:00,0.000019549
16754,2020-08-29 02:00:00,0.000017151
16755,2020-08-29 03:00:00,0.000017330
16756,2020-08-29 04:00:00,0.000013000
16757,2020-08-29 05:00:00,0.000009065
16758,2020-08-29 06:00:00,0.000005900
16759,2020-08-29 07:00:00,0.000004499
16760,2020-08-29 08:00:00,0.000003626
16761,2020-08-29 09:00:00,0.000002284
16762,2020-08-29 10:00:00,0.000001369
16763,2020-08-29 11:00:00,0.000001281
16764,2020-08-29 12:00:00,0.000000000
16765,2020-08-29 13:00:00,0.000000000
16766,2020-08-29 14:00:00,0.000000000
16767,2020-08-29 15:00:00,0.000000000
16768,2020-08-29 16:00:00,0.000000000
16769,2020-08-29 17:00:00,0.000000000
16770,2020-08-29 18:00:00,0.000000000
16771,2020-08-29 19:00:00,0.000000000
16772,2020-08-29 20:00:00,0.000000000
16773,2020-08-29 21:00:00,0.000000000
16774,2020-08-29 22:00:00,0.000000000
16775,2020-08-29 23:00:00,0.000000000
16776,2020-08-30 00:00:00,0.000000000
16777,2020-08-30 01:00:00,0.000000000
16778,2020-08-30 02:00:00,0.000000000
16779,2020-08-30 03:00:00,0.000000000
16780,2020-08-30 04:00:00,0.000000000
16781,2020-08-30 05:00:00,0.000000000
16782,2020-08-30 06:00:00,0.000000000
16783,2020-08-30 07:00:00,0.000000000
16784,2020-08-30 08:00:00,0.000000000
16785,2020-08-30 09:00:00,0.001564641
16786,2020-08-30 10:00:00,0.001584086
16787,2020-08-30 11:00:00,0.001508198
16788,2020-08-30 12:00:00,0.001863091
16789,2020-08-30 13:00:00,0.001928669
16790,2020-08-30 14:00:00,0.001936533
16791,2020-08-30 15:00:00,0.002661264
16792,2020-08-30 16:00:00,0.003415275
16793,2020-08-30 17:00:00,0.003547824
16794,2020-08-30 18:00:00,0.004111402
16795,2020-08-30 19:00:00,0.003783707
16796,2020-08-30 20:00:00,0.002301044
16797,2020-08-30 21:00:00,0.001795771
16798,2020-08-30 22:00:00,0.001439318
16799,2020-08-30 23:00:00,0.000847810
16800,2020-08-31 00:00:00,0.000362744
16801,2020-08-31 01:00:00,0.000094816
16802,2020-08-31 02:00:00,0.000072508
16803,2020-08-31 03:00:00,0.000055810
16804,2020-08-31 04:00:00,0.000028387
16805,2020-08-31 05:00:00,0.000097162
16806,2020-08-31 06:00:00,0.000230702
16807,2020-08-31 07:00:00,0.000293609
16808,2020-08-31 08:00:00,0.000278833
16809,2020-08-31 09:00:00,0.000640271
16810,2020-08-31 10:00:00,0.000074920
16811,2020-08-31 11:00:00,0.001121007
16812,2020-08-31 12:00:00,0.001746043
16813,2020-08-31 13:00:00,0.008045483
16814,2020-08-31 14:00:00,0.013592090
16815,2020-08-31 15:00:00,0.016487701
16816,2020-08-31 16:00:00,0.003692558
16817,2020-08-31 17:00:00,0.007748639
16818,2020-08-31 18:00:00,0.009998742
16819,2020-08-31 19:00:00,0.010040067
16820,2020-08-31 20:00:00,0.006822277
16821,2020-08-31 21:00:00,0.004705179
16822,2020-08-31 22:00:00,0.002715477
16823,2020-08-31 23:00:00,0.001718245
16824,2020-09-01 00:00:00,0.000694570
16825,2020-09-01 01:00:00,0.000156926
16826,2020-09-01 02:00:00,0.000097517
16827,2020-09-01 03:00:00,0.000049089
16828,2020-09-01 04:00:00,0.000028669
16829,2020-09-01 05:00:00,0.000041913
16830,2020-09-01 06:00:00,0.000030807
16831,2020-09-01 07:00:00,0.000065481
16832,2020-09-01 08:00:00,0.112436026
16833,2020-09-01 09:00:00,0.015439841
16834,2020-09-01 10:00:00,0.009430191
16835,2020-09-01 11:00:00,0.007845719
16836,2020-09-01 12:00:00,0.116837487
16837,2020-09-01 13:00:00,0.011984469
16838,2020-09-01 14:00:00,0.009444457
16839,2020-09-01 15:00:00,0.020725125
16840,2020-09-01 16:00:00,0.010864615
16841,2020-09-01 17:00:00,0.014977714
16842,2020-09-01 18:00:00,0.020408552
16843,2020-09-01 19:00:00,0.021653164
16844,2020-09-01 20:00:00,0.019317714
16845,2020-09-01 21:00:00,0.014562016
16846,2020-09-01 22:00:00,0.009942113
16847,2020-09-01 23:00:00,0.005508119
16848,2020-09-02 00:00:00,0.002771194
16849,2020-09-02 01:00:00,0.000689414
16850,2020-09-02 02:00:00,0.000559871
16851,2020-09-02 03:00:00,0.000405764
16852,2020-09-02 04:00:00,0.000295071
16853,2020-09-02 05:00:00,0.000202118
16854,2020-09-02 06:00:00,0.000310967
16855,2020-09-02 07:00:00,0.000425890
16856,2020-09-02 08:00:00,0.000732267
16857,2020-09-02 09:00:00,0.001159863
16858,2020-09-02 10:00:00,0.001402906
16859,2020-09-02 11:00:00,0.001517715
16860,2020-09-02 12:00:00,0.002311912
16861,2020-09-02 13:00:00,0.001751668
16862,2020-09-02 14:00:00,0.001604105
16863,2020-09-02 15:00:00,0.002646194
16864,2020-09-02 16:00:00,0.002493446
16865,2020-09-02 17:00:00,0.004541559
16866,2020-09-02 18:00:00,0.009786573
16867,2020-09-02 19:00:00,0.011606156
16868,2020-09-02 20:00:00,0.009886411
16869,2020-09-02 21:00:00,0.005991022
16870,2020-09-02 22:00:00,0.003417617
16871,2020-09-02 23:00:00,0.001705061
16872,2020-09-03 00:00:00,0.000748968
16873,2020-09-03 01:00:00,0.000159351
16874,2020-09-03 02:00:00,0.000130215
16875,2020-09-03 03:00:00,0.000104984
16876,2020-09-03 04:00:00,0.000082776
16877,2020-09-03 05:00:00,0.000050798
16878,2020-09-03 06:00:00,0.000048671
16879,2020-09-03 07:00:00,0.000034092
16880,2020-09-03 08:00:00,0.000027870
16881,2020-09-03 09:00:00,0.000019764
16882,2020-09-03 10:00:00,0.000011596
16883,2020-09-03 11:00:00,0.000037979
16884,2020-09-03 12:00:00,0.000200843
16885,2020-09-03 13:00:00,0.000431163
16886,2020-09-03 14:00:00,0.000640951
16887,2020-09-03 15:00:00,0.000347053
16888,2020-09-03 16:00:00,0.000346568
16889,2020-09-03 17:00:00,0.000877326
16890,2020-09-03 18:00:00,0.001683201
16891,2020-09-03 19:00:00,0.002106369
16892,2020-09-03 20:00:00,0.001477345
16893,2020-09-03 21:00:00,0.000949106
16894,2020-09-03 22:00:00,0.000587402
16895,2020-09-03 23:00:00,0.000288799
16896,2020-09-04 00:00:00,0.000100832
16897,2020-09-04 01:00:00,0.000019003
16898,2020-09-04 02:00:00,0.000013662
16899,2020-09-04 03:00:00,0.000008237
16900,2020-09-04 04:00:00,0.000038213
16901,2020-09-04 05:00:00,0.000114029
16902,2020-09-04 06:00:00,0.000260263
16903,2020-09-04 07:00:00,0.000266516
16904,2020-09-04 08:00:00,0.000089659
16905,2020-09-04 09:00:00,0.000147320
16906,2020-09-04 10:00:00,0.001078909
16907,2020-09-04 11:00:00,0.000579698
16908,2020-09-04 12:00:00,0.000526586
16909,2020-09-04 13:00:00,0.000696205
16910,2020-09-04 14:00:00,0.001394016
16911,2020-09-04 15:00:00,0.000778797
16912,2020-09-04 16:00:00,0.000949020
16913,2020-09-04 17:00:00,0.001709163
16914,2020-09-04 18:00:00,0.003408755
16915,2020-09-04 19:00:00,0.003948416
16916,2020-09-04 20:00:00,0.002676990
16917,2020-09-04 21:00:00,0.001904922
16918,2020-09-04 22:00:00,0.000972907
16919,2020-09-04 23:00:00,0.000430565
16920,2020-09-05 00:00:00,0.000201563
16921,2020-09-05 01:00:00,0.000037134
16922,2020-09-05 02:00:00,0.000026572
16923,2020-09-05 03:00:00,0.000017507
16924,2020-09-05 04:00:00,0.000011208
16925,2020-09-05 05:00:00,0.000010228
16926,2020-09-05 06:00:00,0.000007808
16927,2020-09-05 07:00:00,0.000010445
16928,2020-09-05 08:00:00,0.000005651
16929,2020-09-05 09:00:00,0.000034191
16930,2020-09-05 10:00:00,0.000064186
16931,2020-09-05 11:00:00,0.000089791
16932,2020-09-05 12:00:00,0.000105076
16933,2020-09-05 13:00:00,0.000110615
16934,2020-09-05 14:00:00,0.002575065
16935,2020-09-05 15:00:00,0.000122773
16936,2020-09-05 16:00:00,0.000169338
16937,2020-09-05 17:00:00,0.000338101
16938,2020-09-05 18:00:00,0.000633208
16939,2020-09-05 19:00:00,0.000628804
16940,2020-09-05 20:00:00,0.000409952
16941,2020-09-05 21:00:00,0.000311075
16942,2020-09-05 22:00:00,0.000133770
16943,2020-09-05 23:00:00,0.000073356
16944,2020-09-06 00:00:00,0.000026335
16945,2020-09-06 01:00:00,0.000005577
16946,2020-09-06 02:00:00,0.000003520
16947,2020-09-06 03:00:00,0.000002450
16948,2020-09-06 04:00:00,0.000001604
16949,2020-09-06 05:00:00,0.000001323
16950,2020-09-06 06:00:00,0.000000000
16951,2020-09-06 07:00:00,0.000000000
16952,2020-09-06 08:00:00,0.000001440
16953,2020-09-06 09:00:00,0.000001340
16954,2020-09-06 10:00:00,0.000001267
16955,2020-09-06 11:00:00,0.000002179
16956,2020-09-06 12:00:00,0.000003080
16957,2020-09-06 13:00:00,0.000003166
16958,2020-09-06 14:00:00,0.000003487
16959,2020-09-06 15:00:00,0.000003459
16960,2020-09-06 16:00:00,0.000003830
16961,2020-09-06 17:00:00,0.000005259
16962,2020-09-06 18:00:00,0.000008283
16963,2020-09-06 19:00:00,0.000008757
16964,2020-09-06 20:00:00,0.000005436
16965,2020-09-06 21:00:00,0.000004312
16966,2020-09-06 22:00:00,0.000002231
16967,2020-09-06 23:00:00,0.000000000
16968,2020-09-07 00:00:00,0.000000000
16969,2020-09-07 01:00:00,0.000000000
16970,2020-09-07 02:00:00,0.000000000
16971,2020-09-07 03:00:00,0.000000000
16972,2020-09-07 04:00:00,0.000000000
16973,2020-09-07 05:00:00,0.000000000
16974,2020-09-07 06:00:00,0.000000000
16975,2020-09-07 07:00:00,0.000000000
16976,2020-09-07 08:00:00,0.000000000
16977,2020-09-07 09:00:00,0.000000000
16978,2020-09-07 10:00:00,0.000000000
16979,2020-09-07 11:00:00,0.000000000
16980,2020-09-07 12:00:00,0.000000000
16981,2020-09-07 13:00:00,0.000000000
16982,2020-09-07 14:00:00,0.000000000
16983,2020-09-07 15:00:00,0.000000000
16984,2020-09-07 16:00:00,0.000000000
16985,2020-09-07 17:00:00,0.000000000
16986,2020-09-07 18:00:00,0.000000000
16987,2020-09-07 19:00:00,0.000000000
16988,2020-09-07 20:00:00,0.000000000
16989,2020-09-07 21:00:00,0.000000000
16990,2020-09-07 22:00:00,0.000000000
16991,2020-09-07 23:00:00,0.000000000
16992,2020-09-08 00:00:00,0.000000000
16993,2020-09-08 01:00:00,0.000000000
16994,2020-09-08 02:00:00,0.000000000
16995,2020-09-08 03:00:00,0.000000000
16996,2020-09-08 04:00:00,0.000000000
16997,2020-09-08 05:00:00,0.000000000
16998,2020-09-08 06:00:00,0.000000000
16999,2020-09-08 07:00:00,0.000000000
17000,2020-09-08 08:00:00,0.000000000
17001,2020-09-08 09:00:00,0.000000000
17002,2020-09-08 10:00:00,0.000000000
17003,2020-09-08 11:00:00,0.000000000
17004,2020-09-08 12:00:00,0.000000000
17005,2020-09-08 13:00:00,0.042093951
17006,2020-09-08 14:00:00,0.006869291
17007,2020-09-08 15:00:00,0.005122738
17008,2020-09-08 16:00:00,0.004222536
17009,2020-09-08 17:00:00,0.003629643
17010,2020-09-08 18:00:00,0.002737419
17011,2020-09-08 19:00:00,0.002221343
17012,2020-09-08 20:00:00,0.826871812
17013,2020-09-08 21:00:00,1.027238011
17014,2020-09-08 22:00:00,1.172411442
17015,2020-09-08 23:00:00,1.226159215
17016,2020-09-09 00:00:00,2.348900080
17017,2020-09-09 01:00:00,2.519394159
17018,2020-09-09 02:00:00,2.666149855
17019,2020-09-09 03:00:00,2.775002956
17020,2020-09-09 04:00:00,2.959597588
17021,2020-09-09 05:00:00,3.125369549
17022,2020-09-09 06:00:00,3.220536709
17023,2020-09-09 07:00:00,3.427026749
17024,2020-09-09 08:00:00,3.600175381
17025,2020-09-09 09:00:00,3.788784981
17026,2020-09-09 10:00:00,3.985808372
17027,2020-09-09 11:00:00,4.175410748
17028,2020-09-09 12:00:00,4.371979237
17029,2020-09-09 13:00:00,4.759974003
17030,2020-09-09 14:00:00,5.177109718
17031,2020-09-09 15:00:00,5.569859982
17032,2020-09-09 16:00:00,5.863818169
17033,2020-09-09 17:00:00,6.172741890
17034,2020-09-09 18:00:00,6.509819031
17035,2020-09-09 19:00:00,6.853749275
17036,2020-09-09 20:00:00,7.236330986
17037,2020-09-09 21:00:00,7.588907242
17038,2020-09-09 22:00:00,7.053897858
17039,2020-09-09 23:00:00,4.917438507
17040,2020-09-10 00:00:00,5.195671558
17041,2020-09-10 01:00:00,5.345680237
17042,2020-09-10 02:00:00,5.522262096
17043,2020-09-10 03:00:00,5.782012463
17044,2020-09-10 04:00:00,6.110199928
17045,2020-09-10 05:00:00,6.438426018
17046,2020-09-10 06:00:00,6.762232780
17047,2020-09-10 07:00:00,7.379930019
17048,2020-09-10 08:00:00,8.016793251
17049,2020-09-10 09:00:00,8.620103836
17050,2020-09-10 10:00:00,9.335800171
17051,2020-09-10 11:00:00,9.913460732
17052,2020-09-10 12:00:00,10.694244385
17053,2020-09-10 13:00:00,11.114017487
17054,2020-09-10 14:00:00,11.555866241
17055,2020-09-10 15:00:00,11.994131088
17056,2020-09-10 16:00:00,12.523115158
17057,2020-09-10 17:00:00,13.045671463
17058,2020-09-10 18:00:00,13.547236443
17059,2020-09-10 19:00:00,14.067438126
17060,2020-09-10 20:00:00,14.530589104
17061,2020-09-10 21:00:00,14.915850639
17062,2020-09-10 22:00:00,15.024408340
17063,2020-09-10 23:00:00,14.754453659
17064,2020-09-11 00:00:00,14.667788506
17065,2020-09-11 01:00:00,14.323202133
17066,2020-09-11 02:00:00,14.024192810
17067,2020-09-11 03:00:00,13.786465645
17068,2020-09-11 04:00:00,13.581056595
17069,2020-09-11 05:00:00,13.402704239
17070,2020-09-11 06:00:00,13.262725830
17071,2020-09-11 07:00:00,13.134190559
17072,2020-09-11 08:00:00,13.026618958
17073,2020-09-11 09:00:00,12.922788620
17074,2020-09-11 10:00:00,12.834250450
17075,2020-09-11 11:00:00,12.763988495
17076,2020-09-11 12:00:00,12.704601288
17077,2020-09-11 13:00:00,12.663370132
17078,2020-09-11 14:00:00,12.627110481
17079,2020-09-11 15:00:00,12.595266342
17080,2020-09-11 16:00:00,12.557044029
17081,2020-09-11 17:00:00,12.508479118
17082,2020-09-11 18:00:00,12.427416801
17083,2020-09-11 19:00:00,12.337795258
17084,2020-09-11 20:00:00,12.095743179
17085,2020-09-11 21:00:00,9.550777435
17086,2020-09-11 22:00:00,5.019515514
17087,2020-09-11 23:00:00,1.003948689
17088,2020-09-12 00:00:00,1.030451417
17089,2020-09-12 01:00:00,1.043453813
17090,2020-09-12 02:00:00,1.058043838
17091,2020-09-12 03:00:00,1.078347087
17092,2020-09-12 04:00:00,1.095601320
17093,2020-09-12 05:00:00,1.091792703
17094,2020-09-12 06:00:00,1.075839043
17095,2020-09-12 07:00:00,1.073871017
17096,2020-09-12 08:00:00,1.064036012
17097,2020-09-12 09:00:00,1.044986963
17098,2020-09-12 10:00:00,1.023518801
17099,2020-09-12 11:00:00,1.041710854
17100,2020-09-12 12:00:00,1.059981942
17101,2020-09-12 13:00:00,1.082029223
17102,2020-09-12 14:00:00,1.101751089
17103,2020-09-12 15:00:00,1.118538380
17104,2020-09-12 16:00:00,1.118710876
17105,2020-09-12 17:00:00,1.087293386
17106,2020-09-12 18:00:00,0.347690284
17107,2020-09-12 19:00:00,0.219155639
17108,2020-09-12 20:00:00,0.000858627
17109,2020-09-12 21:00:00,0.000636480
17110,2020-09-12 22:00:00,0.000423628
17111,2020-09-12 23:00:00,0.000223820
17112,2020-09-13 00:00:00,0.000116234
17113,2020-09-13 01:00:00,0.000015811
17114,2020-09-13 02:00:00,0.000006858
17115,2020-09-13 03:00:00,0.000020221
17116,2020-09-13 04:00:00,0.000016980
17117,2020-09-13 05:00:00,0.000036904
17118,2020-09-13 06:00:00,0.007167053
17119,2020-09-13 07:00:00,0.014413478
17120,2020-09-13 08:00:00,0.018470844
17121,2020-09-13 09:00:00,0.020611279
17122,2020-09-13 10:00:00,0.022390846
17123,2020-09-13 11:00:00,0.023294862
17124,2020-09-13 12:00:00,0.022469692
17125,2020-09-13 13:00:00,0.020207757
17126,2020-09-13 14:00:00,0.018625040
17127,2020-09-13 15:00:00,0.016280688
17128,2020-09-13 16:00:00,0.008545508
17129,2020-09-13 17:00:00,0.000170830
17130,2020-09-13 18:00:00,0.000605178
17131,2020-09-13 19:00:00,0.000792001
17132,2020-09-13 20:00:00,0.000626901
17133,2020-09-13 21:00:00,0.000435973
17134,2020-09-13 22:00:00,0.000316452
17135,2020-09-13 23:00:00,0.000158305
17136,2020-09-14 00:00:00,0.000077102
17137,2020-09-14 01:00:00,0.000008114
17138,2020-09-14 02:00:00,0.000015416
17139,2020-09-14 03:00:00,0.000017592
17140,2020-09-14 04:00:00,0.000018356
17141,2020-09-14 05:00:00,0.000035985
17142,2020-09-14 06:00:00,0.000042390
17143,2020-09-14 07:00:00,0.011057151
17144,2020-09-14 08:00:00,0.021100817
17145,2020-09-14 09:00:00,0.028175225
17146,2020-09-14 10:00:00,0.032204188
17147,2020-09-14 11:00:00,0.034115121
17148,2020-09-14 12:00:00,0.034499150
17149,2020-09-14 13:00:00,0.034744952
17150,2020-09-14 14:00:00,0.033452965
17151,2020-09-14 15:00:00,0.029826133
17152,2020-09-14 16:00:00,0.017453333
17153,2020-09-14 17:00:00,0.000184563
17154,2020-09-14 18:00:00,0.000399286
17155,2020-09-14 19:00:00,0.000530345
17156,2020-09-14 20:00:00,0.000427653
17157,2020-09-14 21:00:00,0.000414515
17158,2020-09-14 22:00:00,0.000209966
17159,2020-09-14 23:00:00,0.000121232
17160,2020-09-15 00:00:00,0.000048717
17161,2020-09-15 01:00:00,0.000008730
17162,2020-09-15 02:00:00,0.000023648
17163,2020-09-15 03:00:00,0.000020172
17164,2020-09-15 04:00:00,0.000010715
17165,2020-09-15 05:00:00,0.000014071
17166,2020-09-15 06:00:00,0.000017516
17167,2020-09-15 07:00:00,0.003840660
17168,2020-09-15 08:00:00,0.006976497
17169,2020-09-15 09:00:00,0.001543744
17170,2020-09-15 10:00:00,0.000036190
17171,2020-09-15 11:00:00,0.000042845
17172,2020-09-15 12:00:00,0.000073417
17173,2020-09-15 13:00:00,0.000075978
17174,2020-09-15 14:00:00,0.000064389
17175,2020-09-15 15:00:00,0.000053628
17176,2020-09-15 16:00:00,0.000053975
17177,2020-09-15 17:00:00,0.000065500
17178,2020-09-15 18:00:00,0.000083285
17179,2020-09-15 19:00:00,0.000083275
17180,2020-09-15 20:00:00,0.000073312
17181,2020-09-15 21:00:00,0.000058000
17182,2020-09-15 22:00:00,0.000037118
17183,2020-09-15 23:00:00,0.000019856
17184,2020-09-16 00:00:00,0.000009018
17185,2020-09-16 01:00:00,0.000002034
17186,2020-09-16 02:00:00,0.000001626
17187,2020-09-16 03:00:00,0.000000000
17188,2020-09-16 04:00:00,0.000000000
17189,2020-09-16 05:00:00,0.000000000
17190,2020-09-16 06:00:00,0.000000000
17191,2020-09-16 07:00:00,0.000000000
17192,2020-09-16 08:00:00,0.000000000
17193,2020-09-16 09:00:00,0.000000000
17194,2020-09-16 10:00:00,0.000000000
17195,2020-09-16 11:00:00,0.000000000
17196,2020-09-16 12:00:00,0.000000000
17197,2020-09-16 13:00:00,0.000000000
17198,2020-09-16 14:00:00,0.000000000
17199,2020-09-16 15:00:00,0.000000000
17200,2020-09-16 16:00:00,0.000000000
17201,2020-09-16 17:00:00,0.000000000
17202,2020-09-16 18:00:00,0.000000000
17203,2020-09-16 19:00:00,0.000000000
17204,2020-09-16 20:00:00,0.000000000
17205,2020-09-16 21:00:00,0.000000000
17206,2020-09-16 22:00:00,0.000000000
17207,2020-09-16 23:00:00,0.000000000
17208,2020-09-17 00:00:00,0.000000000
17209,2020-09-17 01:00:00,0.000000000
17210,2020-09-17 02:00:00,0.000000000
17211,2020-09-17 03:00:00,0.000000000
17212,2020-09-17 04:00:00,0.000000000
17213,2020-09-17 05:00:00,0.000000000
17214,2020-09-17 06:00:00,0.000000000
17215,2020-09-17 07:00:00,0.000000000
17216,2020-09-17 08:00:00,0.000000000
17217,2020-09-17 09:00:00,0.000000000
17218,2020-09-17 10:00:00,0.000000000
17219,2020-09-17 11:00:00,0.000000000
17220,2020-09-17 12:00:00,0.000000000
17221,2020-09-17 13:00:00,0.000000000
17222,2020-09-17 14:00:00,0.000000000
17223,2020-09-17 15:00:00,0.000000000
17224,2020-09-17 16:00:00,0.000000000
17225,2020-09-17 17:00:00,0.000000000
17226,2020-09-17 18:00:00,0.000000000
17227,2020-09-17 19:00:00,0.000000000
17228,2020-09-17 20:00:00,0.000000000
17229,2020-09-17 21:00:00,0.000000000
17230,2020-09-17 22:00:00,0.000000000
17231,2020-09-17 23:00:00,0.000000000
17232,2020-09-18 00:00:00,0.000000000
17233,2020-09-18 01:00:00,0.000000000
17234,2020-09-18 02:00:00,0.000000000
17235,2020-09-18 03:00:00,0.000000000
17236,2020-09-18 04:00:00,0.000000000
17237,2020-09-18 05:00:00,0.000000000
17238,2020-09-18 06:00:00,0.000000000
17239,2020-09-18 07:00:00,0.000000000
17240,2020-09-18 08:00:00,0.000000000
17241,2020-09-18 09:00:00,0.000000000
17242,2020-09-18 10:00:00,0.000000000
17243,2020-09-18 11:00:00,0.000000000
17244,2020-09-18 12:00:00,0.000000000
17245,2020-09-18 13:00:00,0.000000000
17246,2020-09-18 14:00:00,0.000000000
17247,2020-09-18 15:00:00,0.000000000
17248,2020-09-18 16:00:00,0.000000000
17249,2020-09-18 17:00:00,0.000000000
17250,2020-09-18 18:00:00,0.000000000
17251,2020-09-18 19:00:00,0.000000000
17252,2020-09-18 20:00:00,0.000000000
17253,2020-09-18 21:00:00,0.000000000
17254,2020-09-18 22:00:00,0.000000000
17255,2020-09-18 23:00:00,0.000000000
17256,2020-09-19 00:00:00,0.000000000
17257,2020-09-19 01:00:00,0.000000000
17258,2020-09-19 02:00:00,0.000000000
17259,2020-09-19 03:00:00,0.000000000
17260,2020-09-19 04:00:00,0.000000000
17261,2020-09-19 05:00:00,0.000000000
17262,2020-09-19 06:00:00,0.000000000
17263,2020-09-19 07:00:00,0.000000000
17264,2020-09-19 08:00:00,0.000000000
17265,2020-09-19 09:00:00,0.000000000
17266,2020-09-19 10:00:00,0.000000000
17267,2020-09-19 11:00:00,0.000000000
17268,2020-09-19 12:00:00,0.000000000
17269,2020-09-19 13:00:00,0.000000000
17270,2020-09-19 14:00:00,0.000000000
17271,2020-09-19 15:00:00,0.000000000
17272,2020-09-19 16:00:00,0.000000000
17273,2020-09-19 17:00:00,0.000000000
17274,2020-09-19 18:00:00,0.000000000
17275,2020-09-19 19:00:00,0.000000000
17276,2020-09-19 20:00:00,0.000000000
17277,2020-09-19 21:00:00,0.000000000
17278,2020-09-19 22:00:00,0.000000000
17279,2020-09-19 23:00:00,0.000000000
17280,2020-09-20 00:00:00,0.000000000
17281,2020-09-20 01:00:00,0.000000000
17282,2020-09-20 02:00:00,0.000000000
17283,2020-09-20 03:00:00,0.000000000
17284,2020-09-20 04:00:00,0.000000000
17285,2020-09-20 05:00:00,0.000000000
17286,2020-09-20 06:00:00,0.000000000
17287,2020-09-20 07:00:00,0.000000000
17288,2020-09-20 08:00:00,0.000000000
17289,2020-09-20 09:00:00,0.000000000
17290,2020-09-20 10:00:00,0.000000000
17291,2020-09-20 11:00:00,0.000000000
17292,2020-09-20 12:00:00,0.000000000
17293,2020-09-20 13:00:00,0.000000000
17294,2020-09-20 14:00:00,0.000000000
17295,2020-09-20 15:00:00,0.000000000
17296,2020-09-20 16:00:00,0.000000000
17297,2020-09-20 17:00:00,0.000000000
17298,2020-09-20 18:00:00,0.000000000
17299,2020-09-20 19:00:00,0.000000000
17300,2020-09-20 20:00:00,0.000000000
17301,2020-09-20 21:00:00,0.000000000
17302,2020-09-20 22:00:00,0.000000000
17303,2020-09-20 23:00:00,0.000000000
17304,2020-09-21 00:00:00,0.000000000
17305,2020-09-21 01:00:00,0.000000000
17306,2020-09-21 02:00:00,0.000000000
17307,2020-09-21 03:00:00,0.000000000
17308,2020-09-21 04:00:00,0.000000000
17309,2020-09-21 05:00:00,0.000000000
17310,2020-09-21 06:00:00,0.000000000
17311,2020-09-21 07:00:00,0.000000000
17312,2020-09-21 08:00:00,0.000000000
17313,2020-09-21 09:00:00,0.000000000
17314,2020-09-21 10:00:00,0.000000000
17315,2020-09-21 11:00:00,0.000000000
17316,2020-09-21 12:00:00,0.000000000
17317,2020-09-21 13:00:00,0.000000000
17318,2020-09-21 14:00:00,0.000000000
17319,2020-09-21 15:00:00,0.000000000
17320,2020-09-21 16:00:00,0.000000000
17321,2020-09-21 17:00:00,0.000000000
17322,2020-09-21 18:00:00,0.000000000
17323,2020-09-21 19:00:00,0.000000000
17324,2020-09-21 20:00:00,0.000000000
17325,2020-09-21 21:00:00,0.000000000
17326,2020-09-21 22:00:00,0.000000000
17327,2020-09-21 23:00:00,0.000000000
17328,2020-09-22 00:00:00,0.000000000
17329,2020-09-22 01:00:00,0.000000000
17330,2020-09-22 02:00:00,0.000000000
17331,2020-09-22 03:00:00,0.000000000
17332,2020-09-22 04:00:00,0.000000000
17333,2020-09-22 05:00:00,0.000000000
17334,2020-09-22 06:00:00,0.000000000
17335,2020-09-22 07:00:00,0.000000000
17336,2020-09-22 08:00:00,0.000000000
17337,2020-09-22 09:00:00,0.000000000
17338,2020-09-22 10:00:00,0.000000000
17339,2020-09-22 11:00:00,0.000000000
17340,2020-09-22 12:00:00,0.000000000
17341,2020-09-22 13:00:00,0.000000000
17342,2020-09-22 14:00:00,0.000000000
17343,2020-09-22 15:00:00,0.000000000
17344,2020-09-22 16:00:00,0.000000000
17345,2020-09-22 17:00:00,0.000000000
17346,2020-09-22 18:00:00,0.000000000
17347,2020-09-22 19:00:00,0.000000000
17348,2020-09-22 20:00:00,0.000000000
17349,2020-09-22 21:00:00,0.000000000
17350,2020-09-22 22:00:00,0.000000000
17351,2020-09-22 23:00:00,0.000000000
17352,2020-09-23 00:00:00,0.000000000
17353,2020-09-23 01:00:00,0.000000000
17354,2020-09-23 02:00:00,0.000000000
17355,2020-09-23 03:00:00,0.000000000
17356,2020-09-23 04:00:00,0.000000000
17357,2020-09-23 05:00:00,0.000000000
17358,2020-09-23 06:00:00,0.000000000
17359,2020-09-23 07:00:00,0.000000000
17360,2020-09-23 08:00:00,0.000000000
17361,2020-09-23 09:00:00,0.000000000
17362,2020-09-23 10:00:00,0.000000000
17363,2020-09-23 11:00:00,0.000000000
17364,2020-09-23 12:00:00,0.000000000
17365,2020-09-23 13:00:00,0.000000000
17366,2020-09-23 14:00:00,0.000000000
17367,2020-09-23 15:00:00,0.000000000
17368,2020-09-23 16:00:00,0.000000000
17369,2020-09-23 17:00:00,0.000000000
17370,2020-09-23 18:00:00,0.000000000
17371,2020-09-23 19:00:00,0.000000000
17372,2020-09-23 20:00:00,0.000000000
17373,2020-09-23 21:00:00,0.000000000
17374,2020-09-23 22:00:00,0.000000000
17375,2020-09-23 23:00:00,0.000000000
17376,2020-09-24 00:00:00,0.000000000
17377,2020-09-24 01:00:00,0.000000000
17378,2020-09-24 02:00:00,0.000000000
17379,2020-09-24 03:00:00,0.000000000
17380,2020-09-24 04:00:00,0.000000000
17381,2020-09-24 05:00:00,0.000000000
17382,2020-09-24 06:00:00,0.000000000
17383,2020-09-24 07:00:00,0.000000000
17384,2020-09-24 08:00:00,0.000000000
17385,2020-09-24 09:00:00,0.000000000
17386,2020-09-24 10:00:00,0.000000000
17387,2020-09-24 11:00:00,0.000000000
17388,2020-09-24 12:00:00,0.000000000
17389,2020-09-24 13:00:00,0.000000000
17390,2020-09-24 14:00:00,0.000000000
17391,2020-09-24 15:00:00,0.000000000
17392,2020-09-24 16:00:00,0.000000000
17393,2020-09-24 17:00:00,0.000000000
17394,2020-09-24 18:00:00,0.000000000
17395,2020-09-24 19:00:00,0.000000000
17396,2020-09-24 20:00:00,0.000000000
17397,2020-09-24 21:00:00,0.000000000
17398,2020-09-24 22:00:00,0.000000000
17399,2020-09-24 23:00:00,0.000000000
17400,2020-09-25 00:00:00,0.000000000
17401,2020-09-25 01:00:00,0.000000000
17402,2020-09-25 02:00:00,0.000000000
17403,2020-09-25 03:00:00,0.000000000
17404,2020-09-25 04:00:00,0.000000000
17405,2020-09-25 05:00:00,0.000000000
17406,2020-09-25 06:00:00,0.000000000
17407,2020-09-25 07:00:00,0.000000000
17408,2020-09-25 08:00:00,0.000000000
17409,2020-09-25 09:00:00,0.000000000
17410,2020-09-25 10:00:00,0.000000000
17411,2020-09-25 11:00:00,0.000000000
17412,2020-09-25 12:00:00,0.000000000
17413,2020-09-25 13:00:00,0.000000000
17414,2020-09-25 14:00:00,0.000000000
17415,2020-09-25 15:00:00,0.000000000
17416,2020-09-25 16:00:00,0.000000000
17417,2020-09-25 17:00:00,0.000000000
17418,2020-09-25 18:00:00,0.000000000
17419,2020-09-25 19:00:00,0.000000000
17420,2020-09-25 20:00:00,0.000000000
17421,2020-09-25 21:00:00,0.000000000
17422,2020-09-25 22:00:00,0.000000000
17423,2020-09-25 23:00:00,0.000000000
17424,2020-09-26 00:00:00,0.000000000
17425,2020-09-26 01:00:00,0.000000000
17426,2020-09-26 02:00:00,0.000000000
17427,2020-09-26 03:00:00,0.000000000
17428,2020-09-26 04:00:00,0.000000000
17429,2020-09-26 05:00:00,0.000000000
17430,2020-09-26 06:00:00,0.000000000
17431,2020-09-26 07:00:00,0.000000000
17432,2020-09-26 08:00:00,0.000000000
17433,2020-09-26 09:00:00,0.000000000
17434,2020-09-26 10:00:00,0.000000000
17435,2020-09-26 11:00:00,0.000000000
17436,2020-09-26 12:00:00,0.000000000
17437,2020-09-26 13:00:00,0.000000000
17438,2020-09-26 14:00:00,0.000000000
17439,2020-09-26 15:00:00,0.000000000
17440,2020-09-26 16:00:00,0.000000000
17441,2020-09-26 17:00:00,0.000000000
17442,2020-09-26 18:00:00,0.000000000
17443,2020-09-26 19:00:00,0.000000000
17444,2020-09-26 20:00:00,0.000000000
17445,2020-09-26 21:00:00,0.000000000
17446,2020-09-26 22:00:00,0.000000000
17447,2020-09-26 23:00:00,0.000000000
17448,2020-09-27 00:00:00,0.000000000
17449,2020-09-27 01:00:00,0.000000000
17450,2020-09-27 02:00:00,0.000000000
17451,2020-09-27 03:00:00,0.000000000
17452,2020-09-27 04:00:00,0.000000000
17453,2020-09-27 05:00:00,0.000000000
17454,2020-09-27 06:00:00,0.000000000
17455,2020-09-27 07:00:00,0.000000000
17456,2020-09-27 08:00:00,0.000000000
17457,2020-09-27 09:00:00,0.000000000
17458,2020-09-27 10:00:00,0.000000000
17459,2020-09-27 11:00:00,0.000000000
17460,2020-09-27 12:00:00,0.000000000
17461,2020-09-27 13:00:00,0.000000000
17462,2020-09-27 14:00:00,0.000000000
17463,2020-09-27 15:00:00,0.000000000
17464,2020-09-27 16:00:00,0.000000000
17465,2020-09-27 17:00:00,0.000000000
17466,2020-09-27 18:00:00,0.000000000
17467,2020-09-27 19:00:00,0.000000000
17468,2020-09-27 20:00:00,0.000000000
17469,2020-09-27 21:00:00,0.000000000
17470,2020-09-27 22:00:00,0.000000000
17471,2020-09-27 23:00:00,0.000000000
17472,2020-09-28 00:00:00,0.000000000
17473,2020-09-28 01:00:00,0.000000000
17474,2020-09-28 02:00:00,0.000000000
17475,2020-09-28 03:00:00,0.000000000
17476,2020-09-28 04:00:00,0.000000000
17477,2020-09-28 05:00:00,0.000000000
17478,2020-09-28 06:00:00,0.000000000
17479,2020-09-28 07:00:00,0.000000000
17480,2020-09-28 08:00:00,0.000000000
17481,2020-09-28 09:00:00,0.000000000
17482,2020-09-28 10:00:00,0.000000000
17483,2020-09-28 11:00:00,0.000000000
17484,2020-09-28 12:00:00,0.000000000
17485,2020-09-28 13:00:00,0.000000000
17486,2020-09-28 14:00:00,0.000000000
17487,2020-09-28 15:00:00,0.000000000
17488,2020-09-28 16:00:00,0.000000000
17489,2020-09-28 17:00:00,0.000000000
17490,2020-09-28 18:00:00,0.000000000
17491,2020-09-28 19:00:00,0.000000000
17492,2020-09-28 20:00:00,0.000000000
17493,2020-09-28 21:00:00,0.000000000
17494,2020-09-28 22:00:00,0.000000000
17495,2020-09-28 23:00:00,0.000000000
17496,2020-09-29 00:00:00,0.000000000
17497,2020-09-29 01:00:00,0.000000000
17498,2020-09-29 02:00:00,0.000000000
17499,2020-09-29 03:00:00,0.000000000
17500,2020-09-29 04:00:00,0.000000000
17501,2020-09-29 05:00:00,0.000000000
17502,2020-09-29 06:00:00,0.000000000
17503,2020-09-29 07:00:00,0.000000000
17504,2020-09-29 08:00:00,0.000000000
17505,2020-09-29 09:00:00,0.000000000
17506,2020-09-29 10:00:00,0.000000000
17507,2020-09-29 11:00:00,0.000000000
17508,2020-09-29 12:00:00,0.000000000
17509,2020-09-29 13:00:00,0.000000000
17510,2020-09-29 14:00:00,0.000000000
17511,2020-09-29 15:00:00,0.000000000
17512,2020-09-29 16:00:00,0.000000000
17513,2020-09-29 17:00:00,0.000000000
17514,2020-09-29 18:00:00,0.000000000
17515,2020-09-29 19:00:00,0.000000000
17516,2020-09-29 20:00:00,0.000000000
17517,2020-09-29 21:00:00,0.000000000
17518,2020-09-29 22:00:00,0.000000000
17519,2020-09-29 23:00:00,0.000000000
17520,2020-09-30 00:00:00,0.000000000
